date,dxy
1/17/2000,104.48
1/24/2000,104.29
1/31/2000,104.19
2/7/2000,104.63
2/14/2000,105.26
2/21/2000,106
2/28/2000,105.71
3/6/2000,105.2
3/13/2000,104.77
3/20/2000,105.44
3/27/2000,105.97
4/3/2000,105.75
4/10/2000,107.45
4/17/2000,110.14
4/24/2000,111.31
5/1/2000,109.9
5/8/2000,111.47
5/15/2000,109.12
5/22/2000,108.12
5/29/2000,106.99
6/5/2000,105.96
6/12/2000,108.01
6/19/2000,106.84
6/26/2000,107.65
7/3/2000,108.45
7/10/2000,108.42
7/17/2000,109.74
7/24/2000,110.85
7/31/2000,111.21
8/7/2000,111.01
8/14/2000,111.35
8/21/2000,111.42
8/28/2000,114.34
9/4/2000,115.94
9/11/2000,113.56
9/18/2000,113.25
9/25/2000,114.85
10/2/2000,115.86
10/9/2000,117.16
10/16/2000,117.39
10/23/2000,114.97
10/30/2000,115.79
11/6/2000,117.31
11/13/2000,118.48
11/20/2000,114.73
11/27/2000,114.05
12/4/2000,112.9
12/11/2000,110.82
12/18/2000,109.56
12/25/2000,108.42
1/1/2001,109.36
1/8/2001,110.66
1/15/2001,111.46
1/22/2001,110.32
1/29/2001,111.52
2/5/2001,112.26
2/12/2001,112.03
2/19/2001,111.17
2/26/2001,111.44
3/5/2001,115.32
3/12/2001,115.94
3/19/2001,117.37
3/26/2001,114.75
4/2/2001,115.54
4/9/2001,114.32
4/16/2001,115.62
4/23/2001,114.93
4/30/2001,116.84
5/7/2001,116.41
5/14/2001,118.18
5/21/2001,118.89
5/28/2001,119.21
6/4/2001,118.29
6/11/2001,118.91
6/18/2001,119.43
6/25/2001,119.9
7/2/2001,119.33
7/9/2001,117.21
7/16/2001,116.94
7/23/2001,116.14
7/30/2001,115.29
8/6/2001,112.99
8/13/2001,113.33
8/20/2001,113.42
8/27/2001,114.05
9/3/2001,114.57
9/10/2001,113.04
9/17/2001,113.48
9/24/2001,112.91
10/1/2001,113.89
10/8/2001,114.86
10/15/2001,115.65
10/22/2001,114.54
10/29/2001,115.09
11/5/2001,116.41
11/12/2001,117.33
11/19/2001,116.13
11/26/2001,116.15
12/3/2001,114.93
12/10/2001,116.98
12/17/2001,117.26
12/24/2001,116.33
12/31/2001,116.64
1/7/2002,117.51
1/14/2002,119.85
1/21/2002,119.79
1/28/2002,118.98
2/4/2002,118.6
2/11/2002,118.48
2/18/2002,119.4
2/25/2002,117.99
3/4/2002,117.22
3/11/2002,118.05
3/18/2002,118.62
3/25/2002,117.69
4/1/2002,117.74
4/8/2002,116.29
4/15/2002,115.04
4/22/2002,113.59
4/29/2002,113.95
5/6/2002,113
5/13/2002,112.8
5/20/2002,111.81
5/27/2002,110.99
6/3/2002,110.76
6/10/2002,108.19
6/17/2002,106.11
6/24/2002,107.67
7/1/2002,105.89
7/8/2002,104.06
7/15/2002,106.61
7/22/2002,106.67
7/29/2002,108.21
8/5/2002,106.72
8/12/2002,107.97
8/19/2002,106.98
8/26/2002,106.84
9/2/2002,108.06
9/9/2002,107.53
9/16/2002,107.53
9/23/2002,107.6
9/30/2002,107.25
10/7/2002,108.52
10/14/2002,107.92
10/21/2002,106.08
10/28/2002,104.5
11/4/2002,105.04
11/11/2002,106.12
11/18/2002,106.41
11/25/2002,105.36
12/2/2002,103.98
12/9/2002,103.46
12/16/2002,102.41
12/23/2002,102.47
12/30/2002,101.23
1/6/2003,100.55
1/13/2003,99.22
1/20/2003,99.91
1/27/2003,99.57
2/3/2003,100.04
2/10/2003,100.09
2/17/2003,99.71
2/24/2003,98.04
3/3/2003,99.99
3/10/2003,101.92
3/17/2003,99.96
3/24/2003,100.45
3/31/2003,100.18
4/7/2003,99.3
4/14/2003,98.36
4/21/2003,96.76
4/28/2003,94.98
5/5/2003,94.08
5/12/2003,93.05
5/19/2003,93.27
5/26/2003,93.48
6/2/2003,92.22
6/9/2003,94.04
6/16/2003,95.15
6/23/2003,94.55
6/30/2003,95.8
7/7/2003,96.86
7/14/2003,94.96
7/21/2003,96.66
7/28/2003,96.36
8/4/2003,96.65
8/11/2003,98.83
8/18/2003,98.1
8/25/2003,97.09
9/1/2003,96.01
9/8/2003,94.96
9/15/2003,93.87
9/22/2003,93.23
9/29/2003,91.52
10/6/2003,92.29
10/13/2003,91.28
10/20/2003,92.73
10/27/2003,93.02
11/3/2003,91.44
11/10/2003,90.6
11/17/2003,90.21
11/24/2003,89.14
12/1/2003,88.49
12/8/2003,88.11
12/15/2003,87.63
12/22/2003,86.92
12/29/2003,85.11
1/5/2004,87.73
1/12/2004,86.56
1/19/2004,87.2
1/26/2004,86.02
2/2/2004,85.56
2/9/2004,87.24
2/16/2004,87.31
2/23/2004,88.18
3/1/2004,89.12
3/8/2004,88.16
3/15/2004,88.89
3/22/2004,88.51
3/29/2004,89.02
4/5/2004,89.94
4/12/2004,91.08
4/19/2004,90.48
4/26/2004,91.13
5/3/2004,91.66
5/10/2004,90.49
5/17/2004,88.95
5/24/2004,88.54
5/31/2004,90.01
6/7/2004,89.08
6/14/2004,88.88
6/21/2004,87.97
6/28/2004,87.42
7/5/2004,87.14
7/12/2004,89.26
7/19/2004,89.96
7/26/2004,88.36
8/2/2004,87.9
8/9/2004,88.12
8/16/2004,89.77
8/23/2004,89.63
8/30/2004,88.39
9/6/2004,88.91
9/13/2004,88.4
9/20/2004,87.63
9/27/2004,87.45
10/4/2004,87.09
10/11/2004,85.87
10/18/2004,84.91
10/25/2004,84.01
11/1/2004,83.69
11/8/2004,83.31
11/15/2004,81.78
11/22/2004,80.98
11/29/2004,82.55
12/6/2004,82.16
12/13/2004,81.22
12/20/2004,80.85
12/27/2004,83.61
1/3/2005,83.06
1/10/2005,83.26
1/17/2005,83.48
1/24/2005,84.39
1/31/2005,84.57
2/7/2005,83.49
2/14/2005,82.66
2/21/2005,82.54
2/28/2005,81.42
3/7/2005,82.13
3/14/2005,84.13
3/21/2005,84.43
3/28/2005,84.47
4/4/2005,84.56
4/11/2005,83.5
4/18/2005,84.43
4/25/2005,84.61
5/2/2005,86.1
5/9/2005,86.63
5/16/2005,86.42
5/23/2005,88.04
5/30/2005,88.69
6/6/2005,87.73
6/13/2005,88.78
6/20/2005,90.13
6/27/2005,90.25
7/4/2005,89.72
7/11/2005,89.64
7/18/2005,89.35
7/25/2005,88.06
8/1/2005,86.98
8/8/2005,88.58
8/15/2005,87.86
8/22/2005,86.3
8/29/2005,86.89
9/5/2005,88.05
9/12/2005,89.21
9/19/2005,89.52
9/26/2005,89.17
10/3/2005,89.35
10/10/2005,90.31
10/17/2005,89.59
10/24/2005,91.26
10/31/2005,91.98
11/7/2005,91.93
11/14/2005,92.04
11/21/2005,91.95
11/28/2005,91.25
12/5/2005,89.7
12/12/2005,90.84
12/19/2005,91.17
12/26/2005,88.85
1/2/2006,88.89
1/9/2006,88.95
1/16/2006,89.32
1/23/2006,89.89
1/30/2006,90.55
2/6/2006,90.64
2/13/2006,90.61
2/20/2006,89.66
2/27/2006,90.85
3/6/2006,88.92
3/13/2006,90.07
3/20/2006,89.73
3/27/2006,89.63
4/3/2006,89.62
4/10/2006,88.05
4/17/2006,86.11
4/24/2006,85.12
5/1/2006,83.96
5/8/2006,84.88
5/15/2006,85.26
5/22/2006,84.05
5/29/2006,85.72
6/5/2006,85.92
6/12/2006,86.82
6/19/2006,85.22
6/26/2006,84.98
7/3/2006,86.09
7/10/2006,85.93
7/17/2006,85.44
7/24/2006,84.57
7/31/2006,85.52
8/7/2006,85.09
8/14/2006,85.38
8/21/2006,84.94
8/28/2006,85.95
9/4/2006,85.99
9/11/2006,85.2
9/18/2006,85.97
9/25/2006,86.44
10/2/2006,87.12
10/9/2006,86.27
10/16/2006,85.56
10/23/2006,85.71
10/30/2006,85.05
11/6/2006,85.37
11/13/2006,83.71
11/20/2006,82.48
11/27/2006,83.33
12/4/2006,84.06
12/11/2006,83.94
12/18/2006,83.72
12/25/2006,84.63
1/1/2007,85.03
1/8/2007,84.86
1/15/2007,85.28
1/22/2007,84.96
1/29/2007,84.87
2/5/2007,84.09
2/12/2007,84.07
2/19/2007,83.74
2/26/2007,84.24
3/5/2007,83.23
3/12/2007,83.28
3/19/2007,82.93
3/26/2007,82.99
4/2/2007,82.13
4/9/2007,81.64
4/16/2007,81.53
4/23/2007,81.74
4/30/2007,82.12
5/7/2007,82.2
5/14/2007,82.33
5/21/2007,82.32
5/28/2007,82.69
6/4/2007,82.85
6/11/2007,82.34
6/18/2007,81.92
6/25/2007,81.47
7/2/2007,80.58
7/9/2007,80.29
7/16/2007,80.95
7/23/2007,80.18
7/30/2007,80.68
8/6/2007,81.43
8/13/2007,80.67
8/20/2007,80.79
8/27/2007,79.96
9/3/2007,79.62
9/10/2007,78.6
9/17/2007,77.72
9/24/2007,78.31
10/1/2007,78.22
10/8/2007,77.41
10/15/2007,77.03
10/22/2007,76.34
10/29/2007,75.4
11/5/2007,75.83
11/12/2007,75.05
11/19/2007,76.15
11/26/2007,76.29
12/3/2007,77.44
12/10/2007,77.72
12/17/2007,76.22
12/24/2007,75.79
12/31/2007,75.98
1/7/2008,76.38
1/14/2008,75.97
1/21/2008,75.44
1/28/2008,76.67
2/4/2008,76.1
2/11/2008,75.52
2/18/2008,73.71
2/25/2008,73.03
3/3/2008,71.66
3/10/2008,72.75
3/17/2008,71.68
3/24/2008,72.02
3/31/2008,71.81
4/7/2008,72.01
4/14/2008,72.79
4/21/2008,73.5
4/28/2008,73.05
5/5/2008,72.84
5/12/2008,71.89
5/19/2008,72.88
5/26/2008,72.39
6/2/2008,74.15
6/9/2008,73.03
6/16/2008,72.36
6/23/2008,72.73
6/30/2008,72.1
7/7/2008,72.19
7/14/2008,72.86
7/21/2008,73.42
7/28/2008,75.84
8/4/2008,77.18
8/11/2008,76.81
8/18/2008,77.38
8/25/2008,78.93
9/1/2008,78.97
9/8/2008,77.68
9/15/2008,76.95
9/22/2008,80.31
9/29/2008,83
10/6/2008,82.41
10/13/2008,86.44
10/20/2008,85.63
10/27/2008,85.91
11/3/2008,86.36
11/10/2008,88.19
11/17/2008,86.52
11/24/2008,87.12
12/1/2008,83.71
12/8/2008,81.07
12/15/2008,80.97
12/22/2008,81.5
12/29/2008,82.48
1/5/2009,84.05
1/12/2009,85.58
1/19/2009,85.83
1/26/2009,85.29
2/2/2009,86.09
2/9/2009,86.59
2/16/2009,88.17
2/23/2009,88.55
3/2/2009,87.25
3/9/2009,83.71
3/16/2009,85.14
3/23/2009,84.18
3/30/2009,85.54
4/6/2009,85.9
4/13/2009,84.72
4/20/2009,84.54
4/27/2009,82.44
5/4/2009,82.95
5/11/2009,80.04
5/18/2009,79.23
5/25/2009,80.67
6/1/2009,80.13
6/8/2009,80.33
6/15/2009,79.9
6/22/2009,80.45
6/29/2009,80.23
7/6/2009,79.35
7/13/2009,78.75
7/20/2009,78.35
7/27/2009,78.97
8/3/2009,78.89
8/10/2009,78.04
8/17/2009,78.37
8/24/2009,78.14
8/31/2009,76.61
9/7/2009,76.42
9/14/2009,76.81
9/21/2009,77
9/28/2009,76.43
10/5/2009,75.6
10/12/2009,75.47
10/19/2009,76.3
10/26/2009,75.82
11/2/2009,75.33
11/9/2009,75.66
11/16/2009,75
11/23/2009,75.91
11/30/2009,76.57
12/7/2009,77.82
12/14/2009,77.64
12/21/2009,77.86
12/28/2009,77.47
1/4/2010,77.32
1/11/2010,78.28
1/18/2010,79.46
1/25/2010,80.44
2/1/2010,80.32
2/8/2010,80.64
2/15/2010,80.36
2/22/2010,80.43
3/1/2010,79.83
3/8/2010,80.72
3/15/2010,81.68
3/22/2010,81.29
3/29/2010,81.09
4/5/2010,80.82
4/12/2010,81.35
4/19/2010,81.87
4/26/2010,84.45
5/3/2010,86.09
5/10/2010,85.37
5/17/2010,86.48
5/24/2010,88.23
5/31/2010,87.51
6/7/2010,85.7
6/14/2010,85.31
6/21/2010,84.43
6/28/2010,83.95
7/5/2010,82.49
7/12/2010,82.46
7/19/2010,81.54
7/26/2010,80.41
8/2/2010,82.95
8/9/2010,83.06
8/16/2010,82.92
8/23/2010,82.1
8/30/2010,82.7
9/6/2010,81.4
9/13/2010,79.39
9/20/2010,78.09
9/27/2010,77.33
10/4/2010,77.04
10/11/2010,77.47
10/18/2010,77.27
10/25/2010,76.55
11/1/2010,78.08
11/8/2010,78.5
11/15/2010,80.36
11/22/2010,79.38
11/29/2010,80.07
12/6/2010,80.37
12/13/2010,80.5
12/20/2010,79.03
12/27/2010,81.01
1/3/2011,79.16
1/10/2011,78.21
1/17/2011,78.13
1/24/2011,78.04
1/31/2011,78.46
2/7/2011,77.66
2/14/2011,77.28
2/21/2011,76.4
2/28/2011,76.78
3/7/2011,75.72
3/14/2011,76.22
3/21/2011,75.83
3/28/2011,75.07
4/4/2011,74.83
4/11/2011,74
4/18/2011,72.93
4/25/2011,74.84
5/2/2011,75.76
5/9/2011,75.44
5/16/2011,74.95
5/23/2011,73.78
5/30/2011,74.8
6/6/2011,74.99
6/13/2011,75.67
6/20/2011,74.35
6/27/2011,75.18
7/4/2011,75.13
7/11/2011,74.2
7/18/2011,73.9
7/25/2011,74.6
8/1/2011,74.61
8/8/2011,74.01
8/15/2011,73.81
8/22/2011,74.76
8/29/2011,77.19
9/5/2011,76.6
9/12/2011,78.5
9/19/2011,78.55
9/26/2011,78.73
10/3/2011,76.62
10/10/2011,76.39
10/17/2011,75.07
10/24/2011,76.96
10/31/2011,76.94
11/7/2011,78.06
11/14/2011,79.69
11/21/2011,78.62
11/28/2011,78.63
12/5/2011,80.26
12/12/2011,79.93
12/19/2011,80.18
12/26/2011,81.25
1/2/2012,81.52
1/9/2012,80.22
1/16/2012,78.9
1/23/2012,78.92
1/30/2012,79.11
2/6/2012,79.33
2/13/2012,78.35
2/20/2012,79.4
2/27/2012,80.04
3/5/2012,79.79
3/12/2012,79.34
3/19/2012,79
3/26/2012,79.89
4/2/2012,79.89
4/9/2012,79.19
4/16/2012,78.71
4/23/2012,79.5
4/30/2012,80.26
5/7/2012,81.29
5/14/2012,82.4
5/21/2012,82.89
5/28/2012,82.51
6/4/2012,81.63
6/11/2012,82.26
6/18/2012,81.63
6/25/2012,83.38
7/2/2012,83.35
7/9/2012,83.48
7/16/2012,82.71
7/23/2012,82.38
7/30/2012,82.55
8/6/2012,82.6
8/13/2012,81.59
8/20/2012,81.21
8/27/2012,80.25
9/3/2012,78.85
9/10/2012,79.33
9/17/2012,79.94
9/24/2012,79.34
10/1/2012,79.67
10/8/2012,79.62
10/15/2012,80.07
10/22/2012,80.59
10/29/2012,81.03
11/5/2012,81.26
11/12/2012,80.19
11/19/2012,80.15
11/26/2012,80.41
12/3/2012,79.58
12/10/2012,79.62
12/17/2012,79.68
12/24/2012,80.5
12/31/2012,79.56
1/7/2013,80.04
1/14/2013,79.75
1/21/2013,79.21
1/28/2013,80.21
2/4/2013,80.58
2/11/2013,81.46
2/18/2013,82.28
2/25/2013,82.72
3/4/2013,82.13
3/11/2013,82.53
3/18/2013,83.22
3/25/2013,82.5
4/1/2013,82.13
4/8/2013,82.71
4/15/2013,82.47
4/22/2013,82.1
4/29/2013,83.14
5/6/2013,84.25
5/13/2013,83.7
5/20/2013,83.26
5/27/2013,81.67
6/3/2013,80.62
6/10/2013,82.41
6/17/2013,83.14
6/24/2013,84.44
7/1/2013,82.99
7/8/2013,82.62
7/15/2013,81.66
7/22/2013,81.91
7/29/2013,81.13
8/5/2013,81.26
8/12/2013,81.36
8/19/2013,82.09
8/26/2013,82.15
9/2/2013,81.45
9/9/2013,80.43
9/16/2013,80.29
9/23/2013,80.13
9/30/2013,80.41
10/7/2013,79.65
10/14/2013,79.19
10/21/2013,80.72
10/28/2013,81.3
11/4/2013,80.85
11/11/2013,80.71
11/18/2013,80.68
11/25/2013,80.31
12/2/2013,80.21
12/9/2013,80.58
12/16/2013,80.39
12/23/2013,80.79
12/30/2013,80.66
1/6/2014,81.22
1/13/2014,80.46
1/20/2014,81.31
1/27/2014,80.69
2/3/2014,80.15
2/10/2014,80.24
2/17/2014,79.69
2/24/2014,79.72
3/3/2014,79.45
3/10/2014,80.11
3/17/2014,80.18
3/24/2014,80.42
3/31/2014,79.45
4/7/2014,79.83
4/14/2014,79.75
4/21/2014,79.52
4/28/2014,79.9
5/5/2014,80.04
5/12/2014,80.39
5/19/2014,80.37
5/26/2014,80.41
6/2/2014,80.58
6/9/2014,80.37
6/16/2014,80.02
6/23/2014,80.27
6/30/2014,80.19
7/7/2014,80.52
7/14/2014,81.03
7/21/2014,81.3
7/28/2014,81.45
8/4/2014,81.42
8/11/2014,82.34
8/18/2014,82.75
8/25/2014,83.74
9/1/2014,84.24
9/8/2014,84.73
9/15/2014,85.64
9/22/2014,86.69
9/29/2014,85.91
10/6/2014,85.11
10/13/2014,85.73
10/20/2014,86.92
10/27/2014,87.64
11/3/2014,87.53
11/10/2014,88.31
11/17/2014,88.36
11/24/2014,89.33
12/1/2014,88.36
12/8/2014,89.6
12/15/2014,90.03
12/22/2014,91.08
12/29/2014,91.94
1/5/2015,92.52
1/12/2015,94.76
1/19/2015,94.8
1/26/2015,95.85
2/2/2015,94.2
2/9/2015,94.34
2/16/2015,95.32
2/23/2015,97.61
3/2/2015,100.33
3/9/2015,97.91
3/16/2015,97.29
3/23/2015,96.55
3/30/2015,99.34
4/6/2015,97.52
4/13/2015,96.92
4/20/2015,95.3
4/27/2015,94.79
5/4/2015,93.14
5/11/2015,96.11
5/18/2015,96.91
5/25/2015,96.31
6/1/2015,94.97
6/8/2015,94.08
6/15/2015,95.47
6/22/2015,96.11
6/29/2015,96.03
7/6/2015,97.86
7/13/2015,97.24
7/20/2015,97.34
7/27/2015,97.56
8/3/2015,96.52
8/10/2015,95.01
8/17/2015,96.11
8/24/2015,96.23
8/31/2015,95.19
9/7/2015,94.86
9/14/2015,96.27
9/21/2015,95.83
9/28/2015,94.81
10/5/2015,94.54
10/12/2015,97.13
10/19/2015,96.95
10/26/2015,99.17
11/2/2015,99
11/9/2015,99.56
11/16/2015,100.02
11/23/2015,98.35
11/30/2015,97.56
12/7/2015,98.7
12/14/2015,97.98
12/21/2015,98.63
12/28/2015,98.54
1/4/2016,98.96
1/11/2016,99.57
1/18/2016,99.61
1/25/2016,97.03
2/1/2016,95.94
2/8/2016,96.6
2/15/2016,98.15
2/22/2016,97.34
2/29/2016,96.17
3/7/2016,95.09
3/14/2016,96.14
3/21/2016,94.62
3/28/2016,94.23
4/4/2016,94.7
4/11/2016,95.12
4/18/2016,93.08
4/25/2016,93.89
5/2/2016,94.61
5/9/2016,95.33
5/16/2016,95.52
5/23/2016,94.03
5/30/2016,94.57
6/6/2016,94.21
6/13/2016,95.45
6/20/2016,95.65
6/27/2016,96.3
7/4/2016,96.58
7/11/2016,97.47
7/18/2016,95.53
7/25/2016,96.19
8/1/2016,95.72
8/8/2016,94.51
8/15/2016,95.57
8/22/2016,95.84
8/29/2016,95.34
9/5/2016,96.11
9/12/2016,95.48
9/19/2016,95.46
9/26/2016,96.63
10/3/2016,98.02
10/10/2016,98.69
10/17/2016,98.35
10/24/2016,97.06
10/31/2016,99.06
11/7/2016,101.21
11/14/2016,101.49
11/21/2016,100.77
11/28/2016,101.59
12/5/2016,102.95
12/12/2016,103.01
12/19/2016,102.21
12/26/2016,102.22
1/2/2017,101.18
1/9/2017,100.74
1/16/2017,100.53
1/23/2017,99.87
1/30/2017,100.8
2/6/2017,100.95
2/13/2017,101.09
2/20/2017,101.54
2/27/2017,101.25
3/6/2017,100.3
3/13/2017,99.63
3/20/2017,100.35
3/27/2017,101.18
4/3/2017,100.56
4/10/2017,99.98
4/17/2017,99.05
4/24/2017,98.65
5/1/2017,99.25
5/8/2017,97.14
5/15/2017,97.44
5/22/2017,96.72
5/29/2017,97.27
6/5/2017,97.16
6/12/2017,97.26
6/19/2017,95.63
6/26/2017,96.01
7/3/2017,95.15
7/10/2017,93.86
7/17/2017,93.26
7/24/2017,93.54
7/31/2017,93.07
8/7/2017,93.43
8/14/2017,92.74
8/21/2017,92.81
8/28/2017,91.35
9/4/2017,91.87
9/11/2017,92.17
9/18/2017,93.08
9/25/2017,93.8
10/2/2017,93.09
10/9/2017,93.7
10/16/2017,94.92
10/23/2017,94.94
10/30/2017,94.39
11/6/2017,93.66
11/13/2017,92.78
11/20/2017,92.89
11/27/2017,93.9
12/4/2017,93.93
12/11/2017,93.35
12/18/2017,92.12
12/25/2017,91.95
1/1/2018,90.97
1/8/2018,90.57
1/15/2018,89.07
1/22/2018,89.19
1/29/2018,90.44
2/5/2018,89.1
2/12/2018,89.88
2/19/2018,89.94
2/26/2018,90.09
3/5/2018,90.23
3/12/2018,89.48
3/19/2018,89.97
3/26/2018,90.11
4/2/2018,89.8
4/9/2018,90.32
4/16/2018,91.54
4/23/2018,92.57
4/30/2018,92.54
5/7/2018,93.64
5/14/2018,94.19
5/21/2018,94.19
5/28/2018,93.55
6/4/2018,94.79
6/11/2018,94.52
6/18/2018,94.64
6/25/2018,94.04
7/2/2018,94.75
7/9/2018,94.45
7/16/2018,94.67
7/23/2018,95.14
7/30/2018,96.36
8/6/2018,96.1
8/13/2018,95.15
8/20/2018,95.14
8/27/2018,95.36
9/3/2018,94.93
9/10/2018,94.22
9/17/2018,95.13
9/24/2018,95.62
10/1/2018,95.22
10/8/2018,95.71
10/15/2018,96.36
10/22/2018,96.54
10/29/2018,96.91
11/5/2018,96.47
11/12/2018,96.92
11/19/2018,97.27
11/26/2018,96.51
12/3/2018,97.44
12/10/2018,96.96
12/17/2018,96.4
12/24/2018,96.18
12/31/2018,95.67
1/7/2019,96.34
1/14/2019,95.79
1/21/2019,95.58
1/28/2019,96.64
2/4/2019,96.9
2/11/2019,96.51
2/18/2019,96.53
2/25/2019,97.31
3/4/2019,96.59
3/11/2019,96.65
3/18/2019,97.28
3/25/2019,97.39
4/1/2019,96.97
4/8/2019,97.38
4/15/2019,98.01
4/22/2019,97.52
4/29/2019,97.33
5/6/2019,98
5/13/2019,97.61
5/20/2019,97.75
5/27/2019,96.54
6/3/2019,97.57
6/10/2019,96.22
6/17/2019,96.13
6/24/2019,97.29
7/1/2019,96.81
7/8/2019,97.15
7/15/2019,98.01
7/22/2019,98.07
7/29/2019,97.49
8/5/2019,98.14
8/12/2019,97.64
8/19/2019,98.92
8/26/2019,98.39
9/2/2019,98.26
9/9/2019,98.51
9/16/2019,99.11
9/23/2019,98.81
9/30/2019,98.3
10/7/2019,97.28
10/14/2019,97.83
10/21/2019,97.24
10/28/2019,98.35
11/4/2019,98
11/11/2019,98.27
11/18/2019,98.27
11/25/2019,97.7
12/2/2019,97.17
12/9/2019,97.69
12/16/2019,96.92
12/23/2019,96.84
12/30/2019,97.36
1/6/2020,97.64
1/13/2020,97.85
1/20/2020,97.39
1/27/2020,98.68
2/3/2020,99.12
2/10/2020,99.26
2/17/2020,98.13
2/24/2020,95.95
3/2/2020,98.75
3/9/2020,102.82
3/16/2020,98.36
3/23/2020,100.58
3/30/2020,99.52
4/6/2020,99.78
4/13/2020,100.38
4/20/2020,99.08
4/27/2020,99.73
5/4/2020,100.4
5/11/2020,99.86
5/18/2020,98.34
5/25/2020,96.94
6/1/2020,97.32
6/8/2020,97.62
6/15/2020,97.43
6/22/2020,97.17
6/29/2020,96.65
7/6/2020,95.94
7/13/2020,94.44
7/20/2020,93.35
7/27/2020,93.44
8/3/2020,93.1
8/10/2020,93.25
8/17/2020,92.37
8/24/2020,92.72
8/31/2020,93.33
9/7/2020,92.93
9/14/2020,94.64
9/21/2020,93.84
9/28/2020,93.06
10/5/2020,93.68
10/12/2020,92.77
10/19/2020,94.04
10/26/2020,92.23
11/2/2020,92.75
11/9/2020,92.39
11/16/2020,91.79
11/23/2020,90.7
11/30/2020,90.98
12/7/2020,90.02
12/14/2020,90.32
12/21/2020,89.94
12/28/2020,90.1
1/4/2021,90.77
1/11/2021,90.24
1/18/2021,90.58
1/25/2021,91.04
2/1/2021,90.48
2/8/2021,90.36
2/15/2021,90.88
2/22/2021,91.98
3/1/2021,91.68
3/8/2021,91.92
3/15/2021,92.77
3/22/2021,93.02
3/29/2021,92.16
4/5/2021,91.56
4/12/2021,90.86
4/19/2021,91.28
4/26/2021,90.23
5/3/2021,90.32
5/10/2021,90.02
5/17/2021,90.03
5/24/2021,90.14
5/31/2021,90.56
6/7/2021,92.22
6/14/2021,91.85
6/21/2021,92.23
6/28/2021,92.13
7/5/2021,92.69
7/12/2021,92.91
7/19/2021,92.17
7/26/2021,92.8
8/2/2021,92.52
8/9/2021,93.5
8/16/2021,92.69
8/23/2021,92.03
8/30/2021,92.58
9/6/2021,93.19
9/13/2021,93.33
9/20/2021,94.03
9/27/2021,94.07
10/4/2021,93.94
10/11/2021,93.64
10/18/2021,94.12
10/25/2021,94.32
11/1/2021,95.13
11/8/2021,96.03
11/15/2021,96.09
11/22/2021,96.12
11/29/2021,96.1
12/6/2021,96.56
12/13/2021,96.02
12/20/2021,95.97
12/27/2021,95.72
1/3/2022,95.17
1/10/2022,95.64
1/17/2022,97.27
1/24/2022,95.48
1/31/2022,96.08
2/7/2022,96.04
2/14/2022,96.61
2/21/2022,98.65
2/28/2022,99.12
3/7/2022,98.23
3/14/2022,98.79
3/21/2022,98.63
3/28/2022,99.8
4/4/2022,100.32
4/11/2022,101.22
4/18/2022,102.96
4/25/2022,103.66
5/2/2022,104.56
5/9/2022,103.15
5/16/2022,101.67
5/23/2022,102.14
5/30/2022,104.15
6/6/2022,104.7
6/13/2022,104.19
6/20/2022,105.14
6/27/2022,107.01
7/4/2022,108.06
7/11/2022,106.73
7/18/2022,105.9
7/25/2022,106.62
8/1/2022,105.63
8/8/2022,108.17
8/15/2022,108.8
8/22/2022,109.53
8/29/2022,109
9/5/2022,109.76
9/12/2022,113.19
9/19/2022,112.12
9/26/2022,112.8
10/3/2022,113.31
10/10/2022,112.01
10/17/2022,110.75
10/24/2022,110.88
10/31/2022,106.29
11/7/2022,106.93
11/14/2022,105.96
11/21/2022,104.55
11/28/2022,104.81
12/5/2022,104.7
12/12/2022,104.31
12/19/2022,103.52
12/26/2022,103.88
1/2/2023,102.2
1/9/2023,102.01
1/16/2023,101.93
1/23/2023,102.92
1/30/2023,103.63
2/6/2023,103.86
2/13/2023,105.21
2/20/2023,104.52
2/27/2023,104.58
3/6/2023,103.71
3/13/2023,103.12
3/20/2023,102.51
3/27/2023,102.09
4/3/2023,101.55
4/10/2023,101.82
4/17/2023,101.66
4/24/2023,101.21
5/1/2023,102.68
5/8/2023,103.2
5/15/2023,104.21
5/22/2023,104.02
5/29/2023,103.56
6/5/2023,102.24
6/12/2023,102.9
6/19/2023,102.91
6/26/2023,102.27
7/3/2023,99.91
7/10/2023,101.07
7/17/2023,101.62
7/24/2023,102.02
7/31/2023,102.84
8/7/2023,103.38
8/14/2023,104.08
8/21/2023,104.24
8/28/2023,105.09
9/4/2023,105.32
9/11/2023,105.58
9/18/2023,106.22
9/25/2023,106.04
10/2/2023,106.65
10/9/2023,106.16
10/16/2023,106.56
10/23/2023,105.02
10/30/2023,105.86
11/6/2023,103.92
11/13/2023,103.4
11/20/2023,103.27
11/27/2023,104.01
12/4/2023,102.55
12/11/2023,101.7
12/18/2023,101.33
12/25/2023,102.41
1/1/2024,102.4
1/8/2024,103.29
1/15/2024,103.43
1/22/2024,103.92
1/29/2024,104.11
2/5/2024,104.3
2/12/2024,103.94
2/19/2024,103.86
2/26/2024,102.71
3/4/2024,103.43
3/11/2024,104.47
3/18/2024,104.55
3/25/2024,104.3
4/1/2024,106.04
4/8/2024,106.15
4/15/2024,105.94
4/22/2024,105.03
4/29/2024,105.3
5/6/2024,104.44
5/13/2024,104.72
5/20/2024,104.67
5/27/2024,104.89
6/3/2024,105.55
6/10/2024,105.8
6/17/2024,105.87
6/24/2024,104.88
7/1/2024,104.09
7/8/2024,104.4
7/15/2024,104.32
7/22/2024,103.21
7/29/2024,103.14
8/5/2024,102.46
8/12/2024,100.72
8/19/2024,101.7
8/26/2024,101.18
9/2/2024,101.11
9/9/2024,100.72
9/16/2024,100.38
9/23/2024,102.52
9/30/2024,102.89
10/7/2024,103.49
10/14/2024,104.26
10/21/2024,104.28
10/28/2024,105
11/4/2024,106.69
11/11/2024,107.55
11/18/2024,105.74
11/25/2024,106.06
12/2/2024,107
12/9/2024,107.62
12/16/2024,108
12/23/2024,108.95
12/30/2024,109.65
1/6/2025,109.35
1/13/2025,107.44
1/20/2025,108.37
1/27/2025,108.04
2/3/2025,106.71
2/10/2025,106.61
2/17/2025,107.61
2/24/2025,103.84
3/3/2025,103.72
3/10/2025,104.09
3/17/2025,104.04
3/24/2025,103.02
3/31/2025,100.1
4/7/2025,99.38
4/14/2025,99.47
4/21/2025,100.03
4/28/2025,100.34
5/5/2025,101.09
5/12/2025,99.11
5/19/2025,99.33
5/26/2025,99.19
6/2/2025,98.18
6/9/2025,98.71
6/16/2025,97.4
6/23/2025,96.96
6/30/2025,97.85
7/7/2025,98.48
7/14/2025,97.64
7/21/2025,99.14
7/28/2025,98.18
8/4/2025,97.85
8/11/2025,97.72
8/18/2025,97.77
8/25/2025,97.77
9/1/2025,97.55
9/8/2025,97.64
9/15/2025,98.15
9/22/2025,97.72
9/29/2025,98.98
10/6/2025,98.43
10/13/2025,98.95
10/20/2025,99.8
10/27/2025,99.6
11/3/2025,99.3
11/10/2025,100.18
11/17/2025,99.44
11/24/2025,98.99
12/1/2025,98.4
12/8/2025,98.6
12/15/2025,98.02
12/22/2025,98.42
12/29/2025,99.13
1/5/2026,99.39
1/12/2026,97.6
1/19/2026,96.99
1/26/2026,97.63
2/2/2026,96.92
2/9/2026,97.8
2/16/2026,97.61
2/23/2026,98.99
3/2/2026,100.36
3/9/2026,99.65
3/16/2026,100.15
3/23/2026,100.22
3/30/2026,98.65
4/6/2026,98.1
4/13/2026,98.53
4/20/2026,98.16
4/27/2026,97.9
5/4/2026,99.28
5/11/2026,99.24
5/18/2026,98.91
5/25/2026,100.07
6/1/2026,99.75
6/8/2026,100.85
6/15/2026,101.36
6/22/2026,100.86
6/29/2026,100.95
7/6/2026,100.76
7/13/2026,101.47
7/20/2026,99.91
7/27/2026,99.54
8/3/2026,99.67
8/10/2026,98.8
8/17/2026,99.7
8/24/2026,99.18
8/31/2026,99.12
9/7/2026,100.22
9/14/2026,100.59
