date,gspc
1/17/2000,1360.20
1/24/2000,1424.40
1/31/2000,1387.10
2/7/2000,1346.10
2/14/2000,1333.40
2/21/2000,1409.20
2/28/2000,1395.10
3/6/2000,1464.50
3/13/2000,1527.50
3/20/2000,1498.60
3/27/2000,1516.30
4/3/2000,1356.60
4/10/2000,1434.50
4/17/2000,1452.40
4/24/2000,1432.60
5/1/2000,1421.00
5/8/2000,1407.00
5/15/2000,1378.00
5/22/2000,1477.30
5/29/2000,1457.00
6/5/2000,1464.50
6/12/2000,1441.50
6/19/2000,1454.60
6/26/2000,1478.90
7/3/2000,1510.00
7/10/2000,1480.20
7/17/2000,1419.90
7/24/2000,1462.90
7/31/2000,1471.80
8/7/2000,1491.70
8/14/2000,1506.50
8/21/2000,1520.80
8/28/2000,1494.50
9/4/2000,1465.80
9/11/2000,1448.70
9/18/2000,1436.50
9/25/2000,1409.00
10/2/2000,1374.20
10/9/2000,1396.90
10/16/2000,1379.60
10/23/2000,1426.70
10/30/2000,1366.00
11/6/2000,1367.70
11/13/2000,1341.80
11/20/2000,1315.20
11/27/2000,1369.90
12/4/2000,1312.20
12/11/2000,1306.00
12/18/2000,1320.30
12/25/2000,1298.30
1/1/2001,1318.30
1/8/2001,1342.50
1/15/2001,1355.00
1/22/2001,1349.50
1/29/2001,1314.80
2/5/2001,1301.50
2/12/2001,1245.90
2/19/2001,1234.20
2/26/2001,1233.40
3/5/2001,1150.50
3/12/2001,1139.80
3/19/2001,1160.30
3/26/2001,1128.40
4/2/2001,1183.50
4/9/2001,1243.00
4/16/2001,1253.00
4/23/2001,1266.60
4/30/2001,1245.70
5/7/2001,1292.00
5/14/2001,1277.90
5/21/2001,1260.70
5/28/2001,1265.00
6/4/2001,1214.40
6/11/2001,1225.30
6/18/2001,1224.40
6/25/2001,1190.60
7/2/2001,1215.70
7/9/2001,1210.80
7/16/2001,1205.80
7/23/2001,1214.30
7/30/2001,1190.20
8/6/2001,1162.00
8/13/2001,1184.90
8/20/2001,1133.60
8/27/2001,1085.80
9/3/2001,1092.50
9/10/2001,965.80
9/17/2001,1040.90
9/24/2001,1071.40
10/1/2001,1091.70
10/8/2001,1073.50
10/15/2001,1104.60
10/22/2001,1087.20
10/29/2001,1120.30
11/5/2001,1138.70
11/12/2001,1150.30
11/19/2001,1139.50
11/26/2001,1158.30
12/3/2001,1123.10
12/10/2001,1144.90
12/17/2001,1161.00
12/24/2001,1172.50
12/31/2001,1145.60
1/7/2002,1127.60
1/14/2002,1133.30
1/21/2002,1122.20
1/28/2002,1096.20
2/4/2002,1104.20
2/11/2002,1089.80
2/18/2002,1131.80
2/25/2002,1164.30
3/4/2002,1166.20
3/11/2002,1148.70
3/18/2002,1147.40
3/25/2002,1122.70
4/1/2002,1111.00
4/8/2002,1125.20
4/15/2002,1076.30
4/22/2002,1073.40
4/29/2002,1055.00
5/6/2002,1106.60
5/13/2002,1083.80
5/20/2002,1067.10
5/27/2002,1027.50
6/3/2002,1007.30
6/10/2002,989.10
6/17/2002,989.80
6/24/2002,989.00
7/1/2002,921.40
7/8/2002,847.80
7/15/2002,852.80
7/22/2002,864.20
7/29/2002,908.60
8/5/2002,928.80
8/12/2002,940.90
8/19/2002,916.10
8/26/2002,893.90
9/2/2002,889.80
9/9/2002,845.40
9/16/2002,827.40
9/23/2002,800.60
9/30/2002,835.30
10/7/2002,884.40
10/14/2002,897.60
10/21/2002,901.00
10/28/2002,894.70
11/4/2002,909.80
11/11/2002,930.50
11/18/2002,936.30
11/25/2002,912.20
12/2/2002,889.50
12/9/2002,895.80
12/16/2002,875.40
12/23/2002,908.60
12/30/2002,927.60
1/6/2003,901.80
1/13/2003,861.40
1/20/2003,855.70
1/27/2003,829.70
2/3/2003,834.90
2/10/2003,848.20
2/17/2003,841.10
2/24/2003,828.90
3/3/2003,833.30
3/10/2003,895.80
3/17/2003,863.50
3/24/2003,878.90
3/31/2003,868.30
4/7/2003,893.60
4/14/2003,898.80
4/21/2003,930.10
4/28/2003,933.40
5/5/2003,944.30
5/12/2003,933.20
5/19/2003,963.60
5/26/2003,987.80
6/2/2003,988.60
6/9/2003,995.70
6/16/2003,976.20
6/23/2003,985.70
6/30/2003,998.10
7/7/2003,993.30
7/14/2003,998.70
7/21/2003,980.10
7/28/2003,977.60
8/4/2003,990.70
8/11/2003,993.10
8/18/2003,1008.00
8/25/2003,1021.40
9/1/2003,1018.60
9/8/2003,1036.30
9/15/2003,996.90
9/22/2003,1029.80
9/29/2003,1038.10
10/6/2003,1039.30
10/13/2003,1028.90
10/20/2003,1050.70
10/27/2003,1053.20
11/3/2003,1050.30
11/10/2003,1035.30
11/17/2003,1058.20
11/24/2003,1061.50
12/1/2003,1074.10
12/8/2003,1088.70
12/15/2003,1095.90
12/22/2003,1108.50
12/29/2003,1121.90
1/5/2004,1139.80
1/12/2004,1141.50
1/19/2004,1131.10
1/26/2004,1142.80
2/2/2004,1145.80
2/9/2004,1144.10
2/16/2004,1144.90
2/23/2004,1156.90
3/1/2004,1120.60
3/8/2004,1109.80
3/15/2004,1108.10
3/22/2004,1141.80
3/29/2004,1139.30
4/5/2004,1134.60
4/12/2004,1140.60
4/19/2004,1107.30
4/26/2004,1098.70
5/3/2004,1095.70
5/10/2004,1093.60
5/17/2004,1120.70
5/24/2004,1122.50
5/31/2004,1136.50
6/7/2004,1135.00
6/14/2004,1134.40
6/21/2004,1125.40
6/28/2004,1112.80
7/5/2004,1101.40
7/12/2004,1086.20
7/19/2004,1101.70
7/26/2004,1064.00
8/2/2004,1064.80
8/9/2004,1098.30
8/16/2004,1107.80
8/23/2004,1113.60
8/30/2004,1123.90
9/6/2004,1128.50
9/13/2004,1110.10
9/20/2004,1131.50
9/27/2004,1122.10
10/4/2004,1108.20
10/11/2004,1095.70
10/18/2004,1130.20
10/25/2004,1166.20
11/1/2004,1184.20
11/8/2004,1170.30
11/15/2004,1182.70
11/22/2004,1191.20
11/29/2004,1188.00
12/6/2004,1194.20
12/13/2004,1210.10
12/20/2004,1211.90
12/27/2004,1186.20
1/3/2005,1184.50
1/10/2005,1167.90
1/17/2005,1171.40
1/24/2005,1203.00
1/31/2005,1205.30
2/7/2005,1201.60
2/14/2005,1211.40
2/21/2005,1222.10
2/28/2005,1200.10
3/7/2005,1189.70
3/14/2005,1171.40
3/21/2005,1172.90
3/28/2005,1181.20
4/4/2005,1142.60
4/11/2005,1152.10
4/18/2005,1156.80
4/25/2005,1171.30
5/2/2005,1154.00
5/9/2005,1189.30
5/16/2005,1198.80
5/23/2005,1196.00
5/30/2005,1198.10
6/6/2005,1217.00
6/13/2005,1191.60
6/20/2005,1194.40
6/27/2005,1211.90
7/4/2005,1227.90
7/11/2005,1233.70
7/18/2005,1234.20
7/25/2005,1226.40
8/1/2005,1230.40
8/8/2005,1219.70
8/15/2005,1205.10
8/22/2005,1218.00
8/29/2005,1241.50
9/5/2005,1237.90
9/12/2005,1215.30
9/19/2005,1228.80
9/26/2005,1195.90
10/3/2005,1186.60
10/10/2005,1179.60
10/17/2005,1198.40
10/24/2005,1220.10
10/31/2005,1234.70
11/7/2005,1248.30
11/14/2005,1268.20
11/21/2005,1265.10
11/28/2005,1259.40
12/5/2005,1267.30
12/12/2005,1268.70
12/19/2005,1248.30
12/26/2005,1285.50
1/2/2006,1287.60
1/9/2006,1261.50
1/16/2006,1283.70
1/23/2006,1264.00
1/30/2006,1267.00
2/6/2006,1287.20
2/13/2006,1289.40
2/20/2006,1287.20
2/27/2006,1281.60
3/6/2006,1307.20
3/13/2006,1303.00
3/20/2006,1294.80
3/27/2006,1295.50
4/3/2006,1289.10
4/10/2006,1311.30
4/17/2006,1310.60
4/24/2006,1325.80
5/1/2006,1291.20
5/8/2006,1267.00
5/15/2006,1280.20
5/22/2006,1288.20
5/29/2006,1252.30
6/5/2006,1251.50
6/12/2006,1244.50
6/19/2006,1270.20
6/26/2006,1265.50
7/3/2006,1236.20
7/10/2006,1240.30
7/17/2006,1278.50
7/24/2006,1279.40
7/31/2006,1266.70
8/7/2006,1302.30
8/14/2006,1295.10
8/21/2006,1311.00
8/28/2006,1298.90
9/4/2006,1319.90
9/11/2006,1314.80
9/18/2006,1335.80
9/25/2006,1349.60
10/2/2006,1365.60
10/9/2006,1368.60
10/16/2006,1377.30
10/23/2006,1364.30
10/30/2006,1380.90
11/6/2006,1401.20
11/13/2006,1401.00
11/20/2006,1396.70
11/27/2006,1409.80
12/4/2006,1427.10
12/11/2006,1410.80
12/18/2006,1418.30
12/25/2006,1409.70
1/1/2007,1430.70
1/8/2007,1430.50
1/15/2007,1422.20
1/22/2007,1448.40
1/29/2007,1438.10
2/5/2007,1455.50
2/12/2007,1451.20
2/19/2007,1387.20
2/26/2007,1402.80
3/5/2007,1387.00
3/12/2007,1436.10
3/19/2007,1420.90
3/26/2007,1443.80
4/2/2007,1452.80
4/9/2007,1484.30
4/16/2007,1494.10
4/23/2007,1505.60
4/30/2007,1505.80
5/7/2007,1522.80
5/14/2007,1515.70
5/21/2007,1536.30
5/28/2007,1507.70
6/4/2007,1532.90
6/11/2007,1502.60
6/18/2007,1503.30
6/25/2007,1530.40
7/2/2007,1552.50
7/9/2007,1534.10
7/16/2007,1459.00
7/23/2007,1433.10
7/30/2007,1453.60
8/6/2007,1445.90
8/13/2007,1479.40
8/20/2007,1474.00
8/27/2007,1453.50
9/3/2007,1484.20
9/10/2007,1525.80
9/17/2007,1526.80
9/24/2007,1557.60
10/1/2007,1561.80
10/8/2007,1500.60
10/15/2007,1535.30
10/22/2007,1509.70
10/29/2007,1453.70
11/5/2007,1458.70
11/12/2007,1440.70
11/19/2007,1481.10
11/26/2007,1504.70
12/3/2007,1468.00
12/10/2007,1484.50
12/17/2007,1478.50
12/24/2007,1411.60
12/31/2007,1401.00
1/7/2008,1325.20
1/14/2008,1330.60
1/21/2008,1395.40
1/28/2008,1331.30
2/4/2008,1350.00
2/11/2008,1353.10
2/18/2008,1330.60
2/25/2008,1293.40
3/3/2008,1288.10
3/10/2008,1329.50
3/17/2008,1315.20
3/24/2008,1370.40
3/31/2008,1332.80
4/7/2008,1390.30
4/14/2008,1397.80
4/21/2008,1413.90
4/28/2008,1388.30
5/5/2008,1425.30
5/12/2008,1375.90
5/19/2008,1400.40
5/26/2008,1360.70
6/2/2008,1360.00
6/9/2008,1317.90
6/16/2008,1278.40
6/23/2008,1262.90
6/30/2008,1239.50
7/7/2008,1260.70
7/14/2008,1257.80
7/21/2008,1260.30
7/28/2008,1296.30
8/4/2008,1298.20
8/11/2008,1292.20
8/18/2008,1282.80
8/25/2008,1242.30
9/1/2008,1251.70
9/8/2008,1255.10
9/15/2008,1213.00
9/22/2008,1099.20
9/29/2008,899.20
10/6/2008,940.50
10/13/2008,876.80
10/20/2008,968.80
10/27/2008,931.00
11/3/2008,873.30
11/10/2008,800.00
11/17/2008,896.20
11/24/2008,876.10
12/1/2008,879.70
12/8/2008,887.90
12/15/2008,872.80
12/22/2008,931.80
12/29/2008,890.40
1/5/2009,850.10
1/12/2009,832.00
1/19/2009,825.90
1/26/2009,868.60
2/2/2009,826.80
2/9/2009,770.00
2/16/2009,735.10
2/23/2009,683.40
3/2/2009,756.50
3/9/2009,768.50
3/16/2009,815.90
3/23/2009,842.50
3/30/2009,856.60
4/6/2009,869.60
4/13/2009,866.20
4/20/2009,877.50
4/27/2009,929.20
5/4/2009,882.90
5/11/2009,887.00
5/18/2009,919.10
5/25/2009,940.10
6/1/2009,946.20
6/8/2009,921.20
6/15/2009,918.90
6/22/2009,896.40
6/29/2009,879.10
7/6/2009,940.40
7/13/2009,979.30
7/20/2009,987.50
7/27/2009,1010.50
8/3/2009,1004.10
8/10/2009,1026.10
8/17/2009,1028.90
8/24/2009,1016.40
8/31/2009,1042.70
9/7/2009,1068.30
9/14/2009,1044.40
9/21/2009,1025.20
9/28/2009,1071.50
10/5/2009,1087.70
10/12/2009,1079.60
10/19/2009,1036.20
10/26/2009,1069.30
11/2/2009,1093.50
11/9/2009,1091.40
11/16/2009,1091.50
11/23/2009,1106.00
11/30/2009,1106.40
12/7/2009,1102.50
12/14/2009,1126.50
12/21/2009,1115.10
12/28/2009,1145.00
1/4/2010,1136.00
1/11/2010,1091.80
1/18/2010,1073.90
1/25/2010,1066.20
2/1/2010,1075.50
2/8/2010,1109.20
2/15/2010,1104.50
2/22/2010,1138.70
3/1/2010,1150.00
3/8/2010,1159.90
3/15/2010,1166.60
3/22/2010,1178.10
3/29/2010,1194.40
4/5/2010,1192.10
4/12/2010,1217.30
4/19/2010,1186.70
4/26/2010,1110.90
5/3/2010,1135.70
5/10/2010,1087.70
5/17/2010,1089.40
5/24/2010,1064.90
5/31/2010,1091.60
6/7/2010,1117.50
6/14/2010,1076.80
6/21/2010,1022.60
6/28/2010,1078.00
7/5/2010,1064.90
7/12/2010,1102.70
7/19/2010,1101.60
7/26/2010,1121.60
8/2/2010,1079.20
8/9/2010,1071.70
8/16/2010,1064.60
8/23/2010,1104.50
8/30/2010,1109.50
9/6/2010,1125.60
9/13/2010,1148.70
9/20/2010,1146.20
9/27/2010,1165.20
10/4/2010,1176.20
10/11/2010,1183.10
10/18/2010,1183.30
10/25/2010,1225.80
11/1/2010,1199.20
11/8/2010,1199.70
11/15/2010,1189.40
11/22/2010,1224.70
11/29/2010,1240.40
12/6/2010,1243.90
12/13/2010,1256.80
12/20/2010,1257.60
12/27/2010,1271.50
1/3/2011,1293.20
1/10/2011,1283.30
1/17/2011,1276.30
1/24/2011,1310.90
1/31/2011,1329.20
2/7/2011,1343.00
2/14/2011,1319.90
2/21/2011,1321.20
2/28/2011,1304.30
3/7/2011,1279.20
3/14/2011,1313.80
3/21/2011,1332.40
3/28/2011,1328.20
4/4/2011,1319.70
4/11/2011,1337.40
4/18/2011,1363.60
4/25/2011,1340.20
5/2/2011,1337.80
5/9/2011,1333.30
5/16/2011,1331.10
5/23/2011,1300.20
5/30/2011,1271.00
6/6/2011,1271.50
6/13/2011,1268.50
6/20/2011,1339.70
6/27/2011,1343.80
7/4/2011,1316.10
7/11/2011,1345.00
7/18/2011,1292.30
7/25/2011,1199.40
8/1/2011,1178.80
8/8/2011,1123.50
8/15/2011,1176.80
8/22/2011,1174.00
8/29/2011,1154.20
9/5/2011,1216.00
9/12/2011,1136.40
9/19/2011,1131.40
9/26/2011,1155.50
10/3/2011,1224.60
10/10/2011,1238.20
10/17/2011,1285.10
10/24/2011,1253.20
10/31/2011,1263.80
11/7/2011,1215.70
11/14/2011,1158.70
11/21/2011,1244.30
11/28/2011,1255.20
12/5/2011,1219.70
12/12/2011,1265.30
12/19/2011,1257.60
12/26/2011,1277.80
1/2/2012,1289.10
1/9/2012,1315.40
1/16/2012,1316.30
1/23/2012,1344.90
1/30/2012,1342.60
2/6/2012,1361.20
2/13/2012,1365.70
2/20/2012,1369.60
2/27/2012,1370.90
3/5/2012,1404.20
3/12/2012,1397.10
3/19/2012,1408.50
3/26/2012,1398.10
4/2/2012,1370.30
4/9/2012,1378.50
4/16/2012,1403.40
4/23/2012,1369.10
4/30/2012,1353.40
5/7/2012,1295.20
5/14/2012,1317.80
5/21/2012,1278.00
5/28/2012,1325.70
6/4/2012,1342.80
6/11/2012,1335.00
6/18/2012,1362.20
6/25/2012,1354.70
7/2/2012,1356.80
7/9/2012,1362.70
7/16/2012,1386.00
7/23/2012,1391.00
7/30/2012,1405.90
8/6/2012,1418.20
8/13/2012,1411.10
8/20/2012,1406.60
8/27/2012,1437.90
9/3/2012,1465.80
9/10/2012,1460.20
9/17/2012,1440.70
9/24/2012,1460.90
10/1/2012,1428.60
10/8/2012,1433.20
10/15/2012,1411.90
10/22/2012,1414.20
10/29/2012,1379.80
11/5/2012,1359.90
11/12/2012,1409.20
11/19/2012,1416.20
11/26/2012,1418.10
12/3/2012,1413.60
12/10/2012,1430.20
12/17/2012,1402.40
12/24/2012,1466.50
12/31/2012,1472.00
1/7/2013,1486.00
1/14/2013,1503.00
1/21/2013,1513.20
1/28/2013,1517.90
2/4/2013,1519.80
2/11/2013,1515.60
2/18/2013,1518.20
2/25/2013,1551.20
3/4/2013,1560.70
3/11/2013,1556.90
3/18/2013,1569.20
3/25/2013,1553.30
4/1/2013,1588.80
4/8/2013,1555.20
4/15/2013,1582.20
4/22/2013,1614.40
4/29/2013,1633.70
5/6/2013,1667.50
5/13/2013,1649.60
5/20/2013,1630.70
5/27/2013,1643.40
6/3/2013,1626.70
6/10/2013,1592.40
6/17/2013,1606.30
6/24/2013,1631.90
7/1/2013,1680.20
7/8/2013,1692.10
7/15/2013,1691.70
7/22/2013,1709.70
7/29/2013,1691.40
8/5/2013,1655.80
8/12/2013,1663.50
8/19/2013,1633.00
8/26/2013,1655.20
9/2/2013,1688.00
9/9/2013,1709.90
9/16/2013,1691.80
9/23/2013,1690.50
9/30/2013,1703.20
10/7/2013,1744.50
10/14/2013,1759.80
10/21/2013,1761.60
10/28/2013,1770.60
11/4/2013,1798.20
11/11/2013,1804.80
11/18/2013,1805.80
11/25/2013,1805.10
12/2/2013,1775.30
12/9/2013,1818.30
12/16/2013,1841.40
12/23/2013,1831.40
12/30/2013,1842.40
1/6/2014,1838.70
1/13/2014,1790.30
1/20/2014,1782.60
1/27/2014,1797.00
2/3/2014,1838.60
2/10/2014,1836.20
2/17/2014,1859.50
2/24/2014,1878.00
3/3/2014,1841.10
3/10/2014,1866.50
3/17/2014,1857.60
3/24/2014,1865.10
3/31/2014,1815.70
4/7/2014,1864.80
4/14/2014,1863.40
4/21/2014,1881.10
4/28/2014,1878.50
5/5/2014,1877.90
5/12/2014,1900.50
5/19/2014,1923.60
5/26/2014,1949.40
6/2/2014,1936.20
6/9/2014,1962.90
6/16/2014,1961.00
6/23/2014,1985.40
6/30/2014,1967.60
7/7/2014,1978.20
7/14/2014,1978.30
7/21/2014,1925.20
7/28/2014,1931.60
8/4/2014,1955.10
8/11/2014,1988.40
8/18/2014,2003.40
8/25/2014,2007.70
9/1/2014,1985.50
9/8/2014,2010.40
9/15/2014,1982.80
9/22/2014,1967.90
9/29/2014,1906.10
10/6/2014,1886.80
10/13/2014,1964.60
10/20/2014,2018.00
10/27/2014,2031.90
11/3/2014,2039.80
11/10/2014,2063.50
11/17/2014,2067.60
11/24/2014,2075.40
12/1/2014,2002.30
12/8/2014,2070.70
12/15/2014,2088.80
12/22/2014,2058.20
12/29/2014,2044.80
1/5/2015,2019.40
1/12/2015,2051.80
1/19/2015,1995.00
1/26/2015,2055.50
2/2/2015,2097.00
2/9/2015,2110.30
2/16/2015,2104.50
2/23/2015,2071.30
3/2/2015,2053.40
3/9/2015,2108.10
3/16/2015,2061.00
3/23/2015,2067.00
3/30/2015,2102.10
4/6/2015,2081.20
4/13/2015,2117.70
4/20/2015,2108.30
4/27/2015,2116.10
5/4/2015,2122.70
5/11/2015,2126.10
5/18/2015,2107.40
5/25/2015,2092.80
6/1/2015,2094.10
6/8/2015,2110.00
6/15/2015,2101.50
6/22/2015,2076.80
6/29/2015,2076.60
7/6/2015,2126.60
7/13/2015,2079.70
7/20/2015,2103.80
7/27/2015,2077.60
8/3/2015,2091.50
8/10/2015,1970.90
8/17/2015,1988.90
8/24/2015,1921.20
8/31/2015,1961.00
9/7/2015,1958.00
9/14/2015,1931.30
9/21/2015,1951.40
9/28/2015,2014.90
10/5/2015,2033.10
10/12/2015,2075.20
10/19/2015,2079.40
10/26/2015,2099.20
11/2/2015,2023.00
11/9/2015,2089.20
11/16/2015,2090.10
11/23/2015,2091.70
11/30/2015,2012.40
12/7/2015,2005.50
12/14/2015,2061.00
12/21/2015,2043.90
12/28/2015,1922.00
1/4/2016,1880.30
1/11/2016,1906.90
1/18/2016,1940.20
1/25/2016,1880.00
2/1/2016,1864.80
2/8/2016,1917.80
2/15/2016,1948.00
2/22/2016,2000.00
2/29/2016,2022.20
3/7/2016,2049.60
3/14/2016,2035.90
3/21/2016,2072.80
3/28/2016,2047.60
4/4/2016,2080.70
4/11/2016,2091.60
4/18/2016,2065.30
4/25/2016,2057.10
5/2/2016,2046.60
5/9/2016,2052.30
5/16/2016,2099.10
5/23/2016,2099.10
5/30/2016,2096.10
6/6/2016,2071.20
6/13/2016,2037.40
6/20/2016,2102.90
6/27/2016,2129.90
7/4/2016,2161.70
7/11/2016,2175.00
7/18/2016,2173.60
7/25/2016,2182.90
8/1/2016,2184.10
8/8/2016,2183.90
8/15/2016,2169.00
8/22/2016,2180.00
8/29/2016,2127.80
9/5/2016,2139.20
9/12/2016,2164.70
9/19/2016,2168.30
9/26/2016,2153.70
10/3/2016,2133.00
10/10/2016,2141.20
10/17/2016,2126.40
10/24/2016,2085.20
10/31/2016,2164.40
11/7/2016,2181.90
11/14/2016,2213.30
11/21/2016,2191.90
11/28/2016,2259.50
12/5/2016,2258.10
12/12/2016,2263.80
12/19/2016,2238.80
12/26/2016,2277.00
1/2/2017,2274.60
1/9/2017,2271.30
1/16/2017,2294.70
1/23/2017,2297.40
1/30/2017,2316.10
2/6/2017,2351.20
2/13/2017,2367.30
2/20/2017,2383.10
2/27/2017,2372.60
3/6/2017,2378.20
3/13/2017,2344.00
3/20/2017,2362.70
3/27/2017,2355.50
4/3/2017,2328.90
4/10/2017,2348.70
4/17/2017,2384.20
4/24/2017,2399.30
5/1/2017,2390.90
5/8/2017,2381.70
5/15/2017,2415.80
5/22/2017,2439.10
5/29/2017,2431.80
6/5/2017,2433.20
6/12/2017,2438.30
6/19/2017,2423.40
6/26/2017,2425.20
7/3/2017,2459.30
7/10/2017,2472.50
7/17/2017,2472.10
7/24/2017,2476.80
7/31/2017,2441.30
8/7/2017,2425.60
8/14/2017,2443.10
8/21/2017,2476.60
8/28/2017,2461.40
9/4/2017,2500.20
9/11/2017,2502.20
9/18/2017,2519.40
9/25/2017,2549.30
10/2/2017,2553.20
10/9/2017,2575.20
10/16/2017,2581.10
10/23/2017,2587.80
10/30/2017,2582.30
11/6/2017,2578.80
11/13/2017,2602.40
11/20/2017,2642.20
11/27/2017,2651.50
12/4/2017,2675.80
12/11/2017,2683.30
12/18/2017,2673.60
12/25/2017,2743.20
1/1/2018,2786.20
1/8/2018,2810.30
1/15/2018,2872.90
1/22/2018,2762.10
1/29/2018,2619.60
2/5/2018,2732.20
2/12/2018,2747.30
2/19/2018,2691.20
2/26/2018,2786.60
3/5/2018,2752.00
3/12/2018,2588.30
3/19/2018,2640.90
3/26/2018,2604.50
4/2/2018,2656.30
4/9/2018,2670.10
4/16/2018,2669.90
4/23/2018,2663.40
4/30/2018,2727.70
5/7/2018,2713.00
5/14/2018,2721.30
5/21/2018,2734.60
5/28/2018,2779.00
6/4/2018,2779.70
6/11/2018,2754.90
6/18/2018,2718.40
6/25/2018,2759.80
7/2/2018,2801.30
7/9/2018,2801.80
7/16/2018,2818.80
7/23/2018,2840.30
7/30/2018,2833.30
8/6/2018,2850.10
8/13/2018,2874.70
8/20/2018,2901.50
8/27/2018,2871.70
9/3/2018,2905.00
9/10/2018,2929.70
9/17/2018,2914.00
9/24/2018,2885.60
10/1/2018,2767.10
10/8/2018,2767.80
10/15/2018,2658.70
10/22/2018,2723.10
10/29/2018,2781.00
11/5/2018,2736.30
11/12/2018,2632.60
11/19/2018,2760.20
11/26/2018,2633.10
12/3/2018,2599.90
12/10/2018,2416.60
12/17/2018,2485.70
12/24/2018,2531.94
12/31/2018,2596.26
1/7/2019,2670.71
1/14/2019,2664.76
1/21/2019,2706.53
1/28/2019,2707.88
2/4/2019,2775.60
2/11/2019,2792.67
2/18/2019,2803.69
2/25/2019,2743.07
3/4/2019,2822.48
3/11/2019,2800.71
3/18/2019,2834.40
3/25/2019,2892.74
4/1/2019,2907.41
4/8/2019,2905.03
4/15/2019,2939.88
4/22/2019,2945.64
4/29/2019,2881.40
5/6/2019,2859.53
5/13/2019,2826.06
5/20/2019,2752.06
5/27/2019,2873.34
6/3/2019,2886.98
6/10/2019,2950.46
6/17/2019,2941.76
6/24/2019,2990.41
7/1/2019,3013.77
7/8/2019,2976.61
7/15/2019,3025.86
7/22/2019,2932.05
7/29/2019,2918.65
8/5/2019,2888.68
8/12/2019,2847.11
8/19/2019,2926.46
8/26/2019,2978.71
9/2/2019,3007.39
9/9/2019,2992.07
9/16/2019,2961.79
9/23/2019,2952.01
9/30/2019,2970.27
10/7/2019,2986.20
10/14/2019,3022.55
10/21/2019,3066.91
10/28/2019,3093.08
11/4/2019,3120.46
11/11/2019,3110.29
11/18/2019,3140.98
11/25/2019,3145.91
12/2/2019,3168.80
12/9/2019,3221.22
12/16/2019,3240.02
12/23/2019,3234.85
12/30/2019,3265.35
1/6/2020,3329.62
1/13/2020,3295.47
1/20/2020,3225.52
1/27/2020,3327.71
2/3/2020,3380.16
2/10/2020,3337.75
2/17/2020,2954.22
2/24/2020,2972.37
3/2/2020,2711.02
3/9/2020,2304.92
3/16/2020,2541.47
3/23/2020,2488.65
3/30/2020,2789.82
4/6/2020,2874.56
4/13/2020,2836.74
4/20/2020,2830.71
4/27/2020,2929.80
5/4/2020,2863.70
5/11/2020,2955.45
5/18/2020,3044.31
5/25/2020,3193.93
6/1/2020,3041.31
6/8/2020,3097.74
6/15/2020,3009.05
6/22/2020,3130.01
6/29/2020,3185.04
7/6/2020,3224.73
7/13/2020,3215.63
7/20/2020,3271.12
7/27/2020,3351.28
8/3/2020,3372.85
8/10/2020,3397.16
8/17/2020,3508.01
8/24/2020,3426.96
8/31/2020,3340.97
9/7/2020,3319.47
9/14/2020,3298.46
9/21/2020,3348.44
9/28/2020,3477.13
10/5/2020,3483.81
10/12/2020,3465.39
10/19/2020,3269.96
10/26/2020,3509.44
11/2/2020,3585.15
11/9/2020,3557.54
11/16/2020,3638.35
11/23/2020,3699.12
11/30/2020,3663.46
12/7/2020,3709.41
12/14/2020,3703.06
12/21/2020,3756.07
12/28/2020,3824.68
1/4/2021,3768.25
1/11/2021,3841.47
1/18/2021,3714.24
1/25/2021,3886.83
2/1/2021,3934.83
2/8/2021,3906.71
2/15/2021,3811.15
2/22/2021,3841.94
3/1/2021,3943.34
3/8/2021,3913.10
3/15/2021,3974.54
3/22/2021,4019.87
3/29/2021,4128.80
4/5/2021,4185.47
4/12/2021,4180.17
4/19/2021,4181.17
4/26/2021,4232.60
5/3/2021,4173.85
5/10/2021,4155.86
5/17/2021,4204.11
5/24/2021,4229.89
5/31/2021,4247.44
6/7/2021,4166.45
6/14/2021,4280.70
6/21/2021,4352.34
6/28/2021,4369.55
7/5/2021,4327.16
7/12/2021,4411.79
7/19/2021,4395.26
7/26/2021,4436.52
8/2/2021,4468.00
8/9/2021,4441.67
8/16/2021,4509.37
8/23/2021,4535.43
8/30/2021,4458.58
9/6/2021,4432.99
9/13/2021,4455.48
9/20/2021,4357.04
9/27/2021,4391.34
10/4/2021,4471.37
10/11/2021,4544.90
10/18/2021,4605.38
10/25/2021,4697.53
11/1/2021,4682.85
11/8/2021,4697.96
11/15/2021,4594.62
11/22/2021,4538.43
11/29/2021,4712.02
12/6/2021,4620.64
12/13/2021,4725.79
12/20/2021,4766.18
12/27/2021,4677.03
1/3/2022,4662.85
1/10/2022,4397.94
1/17/2022,4431.85
1/24/2022,4500.53
1/31/2022,4418.64
2/7/2022,4348.87
2/14/2022,4384.65
2/21/2022,4328.87
2/28/2022,4204.31
3/7/2022,4463.12
3/14/2022,4543.06
3/21/2022,4545.86
3/28/2022,4488.28
4/4/2022,4392.59
4/11/2022,4271.78
4/18/2022,4131.93
4/25/2022,4123.34
5/2/2022,4023.89
5/9/2022,3901.36
5/16/2022,4158.24
5/23/2022,4108.54
5/30/2022,3900.86
6/6/2022,3674.84
6/13/2022,3911.74
6/20/2022,3825.33
6/27/2022,3899.38
7/4/2022,3863.16
7/11/2022,3961.63
7/18/2022,4130.29
7/25/2022,4145.19
8/1/2022,4280.15
8/8/2022,4228.48
8/15/2022,4057.66
8/22/2022,3924.26
8/29/2022,4067.36
9/5/2022,3873.33
9/12/2022,3693.23
9/19/2022,3585.62
9/26/2022,3639.66
10/3/2022,3583.07
10/10/2022,3752.75
10/17/2022,3901.06
10/24/2022,3770.55
10/31/2022,3992.93
11/7/2022,3965.34
11/14/2022,4026.12
11/21/2022,4071.70
11/28/2022,3934.38
12/5/2022,3852.36
12/12/2022,3844.82
12/19/2022,3839.50
12/26/2022,3895.08
1/2/2023,3999.09
1/9/2023,3972.61
1/16/2023,4070.56
1/23/2023,4136.48
1/30/2023,4090.46
2/6/2023,4079.09
2/13/2023,3970.04
2/20/2023,4045.64
2/27/2023,3861.59
3/6/2023,3916.64
3/13/2023,3970.99
3/20/2023,4109.31
3/27/2023,4105.02
4/3/2023,4137.64
4/10/2023,4133.52
4/17/2023,4169.48
4/24/2023,4136.25
5/1/2023,4124.08
5/8/2023,4191.98
5/15/2023,4205.45
5/22/2023,4282.37
5/29/2023,4298.86
6/5/2023,4409.59
6/12/2023,4348.33
6/19/2023,4450.38
6/26/2023,4398.95
7/3/2023,4505.42
7/10/2023,4536.34
7/17/2023,4582.23
7/24/2023,4478.03
7/31/2023,4464.05
8/7/2023,4369.71
8/14/2023,4405.71
8/21/2023,4515.77
8/28/2023,4457.49
9/4/2023,4450.32
9/11/2023,4320.06
9/18/2023,4288.05
9/25/2023,4308.50
10/2/2023,4327.78
10/9/2023,4224.16
10/16/2023,4117.37
10/23/2023,4358.34
10/30/2023,4415.24
11/6/2023,4514.02
11/13/2023,4559.34
11/20/2023,4594.63
11/27/2023,4604.37
12/4/2023,4719.19
12/11/2023,4754.63
12/18/2023,4769.83
12/25/2023,4697.24
1/1/2024,4783.83
1/8/2024,4839.81
1/15/2024,4890.97
1/22/2024,4958.61
1/29/2024,5026.61
2/5/2024,5005.57
2/12/2024,5088.80
2/19/2024,5137.08
2/26/2024,5123.69
3/4/2024,5117.09
3/11/2024,5234.18
3/18/2024,5254.35
3/25/2024,5204.34
4/1/2024,5123.41
4/8/2024,4967.23
4/15/2024,5099.96
4/22/2024,5127.79
4/29/2024,5222.68
5/6/2024,5303.27
5/13/2024,5304.72
5/20/2024,5277.51
5/27/2024,5346.99
6/3/2024,5431.60
6/10/2024,5464.62
6/17/2024,5460.48
6/24/2024,5567.19
7/1/2024,5615.35
7/8/2024,5505.00
7/15/2024,5459.10
7/22/2024,5346.56
7/29/2024,5344.16
8/5/2024,5554.25
8/12/2024,5634.61
8/19/2024,5648.40
8/26/2024,5408.42
9/2/2024,5626.02
9/9/2024,5702.55
9/16/2024,5738.17
9/23/2024,5751.07
9/30/2024,5815.03
10/7/2024,5864.67
10/14/2024,5808.12
10/21/2024,5728.80
10/28/2024,5995.54
11/4/2024,5870.62
11/11/2024,5969.34
11/18/2024,6032.38
11/25/2024,6090.27
12/2/2024,6051.09
12/9/2024,5930.85
12/16/2024,5970.84
12/23/2024,5942.47
12/30/2024,5827.04
1/6/2025,5996.66
1/13/2025,6101.24
1/20/2025,6040.53
1/27/2025,6025.99
2/3/2025,6114.63
2/10/2025,6013.13
2/17/2025,5954.50
2/24/2025,5770.20
3/3/2025,5638.94
3/10/2025,5667.56
3/17/2025,5580.94
3/24/2025,5074.08
3/31/2025,5363.36
4/7/2025,5282.70
4/14/2025,5525.21
4/21/2025,5686.67
4/28/2025,5659.91
5/5/2025,5958.38
5/12/2025,5802.82
5/19/2025,5911.69
5/26/2025,6000.36
6/2/2025,5976.97
6/9/2025,5967.84
6/16/2025,6173.07
6/23/2025,6279.35
6/30/2025,6259.75
7/7/2025,6296.79
7/14/2025,6388.64
7/21/2025,6238.01
7/28/2025,6389.45
8/4/2025,6449.80
8/11/2025,6466.91
8/18/2025,6460.26
8/25/2025,6481.50
9/1/2025,6584.29
9/8/2025,6664.36
9/15/2025,6643.70
9/22/2025,6715.79
9/29/2025,6552.51
10/6/2025,6664.01
10/13/2025,6791.69
10/20/2025,6840.20
10/27/2025,6728.80
11/3/2025,6734.11
11/10/2025,6602.99
11/17/2025,6849.09
11/24/2025,6870.40
12/1/2025,6827.41
12/8/2025,6834.50
12/15/2025,6929.94
12/22/2025,6858.47
12/29/2025,6966.28
1/5/2026,6940.01
1/12/2026,6915.61
1/19/2026,6939.03
1/26/2026,6932.30
2/2/2026,6836.17
2/9/2026,6909.51
2/16/2026,6878.88
2/23/2026,6740.02
3/2/2026,6632.19
3/9/2026,6506.48
3/16/2026,6368.85
3/23/2026,6582.69
3/30/2026,6816.89
4/6/2026,7126.06
4/13/2026,7165.08
4/20/2026,7230.12
4/27/2026,7398.93
5/4/2026,7408.50
5/11/2026,7473.47
5/18/2026,7580.06
5/25/2026,7383.74
6/1/2026,7431.46
6/8/2026,7500.58
6/15/2026,7354.02
6/22/2026,7483.24
6/29/2026,7575.39
7/6/2026,7457.69
7/13/2026,7411.98
7/20/2026,7489.72
7/27/2026,7757.64
8/3/2026,7785.76
8/10/2026,7674.37
8/17/2026,7711.76
8/24/2026,7718.60
8/31/2026,7656.98
9/7/2026,7650.50
9/14/2026,7770.01
