date,sp500
2000-01-17,1360.2
2000-01-24,1424.4
2000-01-31,1387.1
2000-02-07,1346.1
2000-02-14,1333.4
2000-02-21,1409.2
2000-02-28,1395.1
2000-03-06,1464.5
2000-03-13,1527.5
2000-03-20,1498.6
2000-03-27,1516.3
2000-04-03,1356.6
2000-04-10,1434.5
2000-04-17,1452.4
2000-04-24,1432.6
2000-05-01,1421.0
2000-05-08,1407.0
2000-05-15,1378.0
2000-05-22,1477.3
2000-05-29,1457.0
2000-06-05,1464.5
2000-06-12,1441.5
2000-06-19,1454.6
2000-06-26,1478.9
2000-07-03,1510.0
2000-07-10,1480.2
2000-07-17,1419.9
2000-07-24,1462.9
2000-07-31,1471.8
2000-08-07,1491.7
2000-08-14,1506.5
2000-08-21,1520.8
2000-08-28,1494.5
2000-09-04,1465.8
2000-09-11,1448.7
2000-09-18,1436.5
2000-09-25,1409.0
2000-10-02,1374.2
2000-10-09,1396.9
2000-10-16,1379.6
2000-10-23,1426.7
2000-10-30,1366.0
2000-11-06,1367.7
2000-11-13,1341.8
2000-11-20,1315.2
2000-11-27,1369.9
2000-12-04,1312.2
2000-12-11,1306.0
2000-12-18,1320.3
2000-12-25,1298.3
2001-01-01,1318.3
2001-01-08,1342.5
2001-01-15,1355.0
2001-01-22,1349.5
2001-01-29,1314.8
2001-02-05,1301.5
2001-02-12,1245.9
2001-02-19,1234.2
2001-02-26,1233.4
2001-03-05,1150.5
2001-03-12,1139.8
2001-03-19,1160.3
2001-03-26,1128.4
2001-04-02,1183.5
2001-04-09,1243.0
2001-04-16,1253.0
2001-04-23,1266.6
2001-04-30,1245.7
2001-05-07,1292.0
2001-05-14,1277.9
2001-05-21,1260.7
2001-05-28,1265.0
2001-06-04,1214.4
2001-06-11,1225.3
2001-06-18,1224.4
2001-06-25,1190.6
2001-07-02,1215.7
2001-07-09,1210.8
2001-07-16,1205.8
2001-07-23,1214.3
2001-07-30,1190.2
2001-08-06,1162.0
2001-08-13,1184.9
2001-08-20,1133.6
2001-08-27,1085.8
2001-09-03,1092.5
2001-09-10,965.8
2001-09-17,1040.9
2001-09-24,1071.4
2001-10-01,1091.7
2001-10-08,1073.5
2001-10-15,1104.6
2001-10-22,1087.2
2001-10-29,1120.3
2001-11-05,1138.7
2001-11-12,1150.3
2001-11-19,1139.5
2001-11-26,1158.3
2001-12-03,1123.1
2001-12-10,1144.9
2001-12-17,1161.0
2001-12-24,1172.5
2001-12-31,1145.6
2002-01-07,1127.6
2002-01-14,1133.3
2002-01-21,1122.2
2002-01-28,1096.2
2002-02-04,1104.2
2002-02-11,1089.8
2002-02-18,1131.8
2002-02-25,1164.3
2002-03-04,1166.2
2002-03-11,1148.7
2002-03-18,1147.4
2002-03-25,1122.7
2002-04-01,1111.0
2002-04-08,1125.2
2002-04-15,1076.3
2002-04-22,1073.4
2002-04-29,1055.0
2002-05-06,1106.6
2002-05-13,1083.8
2002-05-20,1067.1
2002-05-27,1027.5
2002-06-03,1007.3
2002-06-10,989.1
2002-06-17,989.8
2002-06-24,989.0
2002-07-01,921.4
2002-07-08,847.8
2002-07-15,852.8
2002-07-22,864.2
2002-07-29,908.6
2002-08-05,928.8
2002-08-12,940.9
2002-08-19,916.1
2002-08-26,893.9
2002-09-02,889.8
2002-09-09,845.4
2002-09-16,827.4
2002-09-23,800.6
2002-09-30,835.3
2002-10-07,884.4
2002-10-14,897.6
2002-10-21,901.0
2002-10-28,894.7
2002-11-04,909.8
2002-11-11,930.5
2002-11-18,936.3
2002-11-25,912.2
2002-12-02,889.5
2002-12-09,895.8
2002-12-16,875.4
2002-12-23,908.6
2002-12-30,927.6
2003-01-06,901.8
2003-01-13,861.4
2003-01-20,855.7
2003-01-27,829.7
2003-02-03,834.9
2003-02-10,848.2
2003-02-17,841.1
2003-02-24,828.9
2003-03-03,833.3
2003-03-10,895.8
2003-03-17,863.5
2003-03-24,878.9
2003-03-31,868.3
2003-04-07,893.6
2003-04-14,898.8
2003-04-21,930.1
2003-04-28,933.4
2003-05-05,944.3
2003-05-12,933.2
2003-05-19,963.6
2003-05-26,987.8
2003-06-02,988.6
2003-06-09,995.7
2003-06-16,976.2
2003-06-23,985.7
2003-06-30,998.1
2003-07-07,993.3
2003-07-14,998.7
2003-07-21,980.1
2003-07-28,977.6
2003-08-04,990.7
2003-08-11,993.1
2003-08-18,1008.0
2003-08-25,1021.4
2003-09-01,1018.6
2003-09-08,1036.3
2003-09-15,996.9
2003-09-22,1029.8
2003-09-29,1038.1
2003-10-06,1039.3
2003-10-13,1028.9
2003-10-20,1050.7
2003-10-27,1053.2
2003-11-03,1050.3
2003-11-10,1035.3
2003-11-17,1058.2
2003-11-24,1061.5
2003-12-01,1074.1
2003-12-08,1088.7
2003-12-15,1095.9
2003-12-22,1108.5
2003-12-29,1121.9
2004-01-05,1139.8
2004-01-12,1141.5
2004-01-19,1131.1
2004-01-26,1142.8
2004-02-02,1145.8
2004-02-09,1144.1
2004-02-16,1144.9
2004-02-23,1156.9
2004-03-01,1120.6
2004-03-08,1109.8
2004-03-15,1108.1
2004-03-22,1141.8
2004-03-29,1139.3
2004-04-05,1134.6
2004-04-12,1140.6
2004-04-19,1107.3
2004-04-26,1098.7
2004-05-03,1095.7
2004-05-10,1093.6
2004-05-17,1120.7
2004-05-24,1122.5
2004-05-31,1136.5
2004-06-07,1135.0
2004-06-14,1134.4
2004-06-21,1125.4
2004-06-28,1112.8
2004-07-05,1101.4
2004-07-12,1086.2
2004-07-19,1101.7
2004-07-26,1064.0
2004-08-02,1064.8
2004-08-09,1098.3
2004-08-16,1107.8
2004-08-23,1113.6
2004-08-30,1123.9
2004-09-06,1128.5
2004-09-13,1110.1
2004-09-20,1131.5
2004-09-27,1122.1
2004-10-04,1108.2
2004-10-11,1095.7
2004-10-18,1130.2
2004-10-25,1166.2
2004-11-01,1184.2
2004-11-08,1170.3
2004-11-15,1182.7
2004-11-22,1191.2
2004-11-29,1188.0
2004-12-06,1194.2
2004-12-13,1210.1
2004-12-20,1211.9
2004-12-27,1186.2
2005-01-03,1184.5
2005-01-10,1167.9
2005-01-17,1171.4
2005-01-24,1203.0
2005-01-31,1205.3
2005-02-07,1201.6
2005-02-14,1211.4
2005-02-21,1222.1
2005-02-28,1200.1
2005-03-07,1189.7
2005-03-14,1171.4
2005-03-21,1172.9
2005-03-28,1181.2
2005-04-04,1142.6
2005-04-11,1152.1
2005-04-18,1156.8
2005-04-25,1171.3
2005-05-02,1154.0
2005-05-09,1189.3
2005-05-16,1198.8
2005-05-23,1196.0
2005-05-30,1198.1
2005-06-06,1217.0
2005-06-13,1191.6
2005-06-20,1194.4
2005-06-27,1211.9
2005-07-04,1227.9
2005-07-11,1233.7
2005-07-18,1234.2
2005-07-25,1226.4
2005-08-01,1230.4
2005-08-08,1219.7
2005-08-15,1205.1
2005-08-22,1218.0
2005-08-29,1241.5
2005-09-05,1237.9
2005-09-12,1215.3
2005-09-19,1228.8
2005-09-26,1195.9
2005-10-03,1186.6
2005-10-10,1179.6
2005-10-17,1198.4
2005-10-24,1220.1
2005-10-31,1234.7
2005-11-07,1248.3
2005-11-14,1268.2
2005-11-21,1265.1
2005-11-28,1259.4
2005-12-05,1267.3
2005-12-12,1268.7
2005-12-19,1248.3
2005-12-26,1285.5
2006-01-02,1287.6
2006-01-09,1261.5
2006-01-16,1283.7
2006-01-23,1264.0
2006-01-30,1267.0
2006-02-06,1287.2
2006-02-13,1289.4
2006-02-20,1287.2
2006-02-27,1281.6
2006-03-06,1307.2
2006-03-13,1303.0
2006-03-20,1294.8
2006-03-27,1295.5
2006-04-03,1289.1
2006-04-10,1311.3
2006-04-17,1310.6
2006-04-24,1325.8
2006-05-01,1291.2
2006-05-08,1267.0
2006-05-15,1280.2
2006-05-22,1288.2
2006-05-29,1252.3
2006-06-05,1251.5
2006-06-12,1244.5
2006-06-19,1270.2
2006-06-26,1265.5
2006-07-03,1236.2
2006-07-10,1240.3
2006-07-17,1278.5
2006-07-24,1279.4
2006-07-31,1266.7
2006-08-07,1302.3
2006-08-14,1295.1
2006-08-21,1311.0
2006-08-28,1298.9
2006-09-04,1319.9
2006-09-11,1314.8
2006-09-18,1335.8
2006-09-25,1349.6
2006-10-02,1365.6
2006-10-09,1368.6
2006-10-16,1377.3
2006-10-23,1364.3
2006-10-30,1380.9
2006-11-06,1401.2
2006-11-13,1401.0
2006-11-20,1396.7
2006-11-27,1409.8
2006-12-04,1427.1
2006-12-11,1410.8
2006-12-18,1418.3
2006-12-25,1409.7
2007-01-01,1430.7
2007-01-08,1430.5
2007-01-15,1422.2
2007-01-22,1448.4
2007-01-29,1438.1
2007-02-05,1455.5
2007-02-12,1451.2
2007-02-19,1387.2
2007-02-26,1402.8
2007-03-05,1387.0
2007-03-12,1436.1
2007-03-19,1420.9
2007-03-26,1443.8
2007-04-02,1452.8
2007-04-09,1484.3
2007-04-16,1494.1
2007-04-23,1505.6
2007-04-30,1505.8
2007-05-07,1522.8
2007-05-14,1515.7
2007-05-21,1536.3
2007-05-28,1507.7
2007-06-04,1532.9
2007-06-11,1502.6
2007-06-18,1503.3
2007-06-25,1530.4
2007-07-02,1552.5
2007-07-09,1534.1
2007-07-16,1459.0
2007-07-23,1433.1
2007-07-30,1453.6
2007-08-06,1445.9
2007-08-13,1479.4
2007-08-20,1474.0
2007-08-27,1453.5
2007-09-03,1484.2
2007-09-10,1525.8
2007-09-17,1526.8
2007-09-24,1557.6
2007-10-01,1561.8
2007-10-08,1500.6
2007-10-15,1535.3
2007-10-22,1509.7
2007-10-29,1453.7
2007-11-05,1458.7
2007-11-12,1440.7
2007-11-19,1481.1
2007-11-26,1504.7
2007-12-03,1468.0
2007-12-10,1484.5
2007-12-17,1478.5
2007-12-24,1411.6
2007-12-31,1401.0
2008-01-07,1325.2
2008-01-14,1330.6
2008-01-21,1395.4
2008-01-28,1331.3
2008-02-04,1350.0
2008-02-11,1353.1
2008-02-18,1330.6
2008-02-25,1293.4
2008-03-03,1288.1
2008-03-10,1329.5
2008-03-17,1315.2
2008-03-24,1370.4
2008-03-31,1332.8
2008-04-07,1390.3
2008-04-14,1397.8
2008-04-21,1413.9
2008-04-28,1388.3
2008-05-05,1425.3
2008-05-12,1375.9
2008-05-19,1400.4
2008-05-26,1360.7
2008-06-02,1360.0
2008-06-09,1317.9
2008-06-16,1278.4
2008-06-23,1262.9
2008-06-30,1239.5
2008-07-07,1260.7
2008-07-14,1257.8
2008-07-21,1260.3
2008-07-28,1296.3
2008-08-04,1298.2
2008-08-11,1292.2
2008-08-18,1282.8
2008-08-25,1242.3
2008-09-01,1251.7
2008-09-08,1255.1
2008-09-15,1213.0
2008-09-22,1099.2
2008-09-29,899.2
2008-10-06,940.5
2008-10-13,876.8
2008-10-20,968.8
2008-10-27,931.0
2008-11-03,873.3
2008-11-10,800.0
2008-11-17,896.2
2008-11-24,876.1
2008-12-01,879.7
2008-12-08,887.9
2008-12-15,872.8
2008-12-22,931.8
2008-12-29,890.4
2009-01-05,850.1
2009-01-12,832.0
2009-01-19,825.9
2009-01-26,868.6
2009-02-02,826.8
2009-02-09,770.0
2009-02-16,735.1
2009-02-23,683.4
2009-03-02,756.5
2009-03-09,768.5
2009-03-16,815.9
2009-03-23,842.5
2009-03-30,856.6
2009-04-06,869.6
2009-04-13,866.2
2009-04-20,877.5
2009-04-27,929.2
2009-05-04,882.9
2009-05-11,887.0
2009-05-18,919.1
2009-05-25,940.1
2009-06-01,946.2
2009-06-08,921.2
2009-06-15,918.9
2009-06-22,896.4
2009-06-29,879.1
2009-07-06,940.4
2009-07-13,979.3
2009-07-20,987.5
2009-07-27,1010.5
2009-08-03,1004.1
2009-08-10,1026.1
2009-08-17,1028.9
2009-08-24,1016.4
2009-08-31,1042.7
2009-09-07,1068.3
2009-09-14,1044.4
2009-09-21,1025.2
2009-09-28,1071.5
2009-10-05,1087.7
2009-10-12,1079.6
2009-10-19,1036.2
2009-10-26,1069.3
2009-11-02,1093.5
2009-11-09,1091.4
2009-11-16,1091.5
2009-11-23,1106.0
2009-11-30,1106.4
2009-12-07,1102.5
2009-12-14,1126.5
2009-12-21,1115.1
2009-12-28,1145.0
2010-01-04,1136.0
2010-01-11,1091.8
2010-01-18,1073.9
2010-01-25,1066.2
2010-02-01,1075.5
2010-02-08,1109.2
2010-02-15,1104.5
2010-02-22,1138.7
2010-03-01,1150.0
2010-03-08,1159.9
2010-03-15,1166.6
2010-03-22,1178.1
2010-03-29,1194.4
2010-04-05,1192.1
2010-04-12,1217.3
2010-04-19,1186.7
2010-04-26,1110.9
2010-05-03,1135.7
2010-05-10,1087.7
2010-05-17,1089.4
2010-05-24,1064.9
2010-05-31,1091.6
2010-06-07,1117.5
2010-06-14,1076.8
2010-06-21,1022.6
2010-06-28,1078.0
2010-07-05,1064.9
2010-07-12,1102.7
2010-07-19,1101.6
2010-07-26,1121.6
2010-08-02,1079.2
2010-08-09,1071.7
2010-08-16,1064.6
2010-08-23,1104.5
2010-08-30,1109.5
2010-09-06,1125.6
2010-09-13,1148.7
2010-09-20,1146.2
2010-09-27,1165.2
2010-10-04,1176.2
2010-10-11,1183.1
2010-10-18,1183.3
2010-10-25,1225.8
2010-11-01,1199.2
2010-11-08,1199.7
2010-11-15,1189.4
2010-11-22,1224.7
2010-11-29,1240.4
2010-12-06,1243.9
2010-12-13,1256.8
2010-12-20,1257.6
2010-12-27,1271.5
2011-01-03,1293.2
2011-01-10,1283.3
2011-01-17,1276.3
2011-01-24,1310.9
2011-01-31,1329.2
2011-02-07,1343.0
2011-02-14,1319.9
2011-02-21,1321.2
2011-02-28,1304.3
2011-03-07,1279.2
2011-03-14,1313.8
2011-03-21,1332.4
2011-03-28,1328.2
2011-04-04,1319.7
2011-04-11,1337.4
2011-04-18,1363.6
2011-04-25,1340.2
2011-05-02,1337.8
2011-05-09,1333.3
2011-05-16,1331.1
2011-05-23,1300.2
2011-05-30,1271.0
2011-06-06,1271.5
2011-06-13,1268.5
2011-06-20,1339.7
2011-06-27,1343.8
2011-07-04,1316.1
2011-07-11,1345.0
2011-07-18,1292.3
2011-07-25,1199.4
2011-08-01,1178.8
2011-08-08,1123.5
2011-08-15,1176.8
2011-08-22,1174.0
2011-08-29,1154.2
2011-09-05,1216.0
2011-09-12,1136.4
2011-09-19,1131.4
2011-09-26,1155.5
2011-10-03,1224.6
2011-10-10,1238.2
2011-10-17,1285.1
2011-10-24,1253.2
2011-10-31,1263.8
2011-11-07,1215.7
2011-11-14,1158.7
2011-11-21,1244.3
2011-11-28,1255.2
2011-12-05,1219.7
2011-12-12,1265.3
2011-12-19,1257.6
2011-12-26,1277.8
2012-01-02,1289.1
2012-01-09,1315.4
2012-01-16,1316.3
2012-01-23,1344.9
2012-01-30,1342.6
2012-02-06,1361.2
2012-02-13,1365.7
2012-02-20,1369.6
2012-02-27,1370.9
2012-03-05,1404.2
2012-03-12,1397.1
2012-03-19,1408.5
2012-03-26,1398.1
2012-04-02,1370.3
2012-04-09,1378.5
2012-04-16,1403.4
2012-04-23,1369.1
2012-04-30,1353.4
2012-05-07,1295.2
2012-05-14,1317.8
2012-05-21,1278.0
2012-05-28,1325.7
2012-06-04,1342.8
2012-06-11,1335.0
2012-06-18,1362.2
2012-06-25,1354.7
2012-07-02,1356.8
2012-07-09,1362.7
2012-07-16,1386.0
2012-07-23,1391.0
2012-07-30,1405.9
2012-08-06,1418.2
2012-08-13,1411.1
2012-08-20,1406.6
2012-08-27,1437.9
2012-09-03,1465.8
2012-09-10,1460.2
2012-09-17,1440.7
2012-09-24,1460.9
2012-10-01,1428.6
2012-10-08,1433.2
2012-10-15,1411.9
2012-10-22,1414.2
2012-10-29,1379.8
2012-11-05,1359.9
2012-11-12,1409.2
2012-11-19,1416.2
2012-11-26,1418.1
2012-12-03,1413.6
2012-12-10,1430.2
2012-12-17,1402.4
2012-12-24,1466.5
2012-12-31,1472.0
2013-01-07,1486.0
2013-01-14,1503.0
2013-01-21,1513.2
2013-01-28,1517.9
2013-02-04,1519.8
2013-02-11,1515.6
2013-02-18,1518.2
2013-02-25,1551.2
2013-03-04,1560.7
2013-03-11,1556.9
2013-03-18,1569.2
2013-03-25,1553.3
2013-04-01,1588.8
2013-04-08,1555.2
2013-04-15,1582.2
2013-04-22,1614.4
2013-04-29,1633.7
2013-05-06,1667.5
2013-05-13,1649.6
2013-05-20,1630.7
2013-05-27,1643.4
2013-06-03,1626.7
2013-06-10,1592.4
2013-06-17,1606.3
2013-06-24,1631.9
2013-07-01,1680.2
2013-07-08,1692.1
2013-07-15,1691.7
2013-07-22,1709.7
2013-07-29,1691.4
2013-08-05,1655.8
2013-08-12,1663.5
2013-08-19,1633.0
2013-08-26,1655.2
2013-09-02,1688.0
2013-09-09,1709.9
2013-09-16,1691.8
2013-09-23,1690.5
2013-09-30,1703.2
2013-10-07,1744.5
2013-10-14,1759.8
2013-10-21,1761.6
2013-10-28,1770.6
2013-11-04,1798.2
2013-11-11,1804.8
2013-11-18,1805.8
2013-11-25,1805.1
2013-12-02,1775.3
2013-12-09,1818.3
2013-12-16,1841.4
2013-12-23,1831.4
2013-12-30,1842.4
2014-01-06,1838.7
2014-01-13,1790.3
2014-01-20,1782.6
2014-01-27,1797.0
2014-02-03,1838.6
2014-02-10,1836.2
2014-02-17,1859.5
2014-02-24,1878.0
2014-03-03,1841.1
2014-03-10,1866.5
2014-03-17,1857.6
2014-03-24,1865.1
2014-03-31,1815.7
2014-04-07,1864.8
2014-04-14,1863.4
2014-04-21,1881.1
2014-04-28,1878.5
2014-05-05,1877.9
2014-05-12,1900.5
2014-05-19,1923.6
2014-05-26,1949.4
2014-06-02,1936.2
2014-06-09,1962.9
2014-06-16,1961.0
2014-06-23,1985.4
2014-06-30,1967.6
2014-07-07,1978.2
2014-07-14,1978.3
2014-07-21,1925.2
2014-07-28,1931.6
2014-08-04,1955.1
2014-08-11,1988.4
2014-08-18,2003.4
2014-08-25,2007.7
2014-09-01,1985.5
2014-09-08,2010.4
2014-09-15,1982.8
2014-09-22,1967.9
2014-09-29,1906.1
2014-10-06,1886.8
2014-10-13,1964.6
2014-10-20,2018.0
2014-10-27,2031.9
2014-11-03,2039.8
2014-11-10,2063.5
2014-11-17,2067.6
2014-11-24,2075.4
2014-12-01,2002.3
2014-12-08,2070.7
2014-12-15,2088.8
2014-12-22,2058.2
2014-12-29,2044.8
2015-01-05,2019.4
2015-01-12,2051.8
2015-01-19,1995.0
2015-01-26,2055.5
2015-02-02,2097.0
2015-02-09,2110.3
2015-02-16,2104.5
2015-02-23,2071.3
2015-03-02,2053.4
2015-03-09,2108.1
2015-03-16,2061.0
2015-03-23,2067.0
2015-03-30,2102.1
2015-04-06,2081.2
2015-04-13,2117.7
2015-04-20,2108.3
2015-04-27,2116.1
2015-05-04,2122.7
2015-05-11,2126.1
2015-05-18,2107.4
2015-05-25,2092.8
2015-06-01,2094.1
2015-06-08,2110.0
2015-06-15,2101.5
2015-06-22,2076.8
2015-06-29,2076.6
2015-07-06,2126.6
2015-07-13,2079.7
2015-07-20,2103.8
2015-07-27,2077.6
2015-08-03,2091.5
2015-08-10,1970.9
2015-08-17,1988.9
2015-08-24,1921.2
2015-08-31,1961.0
2015-09-07,1958.0
2015-09-14,1931.3
2015-09-21,1951.4
2015-09-28,2014.9
2015-10-05,2033.1
2015-10-12,2075.2
2015-10-19,2079.4
2015-10-26,2099.2
2015-11-02,2023.0
2015-11-09,2089.2
2015-11-16,2090.1
2015-11-23,2091.7
2015-11-30,2012.4
2015-12-07,2005.5
2015-12-14,2061.0
2015-12-21,2043.9
2015-12-28,1922.0
2016-01-04,1880.3
2016-01-11,1906.9
2016-01-18,1940.2
2016-01-25,1880.0
2016-02-01,1864.8
2016-02-08,1917.8
2016-02-15,1948.0
2016-02-22,2000.0
2016-02-29,2022.2
2016-03-07,2049.6
2016-03-14,2035.9
2016-03-21,2072.8
2016-03-28,2047.6
2016-04-04,2080.7
2016-04-11,2091.6
2016-04-18,2065.3
2016-04-25,2057.1
2016-05-02,2046.6
2016-05-09,2052.3
2016-05-16,2099.1
2016-05-23,2099.1
2016-05-30,2096.1
2016-06-06,2071.2
2016-06-13,2037.4
2016-06-20,2102.9
2016-06-27,2129.9
2016-07-04,2161.7
2016-07-11,2175.0
2016-07-18,2173.6
2016-07-25,2182.9
2016-08-01,2184.1
2016-08-08,2183.9
2016-08-15,2169.0
2016-08-22,2180.0
2016-08-29,2127.8
2016-09-05,2139.2
2016-09-12,2164.7
2016-09-19,2168.3
2016-09-26,2153.7
2016-10-03,2133.0
2016-10-10,2141.2
2016-10-17,2126.4
2016-10-24,2085.2
2016-10-31,2164.4
2016-11-07,2181.9
2016-11-14,2213.3
2016-11-21,2191.9
2016-11-28,2259.5
2016-12-05,2258.1
2016-12-12,2263.8
2016-12-19,2238.8
2016-12-26,2277.0
2017-01-02,2274.6
2017-01-09,2271.3
2017-01-16,2294.7
2017-01-23,2297.4
2017-01-30,2316.1
2017-02-06,2351.2
2017-02-13,2367.3
2017-02-20,2383.1
2017-02-27,2372.6
2017-03-06,2378.2
2017-03-13,2344.0
2017-03-20,2362.7
2017-03-27,2355.5
2017-04-03,2328.9
2017-04-10,2348.7
2017-04-17,2384.2
2017-04-24,2399.3
2017-05-01,2390.9
2017-05-08,2381.7
2017-05-15,2415.8
2017-05-22,2439.1
2017-05-29,2431.8
2017-06-05,2433.2
2017-06-12,2438.3
2017-06-19,2423.4
2017-06-26,2425.2
2017-07-03,2459.3
2017-07-10,2472.5
2017-07-17,2472.1
2017-07-24,2476.8
2017-07-31,2441.3
2017-08-07,2425.6
2017-08-14,2443.1
2017-08-21,2476.6
2017-08-28,2461.4
2017-09-04,2500.2
2017-09-11,2502.2
2017-09-18,2519.4
2017-09-25,2549.3
2017-10-02,2553.2
2017-10-09,2575.2
2017-10-16,2581.1
2017-10-23,2587.8
2017-10-30,2582.3
2017-11-06,2578.8
2017-11-13,2602.4
2017-11-20,2642.2
2017-11-27,2651.5
2017-12-04,2675.8
2017-12-11,2683.3
2017-12-18,2673.6
2017-12-25,2743.2
2018-01-01,2786.2
2018-01-08,2810.3
2018-01-15,2872.9
2018-01-22,2762.1
2018-01-29,2619.6
2018-02-05,2732.2
2018-02-12,2747.3
2018-02-19,2691.2
2018-02-26,2786.6
2018-03-05,2752.0
2018-03-12,2588.3
2018-03-19,2640.9
2018-03-26,2604.5
2018-04-02,2656.3
2018-04-09,2670.1
2018-04-16,2669.9
2018-04-23,2663.4
2018-04-30,2727.7
2018-05-07,2713.0
2018-05-14,2721.3
2018-05-21,2734.6
2018-05-28,2779.0
2018-06-04,2779.7
2018-06-11,2754.9
2018-06-18,2718.4
2018-06-25,2759.8
2018-07-02,2801.3
2018-07-09,2801.8
2018-07-16,2818.8
2018-07-23,2840.3
2018-07-30,2833.3
2018-08-06,2850.1
2018-08-13,2874.7
2018-08-20,2901.5
2018-08-27,2871.7
2018-09-03,2905.0
2018-09-10,2929.7
2018-09-17,2914.0
2018-09-24,2885.6
2018-10-01,2767.1
2018-10-08,2767.8
2018-10-15,2658.7
2018-10-22,2723.1
2018-10-29,2781.0
2018-11-05,2736.3
2018-11-12,2632.6
2018-11-19,2760.2
2018-11-26,2633.1
2018-12-03,2599.9
2018-12-10,2416.6
2018-12-17,2485.7
2018-12-24,2531.94
2018-12-31,2596.26
2019-01-07,2670.71
2019-01-14,2664.76
2019-01-21,2706.53
2019-01-28,2707.88
2019-02-04,2775.6
2019-02-11,2792.67
2019-02-18,2803.69
2019-02-25,2743.07
2019-03-04,2822.48
2019-03-11,2800.71
2019-03-18,2834.4
2019-03-25,2892.74
2019-04-01,2907.41
2019-04-08,2905.03
2019-04-15,2939.88
2019-04-22,2945.64
2019-04-29,2881.4
2019-05-06,2859.53
2019-05-13,2826.06
2019-05-20,2752.06
2019-05-27,2873.34
2019-06-03,2886.98
2019-06-10,2950.46
2019-06-17,2941.76
2019-06-24,2990.41
2019-07-01,3013.77
2019-07-08,2976.61
2019-07-15,3025.86
2019-07-22,2932.05
2019-07-29,2918.65
2019-08-05,2888.68
2019-08-12,2847.11
2019-08-19,2926.46
2019-08-26,2978.71
2019-09-02,3007.39
2019-09-09,2992.07
2019-09-16,2961.79
2019-09-23,2952.01
2019-09-30,2970.27
2019-10-07,2986.2
2019-10-14,3022.55
2019-10-21,3066.91
2019-10-28,3093.08
2019-11-04,3120.46
2019-11-11,3110.29
2019-11-18,3140.98
2019-11-25,3145.91
2019-12-02,3168.8
2019-12-09,3221.22
2019-12-16,3240.02
2019-12-23,3234.85
2019-12-30,3265.35
2020-01-06,3329.62
2020-01-13,3295.47
2020-01-20,3225.52
2020-01-27,3327.71
2020-02-03,3380.16
2020-02-10,3337.75
2020-02-17,2954.22
2020-02-24,2972.37
2020-03-02,2711.02
2020-03-09,2304.92
2020-03-16,2541.47
2020-03-23,2488.65
2020-03-30,2789.82
2020-04-06,2874.56
2020-04-13,2836.74
2020-04-20,2830.71
2020-04-27,2929.8
2020-05-04,2863.7
2020-05-11,2955.45
2020-05-18,3044.31
2020-05-25,3193.93
2020-06-01,3041.31
2020-06-08,3097.74
2020-06-15,3009.05
2020-06-22,3130.01
2020-06-29,3185.04
2020-07-06,3224.73
2020-07-13,3215.63
2020-07-20,3271.12
2020-07-27,3351.28
2020-08-03,3372.85
2020-08-10,3397.16
2020-08-17,3508.01
2020-08-24,3426.96
2020-08-31,3340.97
2020-09-07,3319.47
2020-09-14,3298.46
2020-09-21,3348.44
2020-09-28,3477.13
2020-10-05,3483.81
2020-10-12,3465.39
2020-10-19,3269.96
2020-10-26,3509.44
2020-11-02,3585.15
2020-11-09,3557.54
2020-11-16,3638.35
2020-11-23,3699.12
2020-11-30,3663.46
2020-12-07,3709.41
2020-12-14,3703.06
2020-12-21,3756.07
2020-12-28,3824.68
2021-01-04,3768.25
2021-01-11,3841.47
2021-01-18,3714.24
2021-01-25,3886.83
2021-02-01,3934.83
2021-02-08,3906.71
2021-02-15,3811.15
2021-02-22,3841.94
2021-03-01,3943.34
2021-03-08,3913.1
2021-03-15,3974.54
2021-03-22,4019.87
2021-03-29,4128.8
2021-04-05,4185.47
2021-04-12,4180.17
2021-04-19,4181.17
2021-04-26,4232.6
2021-05-03,4173.85
2021-05-10,4155.86
2021-05-17,4204.11
2021-05-24,4229.89
2021-05-31,4247.44
2021-06-07,4166.45
2021-06-14,4280.7
2021-06-21,4352.34
2021-06-28,4369.55
2021-07-05,4327.16
2021-07-12,4411.79
2021-07-19,4395.26
2021-07-26,4436.52
2021-08-02,4468.0
2021-08-09,4441.67
2021-08-16,4509.37
2021-08-23,4535.43
2021-08-30,4458.58
2021-09-06,4432.99
2021-09-13,4455.48
2021-09-20,4357.04
2021-09-27,4391.34
2021-10-04,4471.37
2021-10-11,4544.9
2021-10-18,4605.38
2021-10-25,4697.53
2021-11-01,4682.85
2021-11-08,4697.96
2021-11-15,4594.62
2021-11-22,4538.43
2021-11-29,4712.02
2021-12-06,4620.64
2021-12-13,4725.79
2021-12-20,4766.18
2021-12-27,4677.03
2022-01-03,4662.85
2022-01-10,4397.94
2022-01-17,4431.85
2022-01-24,4500.53
2022-01-31,4418.64
2022-02-07,4348.87
2022-02-14,4384.65
2022-02-21,4328.87
2022-02-28,4204.31
2022-03-07,4463.12
2022-03-14,4543.06
2022-03-21,4545.86
2022-03-28,4488.28
2022-04-04,4392.59
2022-04-11,4271.78
2022-04-18,4131.93
2022-04-25,4123.34
2022-05-02,4023.89
2022-05-09,3901.36
2022-05-16,4158.24
2022-05-23,4108.54
2022-05-30,3900.86
2022-06-06,3674.84
2022-06-13,3911.74
2022-06-20,3825.33
2022-06-27,3899.38
2022-07-04,3863.16
2022-07-11,3961.63
2022-07-18,4130.29
2022-07-25,4145.19
2022-08-01,4280.15
2022-08-08,4228.48
2022-08-15,4057.66
2022-08-22,3924.26
2022-08-29,4067.36
2022-09-05,3873.33
2022-09-12,3693.23
2022-09-19,3585.62
2022-09-26,3639.66
2022-10-03,3583.07
2022-10-10,3752.75
2022-10-17,3901.06
2022-10-24,3770.55
2022-10-31,3992.93
2022-11-07,3965.34
2022-11-14,4026.12
2022-11-21,4071.7
2022-11-28,3934.38
2022-12-05,3852.36
2022-12-12,3844.82
2022-12-19,3839.5
2022-12-26,3895.08
2023-01-02,3999.09
2023-01-09,3972.61
2023-01-16,4070.56
2023-01-23,4136.48
2023-01-30,4090.46
2023-02-06,4079.09
2023-02-13,3970.04
2023-02-20,4045.64
2023-02-27,3861.59
2023-03-06,3916.64
2023-03-13,3970.99
2023-03-20,4109.31
2023-03-27,4105.02
2023-04-03,4137.64
2023-04-10,4133.52
2023-04-17,4169.48
2023-04-24,4136.25
2023-05-01,4124.08
2023-05-08,4191.98
2023-05-15,4205.45
2023-05-22,4282.37
2023-05-29,4298.86
2023-06-05,4409.59
2023-06-12,4348.33
2023-06-19,4450.38
2023-06-26,4398.95
2023-07-03,4505.42
2023-07-10,4536.34
2023-07-17,4582.23
2023-07-24,4478.03
2023-07-31,4464.05
2023-08-07,4369.71
2023-08-14,4405.71
2023-08-21,4515.77
2023-08-28,4457.49
2023-09-04,4450.32
2023-09-11,4320.06
2023-09-18,4288.05
2023-09-25,4308.5
2023-10-02,4327.78
2023-10-09,4224.16
2023-10-16,4117.37
2023-10-23,4358.34
2023-10-30,4415.24
2023-11-06,4514.02
2023-11-13,4559.34
2023-11-20,4594.63
2023-11-27,4604.37
2023-12-04,4719.19
2023-12-11,4754.63
2023-12-18,4769.83
2023-12-25,4697.24
2024-01-01,4783.83
2024-01-08,4839.81
2024-01-15,4890.97
2024-01-22,4958.61
2024-01-29,5026.61
2024-02-05,5005.57
2024-02-12,5088.8
2024-02-19,5137.08
2024-02-26,5123.69
2024-03-04,5117.09
2024-03-11,5234.18
2024-03-18,5254.35
2024-03-25,5204.34
2024-04-01,5123.41
2024-04-08,4967.23
2024-04-15,5099.96
2024-04-22,5127.79
2024-04-29,5222.68
2024-05-06,5303.27
2024-05-13,5304.72
2024-05-20,5277.51
2024-05-27,5346.99
2024-06-03,5431.6
2024-06-10,5464.62
2024-06-17,5460.48
2024-06-24,5567.19
2024-07-01,5615.35
2024-07-08,5505.0
2024-07-15,5459.1
2024-07-22,5346.56
2024-07-29,5344.16
2024-08-05,5554.25
2024-08-12,5634.61
2024-08-19,5648.4
2024-08-26,5408.42
2024-09-02,5626.02
2024-09-09,5702.55
2024-09-16,5738.17
2024-09-23,5751.07
2024-09-30,5815.03
2024-10-07,5864.67
2024-10-14,5808.12
2024-10-21,5728.8
2024-10-28,5995.54
2024-11-04,5870.62
2024-11-11,5969.34
2024-11-18,6032.38
2024-11-25,6090.27
2024-12-02,6051.09
2024-12-09,5930.85
2024-12-16,5970.84
2024-12-23,5942.47
2024-12-30,5827.04
2025-01-06,5996.66
2025-01-13,6101.24
2025-01-20,6040.53
2025-01-27,6025.99
2025-02-03,6114.63
2025-02-10,6013.13
2025-02-17,5954.5
2025-02-24,5770.2
2025-03-03,5638.94
2025-03-10,5667.56
2025-03-17,5580.94
2025-03-24,5074.08
2025-03-31,5363.36
2025-04-07,5282.7
2025-04-14,5525.21
2025-04-21,5686.67
2025-04-28,5659.91
2025-05-05,5958.38
2025-05-12,5802.82
2025-05-19,5911.69
2025-05-26,6000.36
2025-06-02,5976.97
2025-06-09,5967.84
2025-06-16,6173.07
2025-06-23,6279.35
2025-06-30,6259.75
2025-07-07,6296.79
2025-07-14,6388.64
2025-07-21,6238.01
2025-07-28,6389.45
2025-08-04,6449.8
2025-08-11,6466.91
2025-08-18,6460.26
2025-08-25,6481.5
2025-09-01,6584.29
2025-09-08,6664.36
2025-09-15,6643.7
2025-09-22,6715.79
2025-09-29,6552.51
2025-10-06,6664.01
2025-10-13,6791.69
2025-10-20,6840.2
2025-10-27,6728.8
2025-11-03,6734.11
2025-11-10,6602.99
2025-11-17,6849.09
2025-11-24,6870.4
2025-12-01,6827.41
2025-12-08,6834.5
2025-12-15,6929.94
2025-12-22,6858.47
2025-12-29,6966.28
2026-01-05,6940.01
2026-01-12,6915.61
2026-01-19,6939.03
2026-01-26,6932.3
2026-02-02,6836.17
2026-02-09,6909.51
2026-02-16,6878.88
2026-02-23,6740.02
2026-03-02,6632.19
2026-03-09,6506.48
2026-03-16,6368.85
2026-03-23,6582.69
2026-03-30,6816.89
2026-04-06,7126.06
2026-04-13,7165.08
2026-04-20,7230.12
2026-04-27,7398.93
2026-05-04,7408.5
2026-05-11,7473.47
2026-05-18,7580.06
2026-05-25,7383.74
2026-06-01,7431.46
2026-06-08,7500.58
2026-06-15,7354.02
2026-06-22,7483.24
2026-06-29,7575.39
2026-07-06,7457.69
2026-07-13,7411.98
2026-07-20,7489.72
2026-07-27,7757.64
2026-08-03,7785.76
2026-08-10,7674.37
2026-08-17,7711.76
2026-08-24,7718.6
2026-08-31,7656.98
2026-09-07,7650.5
2026-09-14,7650.5
2026-09-21,7764.64
