date,us10y
1/5/1962,4.02
1/12/1962,4.08
1/19/1962,4.11
1/26/1962,4.11
2/2/1962,4.08
2/9/1962,4.05
2/16/1962,4.02
2/23/1962,4.02
3/2/1962,3.98
3/9/1962,3.96
3/16/1962,3.96
3/23/1962,3.87
3/30/1962,3.86
4/6/1962,3.81
4/13/1962,3.85
4/20/1962,3.82
4/27/1962,3.86
5/4/1962,3.87
5/11/1962,3.82
5/18/1962,3.93
5/25/1962,3.88
6/1/1962,3.89
6/8/1962,3.86
6/15/1962,3.89
6/22/1962,3.9
6/29/1962,4
7/6/1962,4.02
7/13/1962,4
7/20/1962,4.01
7/27/1962,4.02
8/3/1962,4.01
8/10/1962,3.99
8/17/1962,3.96
8/24/1962,3.95
8/31/1962,3.96
9/7/1962,4.01
9/14/1962,3.99
9/21/1962,3.98
9/28/1962,3.94
10/5/1962,3.92
10/12/1962,3.94
10/19/1962,3.88
10/26/1962,3.93
11/2/1962,3.91
11/9/1962,3.89
11/16/1962,3.93
11/23/1962,3.92
11/30/1962,3.92
12/7/1962,3.91
12/14/1962,3.87
12/21/1962,3.81
12/28/1962,3.84
1/4/1963,3.84
1/11/1963,3.8
1/18/1963,3.84
1/25/1963,3.85
2/1/1963,3.88
2/8/1963,3.91
2/15/1963,3.91
2/22/1963,3.95
3/1/1963,3.93
3/8/1963,3.92
3/15/1963,3.92
3/22/1963,3.93
3/29/1963,3.95
4/5/1963,3.95
4/12/1963,4
4/19/1963,3.97
4/26/1963,3.95
5/3/1963,3.93
5/10/1963,3.93
5/17/1963,3.92
5/24/1963,3.95
5/31/1963,3.96
6/7/1963,3.99
6/14/1963,3.99
6/21/1963,4
6/28/1963,4
7/5/1963,4.04
7/12/1963,4.03
7/19/1963,4.02
7/26/1963,3.99
8/2/1963,3.99
8/9/1963,4
8/16/1963,4
8/23/1963,4
8/30/1963,4.02
9/6/1963,4.09
9/13/1963,4.09
9/20/1963,4.07
9/27/1963,4.07
10/4/1963,4.08
10/11/1963,4.1
10/18/1963,4.12
10/25/1963,4.12
11/1/1963,4.15
11/8/1963,4.16
11/15/1963,4.11
11/22/1963,4.09
11/29/1963,4.08
12/6/1963,4.11
12/13/1963,4.13
12/20/1963,4.15
12/27/1963,4.15
1/3/1964,4.15
1/10/1964,4.18
1/17/1964,4.17
1/24/1964,4.18
1/31/1964,4.15
2/7/1964,4.14
2/14/1964,4.13
2/21/1964,4.14
2/28/1964,4.18
3/6/1964,4.19
3/13/1964,4.22
3/20/1964,4.25
3/27/1964,4.25
4/3/1964,4.25
4/10/1964,4.22
4/17/1964,4.24
4/24/1964,4.23
5/1/1964,4.22
5/8/1964,4.2
5/15/1964,4.19
5/22/1964,4.2
5/29/1964,4.19
6/5/1964,4.18
6/12/1964,4.18
6/19/1964,4.16
6/26/1964,4.15
7/3/1964,4.15
7/10/1964,4.19
7/17/1964,4.2
7/24/1964,4.2
7/31/1964,4.19
8/7/1964,4.19
8/14/1964,4.19
8/21/1964,4.19
8/28/1964,4.21
9/4/1964,4.22
9/11/1964,4.22
9/18/1964,4.2
9/25/1964,4.19
10/2/1964,4.18
10/9/1964,4.19
10/16/1964,4.21
10/23/1964,4.19
10/30/1964,4.16
11/6/1964,4.15
11/13/1964,4.13
11/20/1964,4.13
11/27/1964,4.19
12/4/1964,4.18
12/11/1964,4.15
12/18/1964,4.19
12/25/1964,4.19
1/1/1965,4.21
1/8/1965,4.2
1/15/1965,4.19
1/22/1965,4.17
1/29/1965,4.19
2/5/1965,4.22
2/12/1965,4.21
2/19/1965,4.22
2/26/1965,4.22
3/5/1965,4.23
3/12/1965,4.22
3/19/1965,4.2
3/26/1965,4.2
4/2/1965,4.2
4/9/1965,4.2
4/16/1965,4.2
4/23/1965,4.21
4/30/1965,4.21
5/7/1965,4.2
5/14/1965,4.21
5/21/1965,4.22
5/28/1965,4.23
6/4/1965,4.23
6/11/1965,4.23
6/18/1965,4.21
6/25/1965,4.19
7/2/1965,4.21
7/9/1965,4.21
7/16/1965,4.2
7/23/1965,4.2
7/30/1965,4.22
8/6/1965,4.24
8/13/1965,4.25
8/20/1965,4.26
8/27/1965,4.27
9/3/1965,4.27
9/10/1965,4.28
9/17/1965,4.27
9/24/1965,4.31
10/1/1965,4.36
10/8/1965,4.32
10/15/1965,4.34
10/22/1965,4.36
10/29/1965,4.41
11/5/1965,4.43
11/12/1965,4.44
11/19/1965,4.46
11/26/1965,4.45
12/3/1965,4.52
12/10/1965,4.6
12/17/1965,4.65
12/24/1965,4.65
12/31/1965,4.65
1/7/1966,4.6
1/14/1966,4.59
1/21/1966,4.59
1/28/1966,4.65
2/4/1966,4.71
2/11/1966,4.86
2/18/1966,4.9
2/25/1966,4.97
3/4/1966,4.98
3/11/1966,4.96
3/18/1966,4.84
3/25/1966,4.82
4/1/1966,4.7
4/8/1966,4.73
4/15/1966,4.77
4/22/1966,4.77
4/29/1966,4.79
5/6/1966,4.79
5/13/1966,4.77
5/20/1966,4.75
5/27/1966,4.81
6/3/1966,4.78
6/10/1966,4.83
6/17/1966,4.8
6/24/1966,4.8
7/1/1966,4.99
7/8/1966,4.97
7/15/1966,5.09
7/22/1966,5.02
7/29/1966,5.05
8/5/1966,5.07
8/12/1966,5.11
8/19/1966,5.31
8/26/1966,5.48
9/2/1966,5.23
9/9/1966,5.17
9/16/1966,5.24
9/23/1966,5.17
9/30/1966,5.02
10/7/1966,5.02
10/14/1966,5.06
10/21/1966,4.94
10/28/1966,4.97
11/4/1966,5.11
11/11/1966,5.17
11/18/1966,5.22
11/25/1966,5.23
12/2/1966,5.03
12/9/1966,5.05
12/16/1966,4.78
12/23/1966,4.67
12/30/1966,4.64
1/6/1967,4.64
1/13/1967,4.51
1/20/1967,4.6
1/27/1967,4.47
2/3/1967,4.52
2/10/1967,4.59
2/17/1967,4.68
2/24/1967,4.73
3/3/1967,4.62
3/10/1967,4.58
3/17/1967,4.47
3/24/1967,4.5
3/31/1967,4.5
4/7/1967,4.48
4/14/1967,4.56
4/21/1967,4.66
4/28/1967,4.78
5/5/1967,4.77
5/12/1967,4.82
5/19/1967,4.89
5/26/1967,4.86
6/2/1967,4.82
6/9/1967,4.89
6/16/1967,5.07
6/23/1967,5.14
6/30/1967,5.22
7/7/1967,5.15
7/14/1967,5.08
7/21/1967,5.2
7/28/1967,5.18
8/4/1967,5.26
8/11/1967,5.29
8/18/1967,5.28
8/25/1967,5.32
9/1/1967,5.25
9/8/1967,5.26
9/15/1967,5.29
9/22/1967,5.36
9/29/1967,5.31
10/6/1967,5.37
10/13/1967,5.45
10/20/1967,5.52
10/27/1967,5.57
11/3/1967,5.75
11/10/1967,5.83
11/17/1967,5.75
11/24/1967,5.78
12/1/1967,5.78
12/8/1967,5.72
12/15/1967,5.71
12/22/1967,5.69
12/29/1967,5.7
1/5/1968,5.48
1/12/1968,5.43
1/19/1968,5.59
1/26/1968,5.53
2/2/1968,5.58
2/9/1968,5.59
2/16/1968,5.5
2/23/1968,5.56
3/1/1968,5.56
3/8/1968,5.75
3/15/1968,5.84
3/22/1968,5.74
3/29/1968,5.76
4/5/1968,5.52
4/12/1968,5.54
4/19/1968,5.76
4/26/1968,5.71
5/3/1968,5.8
5/10/1968,5.79
5/17/1968,5.92
5/24/1968,5.96
5/31/1968,5.86
6/7/1968,5.82
6/14/1968,5.72
6/21/1968,5.6
6/28/1968,5.64
7/5/1968,5.56
7/12/1968,5.53
7/19/1968,5.53
7/26/1968,5.39
8/2/1968,5.34
8/9/1968,5.39
8/16/1968,5.42
8/23/1968,5.47
8/30/1968,5.42
9/6/1968,5.48
9/13/1968,5.48
9/20/1968,5.45
9/27/1968,5.46
10/4/1968,5.52
10/11/1968,5.61
10/18/1968,5.57
10/25/1968,5.6
11/1/1968,5.61
11/8/1968,5.65
11/15/1968,5.68
11/22/1968,5.74
11/29/1968,5.78
12/6/1968,5.91
12/13/1968,5.93
12/20/1968,6.14
12/27/1968,6.2
1/3/1969,6.01
1/10/1969,6.03
1/17/1969,5.97
1/24/1969,6.01
1/31/1969,6.19
2/7/1969,6.14
2/14/1969,6.11
2/21/1969,6.24
2/28/1969,6.26
3/7/1969,6.27
3/14/1969,6.31
3/21/1969,6.29
3/28/1969,6.3
4/4/1969,6.26
4/11/1969,6.15
4/18/1969,6.16
4/25/1969,6.15
5/2/1969,6.23
5/9/1969,6.23
5/16/1969,6.31
5/23/1969,6.38
5/30/1969,6.56
6/6/1969,6.52
6/13/1969,6.51
6/20/1969,6.59
6/27/1969,6.66
7/4/1969,6.75
7/11/1969,6.64
7/18/1969,6.7
7/25/1969,6.71
8/1/1969,6.66
8/8/1969,6.64
8/15/1969,6.68
8/22/1969,6.71
8/29/1969,6.83
9/5/1969,6.99
9/12/1969,7.08
9/19/1969,7.28
9/26/1969,7.4
10/3/1969,7.38
10/10/1969,7.22
10/17/1969,6.99
10/24/1969,6.9
10/31/1969,6.94
11/7/1969,6.99
11/14/1969,7.08
11/21/1969,7.28
11/28/1969,7.29
12/5/1969,7.35
12/12/1969,7.6
12/19/1969,7.79
12/26/1969,7.87
1/2/1970,7.86
1/9/1970,7.86
1/16/1970,7.75
1/23/1970,7.69
1/30/1970,7.75
2/6/1970,7.36
2/13/1970,7.15
2/20/1970,7.12
2/27/1970,6.9
3/6/1970,6.96
3/13/1970,7.23
3/20/1970,7.06
3/27/1970,6.98
4/3/1970,7.14
4/10/1970,7.17
4/17/1970,7.4
4/24/1970,7.72
5/1/1970,7.85
5/8/1970,7.78
5/15/1970,7.83
5/22/1970,7.99
5/29/1970,7.95
6/5/1970,7.88
6/12/1970,7.98
6/19/1970,7.9
6/26/1970,7.78
7/3/1970,7.55
7/10/1970,7.54
7/17/1970,7.45
7/24/1970,7.34
7/31/1970,7.38
8/7/1970,7.45
8/14/1970,7.67
8/21/1970,7.6
8/28/1970,7.49
9/4/1970,7.47
9/11/1970,7.5
9/18/1970,7.31
9/25/1970,7.28
10/2/1970,7.26
10/9/1970,7.25
10/16/1970,7.31
10/23/1970,7.44
10/30/1970,7.33
11/6/1970,7.15
11/13/1970,7
11/20/1970,6.48
11/27/1970,6.48
12/4/1970,6.21
12/11/1970,6.31
12/18/1970,6.33
12/25/1970,6.53
1/1/1971,6.5
1/8/1971,6.44
1/15/1971,6.22
1/22/1971,6.06
1/29/1971,6.09
2/5/1971,6.1
2/12/1971,6.08
2/19/1971,6.12
2/26/1971,6.14
3/5/1971,6.03
3/12/1971,5.72
3/19/1971,5.51
3/26/1971,5.48
4/2/1971,5.6
4/9/1971,5.62
4/16/1971,5.82
4/23/1971,6.01
4/30/1971,6.08
5/7/1971,6.25
5/14/1971,6.49
5/21/1971,6.53
5/28/1971,6.38
6/4/1971,6.26
6/11/1971,6.5
6/18/1971,6.58
6/25/1971,6.62
7/2/1971,6.69
7/9/1971,6.68
7/16/1971,6.66
7/23/1971,6.84
7/30/1971,6.85
8/6/1971,6.86
8/13/1971,6.68
8/20/1971,6.37
8/27/1971,6.33
9/3/1971,6.12
9/10/1971,6.12
9/17/1971,6.13
9/24/1971,6.16
10/1/1971,6
10/8/1971,5.94
10/15/1971,5.9
10/22/1971,5.9
10/29/1971,5.87
11/5/1971,5.72
11/12/1971,5.77
11/19/1971,5.79
11/26/1971,5.94
12/3/1971,5.88
12/10/1971,5.93
12/17/1971,5.93
12/24/1971,5.97
12/31/1971,5.89
1/7/1972,5.88
1/14/1972,5.85
1/21/1972,5.99
1/28/1972,6.08
2/4/1972,6.08
2/11/1972,6.12
2/18/1972,6.06
2/25/1972,6.06
3/3/1972,6.02
3/10/1972,6.03
3/17/1972,6.08
3/24/1972,6.12
3/31/1972,6.12
4/7/1972,6.18
4/14/1972,6.25
4/21/1972,6.2
4/28/1972,6.14
5/5/1972,6.17
5/12/1972,6.16
5/19/1972,6.1
5/26/1972,6.04
6/2/1972,6.09
6/9/1972,6.11
6/16/1972,6.1
6/23/1972,6.1
6/30/1972,6.15
7/7/1972,6.13
7/14/1972,6.1
7/21/1972,6.1
7/28/1972,6.12
8/4/1972,6.16
8/11/1972,6.14
8/18/1972,6.21
8/25/1972,6.26
9/1/1972,6.43
9/8/1972,6.56
9/15/1972,6.56
9/22/1972,6.62
9/29/1972,6.54
10/6/1972,6.52
10/13/1972,6.5
10/20/1972,6.47
10/27/1972,6.42
11/3/1972,6.3
11/10/1972,6.3
11/17/1972,6.24
11/24/1972,6.27
12/1/1972,6.29
12/8/1972,6.32
12/15/1972,6.35
12/22/1972,6.4
12/29/1972,6.41
1/5/1973,6.42
1/12/1973,6.44
1/19/1973,6.49
1/26/1973,6.53
2/2/1973,6.64
2/9/1973,6.63
2/16/1973,6.63
2/23/1973,6.61
3/2/1973,6.67
3/9/1973,6.68
3/16/1973,6.77
3/23/1973,6.76
3/30/1973,6.73
4/6/1973,6.64
4/13/1973,6.63
4/20/1973,6.66
4/27/1973,6.69
5/4/1973,6.79
5/11/1973,6.82
5/18/1973,6.86
5/25/1973,6.91
6/1/1973,6.96
6/8/1973,6.87
6/15/1973,6.86
6/22/1973,6.91
6/29/1973,6.94
7/6/1973,7.03
7/13/1973,7.05
7/20/1973,7.17
7/27/1973,7.35
8/3/1973,7.53
8/10/1973,7.52
8/17/1973,7.28
8/24/1973,7.23
8/31/1973,7.25
9/7/1973,7.11
9/14/1973,7.21
9/21/1973,7.02
9/28/1973,6.9
10/5/1973,6.86
10/12/1973,6.75
10/19/1973,6.8
10/26/1973,6.72
11/2/1973,6.72
11/9/1973,6.76
11/16/1973,6.72
11/23/1973,6.7
11/30/1973,6.69
12/7/1973,6.74
12/14/1973,6.68
12/21/1973,6.78
12/28/1973,6.91
1/4/1974,6.94
1/11/1974,7.01
1/18/1974,6.98
1/25/1974,7.02
2/1/1974,7
2/8/1974,6.93
2/15/1974,6.93
2/22/1974,6.97
3/1/1974,7.08
3/8/1974,7.06
3/15/1974,7.18
3/22/1974,7.35
3/29/1974,7.41
4/5/1974,7.54
4/12/1974,7.45
4/19/1974,7.51
4/26/1974,7.64
5/3/1974,7.65
5/10/1974,7.63
5/17/1974,7.57
5/24/1974,7.49
5/31/1974,7.52
6/7/1974,7.46
6/14/1974,7.5
6/21/1974,7.55
6/28/1974,7.64
7/5/1974,7.71
7/12/1974,7.85
7/19/1974,7.87
7/26/1974,7.79
8/2/1974,7.96
8/9/1974,8.03
8/16/1974,8
8/23/1974,8.15
8/30/1974,8.11
9/6/1974,8.09
9/13/1974,8.13
9/20/1974,8.02
9/27/1974,7.94
10/4/1974,8.02
10/11/1974,7.88
10/18/1974,7.86
10/25/1974,7.86
11/1/1974,7.8
11/8/1974,7.72
11/15/1974,7.61
11/22/1974,7.6
11/29/1974,7.64
12/6/1974,7.59
12/13/1974,7.38
12/20/1974,7.27
12/27/1974,7.39
1/3/1975,7.43
1/10/1975,7.37
1/17/1975,7.53
1/24/1975,7.64
1/31/1975,7.53
2/7/1975,7.38
2/14/1975,7.35
2/21/1975,7.22
2/28/1975,7.46
3/7/1975,7.52
3/14/1975,7.58
3/21/1975,7.84
3/28/1975,8.08
4/4/1975,8.15
4/11/1975,8.22
4/18/1975,8.27
4/25/1975,8.25
5/2/1975,8.11
5/9/1975,8.08
5/16/1975,8.01
5/23/1975,8.02
5/30/1975,8.04
6/6/1975,7.88
6/13/1975,7.69
6/20/1975,7.94
6/27/1975,7.95
7/4/1975,8.05
7/11/1975,7.99
7/18/1975,8.06
7/25/1975,8.12
8/1/1975,8.26
8/8/1975,8.4
8/15/1975,8.48
8/22/1975,8.46
8/29/1975,8.22
9/5/1975,8.35
9/12/1975,8.57
9/19/1975,8.42
9/26/1975,8.45
10/3/1975,8.33
10/10/1975,8.15
10/17/1975,8.07
10/24/1975,8
10/31/1975,7.91
11/7/1975,7.91
11/14/1975,8.06
11/21/1975,8.21
11/28/1975,8.14
12/5/1975,8.13
12/12/1975,8.12
12/19/1975,7.88
12/26/1975,7.75
1/2/1976,7.77
1/9/1976,7.64
1/16/1976,7.79
1/23/1976,7.78
1/30/1976,7.8
2/6/1976,7.88
2/13/1976,7.82
2/20/1976,7.77
2/27/1976,7.77
3/5/1976,7.8
3/12/1976,7.71
3/19/1976,7.74
3/26/1976,7.64
4/2/1976,7.67
4/9/1976,7.52
4/16/1976,7.47
4/23/1976,7.59
4/30/1976,7.67
5/7/1976,7.87
5/14/1976,7.93
5/21/1976,8
5/28/1976,7.96
6/4/1976,7.89
6/11/1976,7.86
6/18/1976,7.81
6/25/1976,7.83
7/2/1976,7.84
7/9/1976,7.78
7/16/1976,7.83
7/23/1976,7.84
7/30/1976,7.86
8/6/1976,7.84
8/13/1976,7.78
8/20/1976,7.76
8/27/1976,7.72
9/3/1976,7.65
9/10/1976,7.64
9/17/1976,7.49
9/24/1976,7.58
10/1/1976,7.49
10/8/1976,7.38
10/15/1976,7.31
10/22/1976,7.48
10/29/1976,7.42
11/5/1976,7.41
11/12/1976,7.43
11/19/1976,7.24
11/26/1976,6.99
12/3/1976,6.86
12/10/1976,6.82
12/17/1976,6.88
12/24/1976,6.84
12/31/1976,6.81
1/7/1977,7.07
1/14/1977,7.28
1/21/1977,7.28
1/28/1977,7.4
2/4/1977,7.28
2/11/1977,7.36
2/18/1977,7.41
2/25/1977,7.48
3/4/1977,7.48
3/11/1977,7.44
3/18/1977,7.44
3/25/1977,7.48
4/1/1977,7.43
4/8/1977,7.43
4/15/1977,7.25
4/22/1977,7.36
4/29/1977,7.45
5/6/1977,7.5
5/13/1977,7.48
5/20/1977,7.49
5/27/1977,7.38
6/3/1977,7.36
6/10/1977,7.3
6/17/1977,7.24
6/24/1977,7.2
7/1/1977,7.34
7/8/1977,7.31
7/15/1977,7.31
7/22/1977,7.31
7/29/1977,7.42
8/5/1977,7.42
8/12/1977,7.48
8/19/1977,7.4
8/26/1977,7.27
9/2/1977,7.24
9/9/1977,7.36
9/16/1977,7.32
9/23/1977,7.39
9/30/1977,7.41
10/7/1977,7.48
10/14/1977,7.54
10/21/1977,7.55
10/28/1977,7.56
11/4/1977,7.64
11/11/1977,7.59
11/18/1977,7.54
11/25/1977,7.52
12/2/1977,7.59
12/9/1977,7.63
12/16/1977,7.67
12/23/1977,7.75
12/30/1977,7.78
1/6/1978,7.85
1/13/1978,7.98
1/20/1978,7.97
1/27/1978,7.97
2/3/1978,7.97
2/10/1978,8.02
2/17/1978,8.09
2/24/1978,8.04
3/3/1978,8.04
3/10/1978,8
3/17/1978,8
3/24/1978,8.01
3/31/1978,8.15
4/7/1978,8.14
4/14/1978,8.12
4/21/1978,8.16
4/28/1978,8.24
5/5/1978,8.34
5/12/1978,8.36
5/19/1978,8.38
5/26/1978,8.42
6/2/1978,8.39
6/9/1978,8.41
6/16/1978,8.43
6/23/1978,8.55
6/30/1978,8.62
7/7/1978,8.66
7/14/1978,8.68
7/21/1978,8.67
7/28/1978,8.55
8/4/1978,8.38
8/11/1978,8.44
8/18/1978,8.46
8/25/1978,8.34
9/1/1978,8.38
9/8/1978,8.34
9/15/1978,8.35
9/22/1978,8.56
9/29/1978,8.56
10/6/1978,8.58
10/13/1978,8.52
10/20/1978,8.66
10/27/1978,8.78
11/3/1978,8.86
11/10/1978,8.86
11/17/1978,8.72
11/24/1978,8.86
12/1/1978,8.8
12/8/1978,8.9
12/15/1978,9
12/22/1978,9.11
12/29/1978,9.15
1/5/1979,9.1
1/12/1979,9.14
1/19/1979,9.15
1/26/1979,8.93
2/2/1979,8.89
2/9/1979,9.11
2/16/1979,9.11
2/23/1979,9.21
3/2/1979,9.16
3/9/1979,9.11
3/16/1979,9.12
3/23/1979,9.12
3/30/1979,9.11
4/6/1979,9.1
4/13/1979,9.2
4/20/1979,9.19
4/27/1979,9.32
5/4/1979,9.39
5/11/1979,9.34
5/18/1979,9.23
5/25/1979,9.01
6/1/1979,9.05
6/8/1979,8.9
6/15/1979,8.96
6/22/1979,8.98
6/29/1979,8.81
7/6/1979,8.82
7/13/1979,8.94
7/20/1979,8.98
7/27/1979,9.02
8/3/1979,8.92
8/10/1979,9
8/17/1979,9.01
8/24/1979,9.14
8/31/1979,9.24
9/7/1979,9.34
9/14/1979,9.29
9/21/1979,9.26
9/28/1979,9.44
10/5/1979,9.6
10/12/1979,10.15
10/19/1979,10.68
10/26/1979,10.67
11/2/1979,10.84
11/9/1979,10.68
11/16/1979,10.77
11/23/1979,10.51
11/30/1979,10.38
12/7/1979,10.3
12/14/1979,10.45
12/21/1979,10.39
12/28/1979,10.41
1/4/1980,10.66
1/11/1980,10.68
1/18/1980,10.82
1/25/1980,11.1
2/1/1980,11.29
2/8/1980,11.8
2/15/1980,12.2
2/22/1980,13.06
2/29/1980,12.72
3/7/1980,12.86
3/14/1980,12.52
3/21/1980,12.75
3/28/1980,12.72
4/4/1980,12.52
4/11/1980,11.79
4/18/1980,11.05
4/25/1980,10.95
5/2/1980,10.24
5/9/1980,10.3
5/16/1980,10.37
5/23/1980,9.85
5/30/1980,10.25
6/6/1980,9.81
6/13/1980,9.51
6/20/1980,9.49
6/27/1980,10.04
7/4/1980,10.01
7/11/1980,10.28
7/18/1980,10.2
7/25/1980,10.35
8/1/1980,10.76
8/8/1980,10.87
8/15/1980,10.86
8/22/1980,11.13
8/29/1980,11.55
9/5/1980,11.21
9/12/1980,11.37
9/19/1980,11.33
9/26/1980,11.99
10/3/1980,11.4
10/10/1980,11.44
10/17/1980,11.62
10/24/1980,11.74
10/31/1980,12.46
11/7/1980,12.66
11/14/1980,12.79
11/21/1980,12.8
11/28/1980,12.72
12/5/1980,12.85
12/12/1980,13.21
12/19/1980,12.64
12/26/1980,12.25
1/2/1981,12.42
1/9/1981,12.57
1/16/1981,12.53
1/23/1981,12.84
1/30/1981,12.68
2/6/1981,13.09
2/13/1981,13.65
2/20/1981,12.9
2/27/1981,13.43
3/6/1981,13.2
3/13/1981,12.86
3/20/1981,12.77
3/27/1981,13.36
4/3/1981,13.4
4/10/1981,13.59
4/17/1981,13.79
4/24/1981,13.88
5/1/1981,14.05
5/8/1981,14.23
5/15/1981,14.07
5/22/1981,13.82
5/29/1981,13.5
6/5/1981,13.56
6/12/1981,13.35
6/19/1981,13.46
6/26/1981,13.69
7/3/1981,13.95
7/10/1981,13.94
7/17/1981,14.09
7/24/1981,14.41
7/31/1981,14.67
8/7/1981,14.83
8/14/1981,14.74
8/21/1981,14.97
8/28/1981,15.25
9/4/1981,15.51
9/11/1981,15.05
9/18/1981,14.91
9/25/1981,15.68
10/2/1981,15.41
10/9/1981,14.73
10/16/1981,14.94
10/23/1981,15.3
10/30/1981,14.63
11/6/1981,13.94
11/13/1981,13.18
11/20/1981,13.14
11/27/1981,12.92
12/4/1981,13.15
12/11/1981,13.84
12/18/1981,13.51
12/25/1981,14.01
1/1/1982,13.98
1/8/1982,14.48
1/15/1982,14.82
1/22/1982,14.69
1/29/1982,14.14
2/5/1982,14.65
2/12/1982,14.71
2/19/1982,14.24
2/26/1982,14.03
3/5/1982,13.59
3/12/1982,13.97
3/19/1982,13.89
3/26/1982,14.01
4/2/1982,14.1
4/9/1982,13.98
4/16/1982,13.71
4/23/1982,13.69
4/30/1982,13.87
5/7/1982,13.48
5/14/1982,13.48
5/21/1982,13.52
5/28/1982,13.71
6/4/1982,13.98
6/11/1982,13.93
6/18/1982,14.62
6/25/1982,14.76
7/2/1982,14.5
7/9/1982,14.03
7/16/1982,13.7
7/23/1982,13.56
7/30/1982,13.68
8/6/1982,13.85
8/13/1982,13.2
8/20/1982,12.24
8/27/1982,12.77
9/3/1982,12.47
9/10/1982,12.73
9/17/1982,12.51
9/24/1982,12.09
10/1/1982,11.51
10/8/1982,10.83
10/15/1982,10.75
10/22/1982,10.81
10/29/1982,10.71
11/5/1982,10.48
11/12/1982,10.58
11/19/1982,10.42
11/26/1982,10.51
12/3/1982,10.47
12/10/1982,10.66
12/17/1982,10.64
12/24/1982,10.47
12/31/1982,10.36
1/7/1983,10.36
1/14/1983,10.28
1/21/1983,10.61
1/28/1983,10.71
2/4/1983,10.99
2/11/1983,10.8
2/18/1983,10.6
2/25/1983,10.26
3/4/1983,10.27
3/11/1983,10.59
3/18/1983,10.58
3/25/1983,10.64
4/1/1983,10.62
4/8/1983,10.51
4/15/1983,10.33
4/22/1983,10.42
4/29/1983,10.27
5/6/1983,10.13
5/13/1983,10.22
5/20/1983,10.54
5/27/1983,10.62
6/3/1983,10.79
6/10/1983,10.89
6/17/1983,10.68
6/24/1983,11.02
7/1/1983,10.93
7/8/1983,11.33
7/15/1983,11.51
7/22/1983,11.43
7/29/1983,11.76
8/5/1983,12.1
8/12/1983,11.96
8/19/1983,11.72
8/26/1983,11.65
9/2/1983,12.01
9/9/1983,11.73
9/16/1983,11.68
9/23/1983,11.49
9/30/1983,11.44
10/7/1983,11.33
10/14/1983,11.58
10/21/1983,11.43
10/28/1983,11.68
11/4/1983,11.85
11/11/1983,11.71
11/18/1983,11.72
11/25/1983,11.55
12/2/1983,11.75
12/9/1983,11.9
12/16/1983,11.88
12/23/1983,11.79
12/30/1983,11.82
1/6/1984,11.73
1/13/1984,11.59
1/20/1984,11.64
1/27/1984,11.63
2/3/1984,11.6
2/10/1984,11.83
2/17/1984,11.92
2/24/1984,11.99
3/2/1984,11.99
3/9/1984,12.28
3/16/1984,12.34
3/23/1984,12.48
3/30/1984,12.53
4/6/1984,12.51
4/13/1984,12.57
4/20/1984,12.77
4/27/1984,12.79
5/4/1984,13.07
5/11/1984,13.46
5/18/1984,13.45
5/25/1984,13.75
6/1/1984,13.63
6/8/1984,13.46
6/15/1984,13.21
6/22/1984,13.74
6/29/1984,13.84
7/6/1984,13.75
7/13/1984,13.3
7/20/1984,13.36
7/27/1984,12.95
8/3/1984,12.61
8/10/1984,12.68
8/17/1984,12.7
8/24/1984,12.66
8/31/1984,12.79
9/7/1984,12.7
9/14/1984,12.42
9/21/1984,12.45
9/28/1984,12.47
10/5/1984,12.39
10/12/1984,12.28
10/19/1984,11.93
10/26/1984,11.99
11/2/1984,11.66
11/9/1984,11.71
11/16/1984,11.69
11/23/1984,11.24
11/30/1984,11.58
12/7/1984,11.7
12/14/1984,11.56
12/21/1984,11.34
12/28/1984,11.46
1/4/1985,11.67
1/11/1985,11.59
1/18/1985,11.39
1/25/1985,11.11
2/1/1985,11.29
2/8/1985,11.37
2/15/1985,11.38
2/22/1985,11.76
3/1/1985,11.86
3/8/1985,11.71
3/15/1985,11.93
3/22/1985,11.88
3/29/1985,11.65
4/5/1985,11.75
4/12/1985,11.43
4/19/1985,11.16
4/26/1985,11.35
5/3/1985,11.21
5/10/1985,11.04
5/17/1985,10.84
5/24/1985,10.57
5/31/1985,10.28
6/7/1985,10.19
6/14/1985,9.98
6/21/1985,10.34
6/28/1985,10.25
7/5/1985,9.93
7/12/1985,10.23
7/19/1985,10.34
7/26/1985,10.59
8/2/1985,10.66
8/9/1985,10.37
8/16/1985,10.26
8/23/1985,10.14
8/30/1985,10.28
9/6/1985,10.5
9/13/1985,10.4
9/20/1985,10.36
9/27/1985,10.22
10/4/1985,10.36
10/11/1985,10.34
10/18/1985,10.17
10/25/1985,10.21
11/1/1985,9.98
11/8/1985,9.84
11/15/1985,9.92
11/22/1985,9.66
11/29/1985,9.59
12/6/1985,9.65
12/13/1985,9.21
12/20/1985,9.04
12/27/1985,8.99
1/3/1986,9.05
1/10/1986,9.39
1/17/1986,9.24
1/24/1986,9.23
1/31/1986,9.08
2/7/1986,9.11
2/14/1986,8.68
2/21/1986,8.48
2/28/1986,8.13
3/7/1986,7.96
3/14/1986,7.72
3/21/1986,7.8
3/28/1986,7.49
4/4/1986,7.45
4/11/1986,7.29
4/18/1986,7.09
4/25/1986,7.58
5/2/1986,7.51
5/9/1986,7.48
5/16/1986,7.99
5/23/1986,7.84
5/30/1986,8.05
6/6/1986,7.95
6/13/1986,7.73
6/20/1986,7.6
6/27/1986,7.38
7/4/1986,7.31
7/11/1986,7.3
7/18/1986,7.16
7/25/1986,7.33
8/1/1986,7.34
8/8/1986,7.3
8/15/1986,7.14
8/22/1986,7.07
8/29/1986,6.95
9/5/1986,7.32
9/12/1986,7.63
9/19/1986,7.67
9/26/1986,7.47
10/3/1986,7.31
10/10/1986,7.36
10/17/1986,7.57
10/24/1986,7.47
10/31/1986,7.34
11/7/1986,7.4
11/14/1986,7.29
11/21/1986,7.17
11/28/1986,7.15
12/5/1986,7.12
12/12/1986,7.13
12/19/1986,7.1
12/26/1986,7.08
1/2/1987,7.18
1/9/1987,7.01
1/16/1987,7.03
1/23/1987,7.06
1/30/1987,7.18
2/6/1987,7.19
2/13/1987,7.28
2/20/1987,7.24
2/27/1987,7.19
3/6/1987,7.23
3/13/1987,7.19
3/20/1987,7.22
3/27/1987,7.33
4/3/1987,7.59
4/10/1987,7.98
4/17/1987,8.03
4/24/1987,8.47
5/1/1987,8.39
5/8/1987,8.43
5/15/1987,8.8
5/22/1987,8.78
5/29/1987,8.49
6/5/1987,8.5
6/12/1987,8.32
6/19/1987,8.3
6/26/1987,8.37
7/3/1987,8.3
7/10/1987,8.32
7/17/1987,8.36
7/24/1987,8.58
7/31/1987,8.66
8/7/1987,8.7
8/14/1987,8.58
8/21/1987,8.77
8/28/1987,9.02
9/4/1987,9.3
9/11/1987,9.33
9/18/1987,9.38
9/25/1987,9.53
10/2/1987,9.6
10/9/1987,9.94
10/16/1987,10.23
10/23/1987,8.98
10/30/1987,8.88
11/6/1987,8.76
11/13/1987,8.84
11/20/1987,8.79
11/27/1987,9.11
12/4/1987,8.94
12/11/1987,9.28
12/18/1987,8.89
12/25/1987,8.82
1/1/1988,8.83
1/8/1988,8.97
1/15/1988,8.6
1/22/1988,8.49
1/29/1988,8.26
2/5/1988,8.12
2/12/1988,8.28
2/19/1988,8.26
2/26/1988,8.18
3/4/1988,8.28
3/11/1988,8.29
3/18/1988,8.41
3/25/1988,8.47
4/1/1988,8.57
4/8/1988,8.52
4/15/1988,8.74
4/22/1988,8.78
4/29/1988,8.87
5/6/1988,9.01
5/13/1988,9
5/20/1988,9.22
5/27/1988,9.24
6/3/1988,8.97
6/10/1988,8.92
6/17/1988,9.02
6/24/1988,8.85
7/1/1988,8.77
7/8/1988,9.04
7/15/1988,9.08
7/22/1988,9.11
7/29/1988,9.12
8/5/1988,9.12
8/12/1988,9.36
8/19/1988,9.35
8/26/1988,9.38
9/2/1988,9
9/9/1988,8.93
9/16/1988,8.93
9/23/1988,8.97
9/30/1988,8.87
10/7/1988,8.7
10/14/1988,8.81
10/21/1988,8.83
10/28/1988,8.69
11/4/1988,8.85
11/11/1988,8.9
11/18/1988,9.05
11/25/1988,9.17
12/2/1988,9.18
12/9/1988,9.07
12/16/1988,9.17
12/23/1988,9.05
12/30/1988,9.14
1/6/1989,9.25
1/13/1989,9.06
1/20/1989,9.03
1/27/1989,8.95
2/3/1989,9.01
2/10/1989,9.19
2/17/1989,9.2
2/24/1989,9.38
3/3/1989,9.31
3/10/1989,9.34
3/17/1989,9.49
3/24/1989,9.43
3/31/1989,9.3
4/7/1989,9.27
4/14/1989,9.18
4/21/1989,9.15
4/28/1989,9.02
5/5/1989,8.99
5/12/1989,8.81
5/19/1989,8.71
5/26/1989,8.66
6/2/1989,8.43
6/9/1989,8.15
6/16/1989,8.35
6/23/1989,8.25
6/30/1989,8.1
7/7/1989,8.02
7/14/1989,8.04
7/21/1989,8.07
7/28/1989,7.87
8/4/1989,8
8/11/1989,8.09
8/18/1989,8.15
8/25/1989,8.21
9/1/1989,8.19
9/8/1989,8.14
9/15/1989,8.09
9/22/1989,8.22
9/29/1989,8.31
10/6/1989,8.03
10/13/1989,7.87
10/20/1989,7.98
10/27/1989,7.94
11/3/1989,7.96
11/10/1989,7.92
11/17/1989,7.88
11/24/1989,7.8
12/1/1989,7.81
12/8/1989,7.82
12/15/1989,7.8
12/22/1989,7.82
12/29/1989,7.93
1/5/1990,7.99
1/12/1990,8.1
1/19/1990,8.26
1/26/1990,8.49
2/2/1990,8.5
2/9/1990,8.31
2/16/1990,8.42
2/23/1990,8.53
3/2/1990,8.54
3/9/1990,8.65
3/16/1990,8.59
3/23/1990,8.52
3/30/1990,8.65
4/6/1990,8.56
4/13/1990,8.64
4/20/1990,8.95
4/27/1990,9.06
5/4/1990,8.84
5/11/1990,8.64
5/18/1990,8.75
5/25/1990,8.69
6/1/1990,8.44
6/8/1990,8.46
6/15/1990,8.46
6/22/1990,8.51
6/29/1990,8.43
7/6/1990,8.51
7/13/1990,8.45
7/20/1990,8.48
7/27/1990,8.42
8/3/1990,8.43
8/10/1990,8.68
8/17/1990,8.8
8/24/1990,9.05
8/31/1990,8.86
9/7/1990,8.81
9/14/1990,8.87
9/21/1990,8.99
9/28/1990,8.82
10/5/1990,8.65
10/12/1990,8.84
10/19/1990,8.62
10/26/1990,8.63
11/2/1990,8.57
11/9/1990,8.49
11/16/1990,8.3
11/23/1990,8.28
11/30/1990,8.26
12/7/1990,8.03
12/14/1990,8.05
12/21/1990,8.11
12/28/1990,8.14
1/4/1991,8.02
1/11/1991,8.2
1/18/1991,8.03
1/25/1991,8.06
2/1/1991,7.91
2/8/1991,7.77
2/15/1991,7.78
2/22/1991,7.91
3/1/1991,8.12
3/8/1991,8.13
3/15/1991,8.1
3/22/1991,8.13
3/29/1991,8.05
4/5/1991,7.99
4/12/1991,7.98
4/19/1991,8.1
4/26/1991,8.06
5/3/1991,8.04
5/10/1991,8.12
5/17/1991,8.08
5/24/1991,8.1
5/31/1991,8.06
6/7/1991,8.29
6/14/1991,8.29
6/21/1991,8.32
6/28/1991,8.24
7/5/1991,8.34
7/12/1991,8.26
7/19/1991,8.28
7/26/1991,8.2
8/2/1991,8.06
8/9/1991,7.98
8/16/1991,7.84
8/23/1991,7.88
8/30/1991,7.82
9/6/1991,7.76
9/13/1991,7.66
9/20/1991,7.57
9/27/1991,7.49
10/4/1991,7.39
10/11/1991,7.49
10/18/1991,7.53
10/25/1991,7.68
11/1/1991,7.48
11/8/1991,7.41
11/15/1991,7.33
11/22/1991,7.44
11/29/1991,7.38
12/6/1991,7.26
12/13/1991,7.22
12/20/1991,6.97
12/27/1991,6.82
1/3/1992,6.85
1/10/1992,6.85
1/17/1992,7.09
1/24/1992,7.25
1/31/1992,7.31
2/7/1992,7.2
2/14/1992,7.41
2/21/1992,7.45
2/28/1992,7.27
3/6/1992,7.48
3/13/1992,7.71
3/20/1992,7.64
3/27/1992,7.54
4/3/1992,7.42
4/10/1992,7.37
4/17/1992,7.45
4/24/1992,7.55
5/1/1992,7.56
5/8/1992,7.41
5/15/1992,7.28
5/22/1992,7.35
5/29/1992,7.33
6/5/1992,7.31
6/12/1992,7.29
6/19/1992,7.24
6/26/1992,7.15
7/3/1992,6.93
7/10/1992,6.93
7/17/1992,6.9
7/24/1992,6.73
7/31/1992,6.72
8/7/1992,6.57
8/14/1992,6.53
8/21/1992,6.53
8/28/1992,6.63
9/4/1992,6.4
9/11/1992,6.37
9/18/1992,6.41
9/25/1992,6.41
10/2/1992,6.26
10/9/1992,6.52
10/16/1992,6.6
10/23/1992,6.83
10/30/1992,6.8
11/6/1992,6.97
11/13/1992,6.82
11/20/1992,6.84
11/27/1992,6.93
12/4/1992,6.84
12/11/1992,6.8
12/18/1992,6.76
12/25/1992,6.69
1/1/1993,6.7
1/8/1993,6.75
1/15/1993,6.6
1/22/1993,6.57
1/29/1993,6.39
2/5/1993,6.32
2/12/1993,6.35
2/19/1993,6.15
2/26/1993,6.03
3/5/1993,5.9
3/12/1993,6.11
3/19/1993,5.95
3/26/1993,6.09
4/2/1993,6.16
4/9/1993,5.97
4/16/1993,5.89
4/23/1993,5.89
4/30/1993,6.05
5/7/1993,5.92
5/14/1993,6.03
5/21/1993,6.16
5/28/1993,6.16
6/4/1993,6.11
6/11/1993,5.97
6/18/1993,5.97
6/25/1993,5.84
7/2/1993,5.76
7/9/1993,5.76
7/16/1993,5.71
7/23/1993,5.95
7/30/1993,5.83
8/6/1993,5.86
8/13/1993,5.72
8/20/1993,5.61
8/27/1993,5.48
9/3/1993,5.31
9/10/1993,5.29
9/17/1993,5.38
9/24/1993,5.42
10/1/1993,5.34
10/8/1993,5.26
10/15/1993,5.19
10/22/1993,5.42
10/29/1993,5.43
11/5/1993,5.75
11/12/1993,5.66
11/19/1993,5.84
11/26/1993,5.78
12/3/1993,5.8
12/10/1993,5.73
12/17/1993,5.81
12/24/1993,5.72
12/31/1993,5.83
1/7/1994,5.7
1/14/1994,5.78
1/21/1994,5.73
1/28/1994,5.68
2/4/1994,5.94
2/11/1994,5.88
2/18/1994,6.09
2/25/1994,6.21
3/4/1994,6.38
3/11/1994,6.46
3/18/1994,6.49
3/25/1994,6.61
4/1/1994,6.77
4/8/1994,6.94
4/15/1994,6.97
4/22/1994,6.93
4/29/1994,7.06
5/6/1994,7.35
5/13/1994,7.29
5/20/1994,7.02
5/27/1994,7.12
6/3/1994,6.98
6/10/1994,7.03
6/17/1994,7.14
6/24/1994,7.22
7/1/1994,7.34
7/8/1994,7.42
7/15/1994,7.25
7/22/1994,7.29
7/29/1994,7.12
8/5/1994,7.28
8/12/1994,7.27
8/19/1994,7.27
8/26/1994,7.24
9/2/1994,7.21
9/9/1994,7.44
9/16/1994,7.52
9/23/1994,7.57
9/30/1994,7.62
10/7/1994,7.7
10/14/1994,7.61
10/21/1994,7.81
10/28/1994,7.82
11/4/1994,8.04
11/11/1994,7.98
11/18/1994,8.01
11/25/1994,7.8
12/2/1994,7.81
12/9/1994,7.79
12/16/1994,7.81
12/23/1994,7.85
12/30/1994,7.84
1/6/1995,7.87
1/13/1995,7.69
1/20/1995,7.82
1/27/1995,7.66
2/3/1995,7.49
2/10/1995,7.62
2/17/1995,7.43
2/24/1995,7.33
3/3/1995,7.36
3/10/1995,7.23
3/17/1995,7.12
3/24/1995,7.09
3/31/1995,7.2
4/7/1995,7.11
4/14/1995,7.03
4/21/1995,7.01
4/28/1995,7.07
5/5/1995,6.69
5/12/1995,6.67
5/19/1995,6.61
5/26/1995,6.4
6/2/1995,6.1
6/9/1995,6.4
6/16/1995,6.21
6/23/1995,6.06
6/30/1995,6.21
7/7/1995,6.04
7/14/1995,6.15
7/21/1995,6.53
7/28/1995,6.49
8/4/1995,6.5
8/11/1995,6.59
8/18/1995,6.57
8/25/1995,6.38
9/1/1995,6.22
9/8/1995,6.24
9/15/1995,6.11
9/22/1995,6.25
9/29/1995,6.17
10/6/1995,6.06
10/13/1995,5.97
10/20/1995,6.04
10/27/1995,6.05
11/3/1995,5.94
11/10/1995,6
11/17/1995,5.92
11/24/1995,5.91
12/1/1995,5.71
12/8/1995,5.73
12/15/1995,5.75
12/22/1995,5.71
12/29/1995,5.58
1/5/1996,5.69
1/12/1996,5.75
1/19/1996,5.54
1/26/1996,5.65
2/2/1996,5.66
2/9/1996,5.66
2/16/1996,5.76
2/23/1996,5.97
3/1/1996,5.99
3/8/1996,6.41
3/15/1996,6.46
3/22/1996,6.32
3/29/1996,6.34
4/5/1996,6.57
4/12/1996,6.52
4/19/1996,6.53
4/26/1996,6.54
5/3/1996,6.9
5/10/1996,6.75
5/17/1996,6.65
5/24/1996,6.65
5/31/1996,6.85
6/7/1996,6.93
6/14/1996,6.95
6/21/1996,6.96
6/28/1996,6.73
7/5/1996,7.06
7/12/1996,6.85
7/19/1996,6.78
7/26/1996,6.85
8/2/1996,6.51
8/9/1996,6.5
8/16/1996,6.56
8/23/1996,6.72
8/30/1996,6.96
9/6/1996,6.94
9/13/1996,6.74
9/20/1996,6.85
9/27/1996,6.68
10/4/1996,6.48
10/11/1996,6.55
10/18/1996,6.5
10/25/1996,6.54
11/1/1996,6.38
11/8/1996,6.29
11/15/1996,6.19
11/22/1996,6.15
11/29/1996,6.06
12/6/1996,6.26
12/13/1996,6.33
12/20/1996,6.35
12/27/1996,6.3
1/3/1997,6.52
1/10/1997,6.63
1/17/1997,6.56
1/24/1997,6.64
1/31/1997,6.53
2/7/1997,6.43
2/14/1997,6.28
2/21/1997,6.36
2/28/1997,6.56
3/7/1997,6.57
3/14/1997,6.71
3/21/1997,6.74
3/28/1997,6.9
4/4/1997,6.92
4/11/1997,6.98
4/18/1997,6.84
4/25/1997,6.94
5/2/1997,6.68
5/9/1997,6.67
5/16/1997,6.7
5/23/1997,6.74
5/30/1997,6.67
6/6/1997,6.51
6/13/1997,6.43
6/20/1997,6.37
6/27/1997,6.46
7/4/1997,6.31
7/11/1997,6.23
7/18/1997,6.24
7/25/1997,6.18
8/1/1997,6.2
8/8/1997,6.38
8/15/1997,6.27
8/22/1997,6.38
8/29/1997,6.34
9/5/1997,6.37
9/12/1997,6.29
9/19/1997,6.09
9/26/1997,6.08
10/3/1997,6.01
10/10/1997,6.15
10/17/1997,6.17
10/24/1997,6.01
10/31/1997,5.84
11/7/1997,5.9
11/14/1997,5.86
11/21/1997,5.82
11/28/1997,5.86
12/5/1997,5.92
12/12/1997,5.74
12/19/1997,5.72
12/26/1997,5.75
1/2/1998,5.67
1/9/1998,5.4
1/16/1998,5.54
1/23/1998,5.7
1/30/1998,5.53
2/6/1998,5.62
2/13/1998,5.49
2/20/1998,5.54
2/27/1998,5.62
3/6/1998,5.73
3/13/1998,5.58
3/20/1998,5.57
3/27/1998,5.68
4/3/1998,5.47
4/10/1998,5.59
4/17/1998,5.59
4/24/1998,5.67
5/1/1998,5.67
5/8/1998,5.71
5/15/1998,5.68
5/22/1998,5.64
5/29/1998,5.56
6/5/1998,5.58
6/12/1998,5.43
6/19/1998,5.47
6/26/1998,5.46
7/3/1998,5.42
7/10/1998,5.42
7/17/1998,5.51
7/24/1998,5.45
7/31/1998,5.5
8/7/1998,5.4
8/14/1998,5.4
8/21/1998,5.32
8/28/1998,5.09
9/4/1998,5.02
9/11/1998,4.85
9/18/1998,4.7
9/25/1998,4.6
10/2/1998,4.31
10/9/1998,4.77
10/16/1998,4.44
10/23/1998,4.7
10/30/1998,4.64
11/6/1998,4.93
11/13/1998,4.82
11/20/1998,4.82
11/27/1998,4.81
12/4/1998,4.62
12/11/1998,4.61
12/18/1998,4.58
12/25/1998,4.86
1/1/1999,4.65
1/8/1999,4.86
1/15/1999,4.66
1/22/1999,4.64
1/29/1999,4.66
2/5/1999,4.94
2/12/1999,5.06
2/19/1999,5.07
2/26/1999,5.29
3/5/1999,5.34
3/12/1999,5.16
3/19/1999,5.17
3/26/1999,5.21
4/2/1999,5.2
4/9/1999,5.05
4/16/1999,5.23
4/23/1999,5.26
4/30/1999,5.36
5/7/1999,5.54
5/14/1999,5.62
5/21/1999,5.52
5/28/1999,5.64
6/4/1999,5.82
6/11/1999,6.02
6/18/1999,5.84
6/25/1999,6.02
7/2/1999,5.82
7/9/1999,5.84
7/16/1999,5.68
7/23/1999,5.84
7/30/1999,5.92
8/6/1999,6.02
8/13/1999,5.98
8/20/1999,5.88
8/27/1999,5.85
9/3/1999,5.89
9/10/1999,5.89
9/17/1999,5.87
9/24/1999,5.75
10/1/1999,6
10/8/1999,6.04
10/15/1999,6.09
10/22/1999,6.21
10/29/1999,6.02
11/5/1999,5.92
11/12/1999,5.93
11/19/1999,6.07
11/26/1999,6.12
12/3/1999,6.17
12/10/1999,6.08
12/17/1999,6.3
12/24/1999,6.41
12/31/1999,6.45
1/7/2000,6.52
1/14/2000,6.69
1/21/2000,6.79
1/28/2000,6.66
2/4/2000,6.53
2/11/2000,6.63
2/18/2000,6.49
2/25/2000,6.36
3/3/2000,6.39
3/10/2000,6.39
3/17/2000,6.2
3/24/2000,6.2
3/31/2000,6.03
4/7/2000,5.86
4/14/2000,5.85
4/21/2000,5.99
4/28/2000,6.23
5/5/2000,6.51
5/12/2000,6.51
5/19/2000,6.51
5/26/2000,6.33
6/2/2000,6.15
6/9/2000,6.13
6/16/2000,5.99
6/23/2000,6.19
6/30/2000,6.03
7/7/2000,6.01
7/14/2000,6.1
7/21/2000,6.01
7/28/2000,6.04
8/4/2000,5.91
8/11/2000,5.79
8/18/2000,5.78
8/25/2000,5.73
9/1/2000,5.68
9/8/2000,5.73
9/15/2000,5.84
9/22/2000,5.85
9/29/2000,5.8
10/6/2000,5.82
10/13/2000,5.73
10/20/2000,5.64
10/27/2000,5.72
11/3/2000,5.83
11/10/2000,5.82
11/17/2000,5.71
11/24/2000,5.63
12/1/2000,5.52
12/8/2000,5.35
12/15/2000,5.2
12/22/2000,5.02
12/29/2000,5.12
1/5/2001,4.93
1/12/2001,5.25
1/19/2001,5.19
1/26/2001,5.29
2/2/2001,5.17
2/9/2001,5.03
2/16/2001,5.11
2/23/2001,5.1
3/2/2001,4.95
3/9/2001,4.95
3/16/2001,4.78
3/23/2001,4.8
3/30/2001,4.93
4/6/2001,4.89
4/13/2001,5.17
4/20/2001,5.29
4/27/2001,5.34
5/4/2001,5.21
5/11/2001,5.51
5/18/2001,5.41
5/25/2001,5.52
6/1/2001,5.39
6/8/2001,5.38
6/15/2001,5.27
6/22/2001,5.14
6/29/2001,5.42
7/6/2001,5.41
7/13/2001,5.27
7/20/2001,5.15
7/27/2001,5.13
8/3/2001,5.2
8/10/2001,4.99
8/17/2001,4.84
8/24/2001,4.93
8/31/2001,4.85
9/7/2001,4.8
9/14/2001,4.57
9/21/2001,4.7
9/28/2001,4.6
10/5/2001,4.52
10/12/2001,4.68
10/19/2001,4.63
10/26/2001,4.53
11/2/2001,4.37
11/9/2001,4.34
11/16/2001,4.91
11/23/2001,5.04
11/30/2001,4.78
12/7/2001,5.2
12/14/2001,5.24
12/21/2001,5.12
12/28/2001,5.15
1/4/2002,5.18
1/11/2002,4.92
1/18/2002,4.94
1/25/2002,5.1
2/1/2002,5.02
2/8/2002,4.9
2/15/2002,4.86
2/22/2002,4.84
3/1/2002,4.98
3/8/2002,5.33
3/15/2002,5.35
3/22/2002,5.4
3/29/2002,5.42
4/5/2002,5.22
4/12/2002,5.18
4/19/2002,5.21
4/26/2002,5.08
5/3/2002,5.08
5/10/2002,5.15
5/17/2002,5.27
5/24/2002,5.16
5/31/2002,5.08
6/7/2002,5.1
6/14/2002,4.83
6/21/2002,4.79
6/28/2002,4.86
7/5/2002,4.9
7/12/2002,4.63
7/19/2002,4.61
7/26/2002,4.43
8/2/2002,4.33
8/9/2002,4.27
8/16/2002,4.32
8/23/2002,4.25
8/30/2002,4.14
9/6/2002,4.05
9/13/2002,3.92
9/20/2002,3.79
9/27/2002,3.69
10/4/2002,3.69
10/11/2002,3.83
10/18/2002,4.14
10/25/2002,4.12
11/1/2002,4.01
11/8/2002,3.85
11/15/2002,4.05
11/22/2002,4.18
11/29/2002,4.22
12/6/2002,4.09
12/13/2002,4.07
12/20/2002,3.97
12/27/2002,3.83
1/3/2003,4.05
1/10/2003,4.16
1/17/2003,4.05
1/24/2003,3.94
1/31/2003,4
2/7/2003,3.96
2/14/2003,3.95
2/21/2003,3.9
2/28/2003,3.71
3/7/2003,3.63
3/14/2003,3.72
3/21/2003,4.11
3/28/2003,3.92
4/4/2003,3.96
4/11/2003,4
4/18/2003,3.98
4/25/2003,3.91
5/2/2003,3.94
5/9/2003,3.69
5/16/2003,3.46
5/23/2003,3.34
5/30/2003,3.37
6/6/2003,3.37
6/13/2003,3.13
6/20/2003,3.4
6/27/2003,3.58
7/4/2003,3.67
7/11/2003,3.66
7/18/2003,4
7/25/2003,4.22
8/1/2003,4.44
8/8/2003,4.27
8/15/2003,4.55
8/22/2003,4.48
8/29/2003,4.45
9/5/2003,4.35
9/12/2003,4.27
9/19/2003,4.17
9/26/2003,4.04
10/3/2003,4.21
10/10/2003,4.29
10/17/2003,4.41
10/24/2003,4.24
10/31/2003,4.33
11/7/2003,4.48
11/14/2003,4.22
11/21/2003,4.15
11/28/2003,4.34
12/5/2003,4.23
12/12/2003,4.26
12/19/2003,4.15
12/26/2003,4.17
1/2/2004,4.38
1/9/2004,4.11
1/16/2004,4.04
1/23/2004,4.09
1/30/2004,4.16
2/6/2004,4.12
2/13/2004,4.05
2/20/2004,4.1
2/27/2004,3.99
3/5/2004,3.85
3/12/2004,3.78
3/19/2004,3.8
3/26/2004,3.85
4/2/2004,4.15
4/9/2004,4.21
4/16/2004,4.37
4/23/2004,4.48
4/30/2004,4.53
5/7/2004,4.79
5/14/2004,4.79
5/21/2004,4.76
5/28/2004,4.66
6/4/2004,4.78
6/11/2004,4.81
6/18/2004,4.72
6/25/2004,4.66
7/2/2004,4.48
7/9/2004,4.49
7/16/2004,4.38
7/23/2004,4.45
7/30/2004,4.5
8/6/2004,4.24
8/13/2004,4.22
8/20/2004,4.24
8/27/2004,4.23
9/3/2004,4.3
9/10/2004,4.19
9/17/2004,4.14
9/24/2004,4.04
10/1/2004,4.21
10/8/2004,4.15
10/15/2004,4.07
10/22/2004,4
10/29/2004,4.05
11/5/2004,4.21
11/12/2004,4.2
11/19/2004,4.2
11/26/2004,4.24
12/3/2004,4.27
12/10/2004,4.16
12/17/2004,4.21
12/24/2004,4.23
12/31/2004,4.24
1/7/2005,4.29
1/14/2005,4.23
1/21/2005,4.16
1/28/2005,4.16
2/4/2005,4.09
2/11/2005,4.1
2/18/2005,4.27
2/25/2005,4.27
3/4/2005,4.32
3/11/2005,4.56
3/18/2005,4.51
3/25/2005,4.6
4/1/2005,4.46
4/8/2005,4.5
4/15/2005,4.27
4/22/2005,4.26
4/29/2005,4.21
5/6/2005,4.28
5/13/2005,4.12
5/20/2005,4.13
5/27/2005,4.08
6/3/2005,3.98
6/10/2005,4.05
6/17/2005,4.09
6/24/2005,3.92
7/1/2005,4.06
7/8/2005,4.11
7/15/2005,4.18
7/22/2005,4.23
7/29/2005,4.28
8/5/2005,4.4
8/12/2005,4.24
8/19/2005,4.21
8/26/2005,4.2
9/2/2005,4.03
9/9/2005,4.14
9/16/2005,4.26
9/23/2005,4.25
9/30/2005,4.34
10/7/2005,4.35
10/14/2005,4.48
10/21/2005,4.39
10/28/2005,4.58
11/4/2005,4.66
11/11/2005,4.55
11/18/2005,4.5
11/25/2005,4.43
12/2/2005,4.52
12/9/2005,4.54
12/16/2005,4.45
12/23/2005,4.38
12/30/2005,4.39
1/6/2006,4.38
1/13/2006,4.36
1/20/2006,4.37
1/27/2006,4.52
2/3/2006,4.54
2/10/2006,4.59
2/17/2006,4.54
2/24/2006,4.58
3/3/2006,4.68
3/10/2006,4.76
3/17/2006,4.68
3/24/2006,4.67
3/31/2006,4.86
4/7/2006,4.97
4/14/2006,5.05
4/21/2006,5.01
4/28/2006,5.07
5/5/2006,5.12
5/12/2006,5.19
5/19/2006,5.05
5/26/2006,5.06
6/2/2006,5
6/9/2006,4.98
6/16/2006,5.13
6/23/2006,5.23
6/30/2006,5.15
7/7/2006,5.14
7/14/2006,5.07
7/21/2006,5.05
7/28/2006,5
8/4/2006,4.91
8/11/2006,4.97
8/18/2006,4.84
8/25/2006,4.79
9/1/2006,4.73
9/8/2006,4.78
9/15/2006,4.8
9/22/2006,4.6
9/29/2006,4.64
10/6/2006,4.7
10/13/2006,4.81
10/20/2006,4.79
10/27/2006,4.68
11/3/2006,4.72
11/10/2006,4.59
11/17/2006,4.61
11/24/2006,4.55
12/1/2006,4.43
12/8/2006,4.56
12/15/2006,4.6
12/22/2006,4.63
12/29/2006,4.71
1/5/2007,4.65
1/12/2007,4.77
1/19/2007,4.78
1/26/2007,4.88
2/2/2007,4.83
2/9/2007,4.79
2/16/2007,4.69
2/23/2007,4.68
3/2/2007,4.52
3/9/2007,4.59
3/16/2007,4.55
3/23/2007,4.62
3/30/2007,4.65
4/6/2007,4.76
4/13/2007,4.76
4/20/2007,4.68
4/27/2007,4.71
5/4/2007,4.65
5/11/2007,4.67
5/18/2007,4.81
5/25/2007,4.86
6/1/2007,4.95
6/8/2007,5.12
6/15/2007,5.16
6/22/2007,5.14
6/29/2007,5.03
7/6/2007,5.19
7/13/2007,5.11
7/20/2007,4.96
7/27/2007,4.8
8/3/2007,4.71
8/10/2007,4.81
8/17/2007,4.68
8/24/2007,4.63
8/31/2007,4.54
9/7/2007,4.38
9/14/2007,4.47
9/21/2007,4.64
9/28/2007,4.59
10/5/2007,4.65
10/12/2007,4.7
10/19/2007,4.41
10/26/2007,4.41
11/2/2007,4.31
11/9/2007,4.23
11/16/2007,4.15
11/23/2007,4.01
11/30/2007,3.97
12/7/2007,4.12
12/14/2007,4.24
12/21/2007,4.18
12/28/2007,4.11
1/4/2008,3.88
1/11/2008,3.82
1/18/2008,3.66
1/25/2008,3.61
2/1/2008,3.62
2/8/2008,3.64
2/15/2008,3.76
2/22/2008,3.79
2/29/2008,3.53
3/7/2008,3.56
3/14/2008,3.44
3/21/2008,3.34
3/28/2008,3.47
4/4/2008,3.5
4/11/2008,3.49
4/18/2008,3.77
4/25/2008,3.91
5/2/2008,3.89
5/9/2008,3.77
5/16/2008,3.85
5/23/2008,3.85
5/30/2008,4.06
6/6/2008,3.94
6/13/2008,4.27
6/20/2008,4.16
6/27/2008,3.99
7/4/2008,3.99
7/11/2008,3.96
7/18/2008,4.11
7/25/2008,4.13
8/1/2008,3.97
8/8/2008,3.94
8/15/2008,3.84
8/22/2008,3.87
8/29/2008,3.83
9/5/2008,3.66
9/12/2008,3.74
9/19/2008,3.78
9/26/2008,3.85
10/3/2008,3.63
10/10/2008,3.89
10/17/2008,3.98
10/24/2008,3.76
10/31/2008,4.01
11/7/2008,3.83
11/14/2008,3.72
11/21/2008,3.2
11/28/2008,2.93
12/5/2008,2.67
12/12/2008,2.6
12/19/2008,2.13
12/26/2008,2.16
1/2/2009,2.46
1/9/2009,2.43
1/16/2009,2.36
1/23/2009,2.65
1/30/2009,2.87
2/6/2009,3.05
2/13/2009,2.89
2/20/2009,2.78
2/27/2009,3.02
3/6/2009,2.83
3/13/2009,2.89
3/20/2009,2.65
3/27/2009,2.78
4/3/2009,2.91
4/10/2009,2.96
4/17/2009,2.98
4/24/2009,3.03
5/1/2009,3.21
5/8/2009,3.29
5/15/2009,3.14
5/22/2009,3.45
5/29/2009,3.47
6/5/2009,3.84
6/12/2009,3.81
6/19/2009,3.79
6/26/2009,3.52
7/3/2009,3.51
7/10/2009,3.32
7/17/2009,3.67
7/24/2009,3.7
7/31/2009,3.52
8/7/2009,3.89
8/14/2009,3.55
8/21/2009,3.56
8/28/2009,3.46
9/4/2009,3.45
9/11/2009,3.34
9/18/2009,3.49
9/25/2009,3.34
10/2/2009,3.24
10/9/2009,3.4
10/16/2009,3.43
10/23/2009,3.51
10/30/2009,3.41
11/6/2009,3.54
11/13/2009,3.43
11/20/2009,3.36
11/27/2009,3.21
12/4/2009,3.48
12/11/2009,3.55
12/18/2009,3.55
12/25/2009,3.82
1/1/2010,3.85
1/8/2010,3.83
1/15/2010,3.7
1/22/2010,3.62
1/29/2010,3.63
2/5/2010,3.59
2/12/2010,3.69
2/19/2010,3.78
2/26/2010,3.61
3/5/2010,3.69
3/12/2010,3.71
3/19/2010,3.7
3/26/2010,3.86
4/2/2010,3.96
4/9/2010,3.9
4/16/2010,3.79
4/23/2010,3.84
4/30/2010,3.69
5/7/2010,3.45
5/14/2010,3.44
5/21/2010,3.2
5/28/2010,3.31
6/4/2010,3.2
6/11/2010,3.24
6/18/2010,3.24
6/25/2010,3.12
7/2/2010,3
7/9/2010,3.07
7/16/2010,2.96
7/23/2010,3.02
7/30/2010,2.94
8/6/2010,2.86
8/13/2010,2.68
8/20/2010,2.62
8/27/2010,2.66
9/3/2010,2.72
9/10/2010,2.81
9/17/2010,2.75
9/24/2010,2.62
10/1/2010,2.54
10/8/2010,2.41
10/15/2010,2.59
10/22/2010,2.59
10/29/2010,2.63
11/5/2010,2.58
11/12/2010,2.76
11/19/2010,2.88
11/26/2010,2.87
12/3/2010,3.03
12/10/2010,3.32
12/17/2010,3.33
12/24/2010,3.41
12/31/2010,3.3
1/7/2011,3.34
1/14/2011,3.35
1/21/2011,3.44
1/28/2011,3.36
2/4/2011,3.68
2/11/2011,3.64
2/18/2011,3.59
2/25/2011,3.42
3/4/2011,3.49
3/11/2011,3.4
3/18/2011,3.28
3/25/2011,3.46
4/1/2011,3.46
4/8/2011,3.59
4/15/2011,3.43
4/22/2011,3.42
4/29/2011,3.32
5/6/2011,3.19
5/13/2011,3.18
5/20/2011,3.15
5/27/2011,3.07
6/3/2011,2.99
6/10/2011,2.99
6/17/2011,2.94
6/24/2011,2.88
7/1/2011,3.22
7/8/2011,3.03
7/15/2011,2.94
7/22/2011,2.99
7/29/2011,2.82
8/5/2011,2.58
8/12/2011,2.24
8/19/2011,2.07
8/26/2011,2.19
9/2/2011,2.02
9/9/2011,1.93
9/16/2011,2.08
9/23/2011,1.84
9/30/2011,1.92
10/7/2011,2.1
10/14/2011,2.26
10/21/2011,2.23
10/28/2011,2.34
11/4/2011,2.06
11/11/2011,2.04
11/18/2011,2.01
11/25/2011,1.97
12/2/2011,2.05
12/9/2011,2.07
12/16/2011,1.86
12/23/2011,2.03
12/30/2011,1.89
1/6/2012,1.98
1/13/2012,1.89
1/20/2012,2.05
1/27/2012,1.93
2/3/2012,1.97
2/10/2012,1.96
2/17/2012,2.01
2/24/2012,1.98
3/2/2012,1.99
3/9/2012,2.04
3/16/2012,2.31
3/23/2012,2.25
3/30/2012,2.23
4/6/2012,2.07
4/13/2012,2.02
4/20/2012,1.99
4/27/2012,1.96
5/4/2012,1.91
5/11/2012,1.84
5/18/2012,1.71
5/25/2012,1.75
6/1/2012,1.47
6/8/2012,1.65
6/15/2012,1.6
6/22/2012,1.69
6/29/2012,1.67
7/6/2012,1.57
7/13/2012,1.52
7/20/2012,1.49
7/27/2012,1.58
8/3/2012,1.6
8/10/2012,1.65
8/17/2012,1.81
8/24/2012,1.68
8/31/2012,1.57
9/7/2012,1.67
9/14/2012,1.88
9/21/2012,1.77
9/28/2012,1.65
10/5/2012,1.75
10/12/2012,1.69
10/19/2012,1.79
10/26/2012,1.78
11/2/2012,1.75
11/9/2012,1.61
11/16/2012,1.58
11/23/2012,1.7
11/30/2012,1.62
12/7/2012,1.64
12/14/2012,1.72
12/21/2012,1.77
12/28/2012,1.73
1/4/2013,1.93
1/11/2013,1.89
1/18/2013,1.87
1/25/2013,1.98
2/1/2013,2.04
2/8/2013,1.99
2/15/2013,2.01
2/22/2013,1.97
3/1/2013,1.86
3/8/2013,2.06
3/15/2013,2.01
3/22/2013,1.93
3/29/2013,1.87
4/5/2013,1.72
4/12/2013,1.75
4/19/2013,1.73
4/26/2013,1.7
5/3/2013,1.78
5/10/2013,1.9
5/17/2013,1.95
5/24/2013,2.01
5/31/2013,2.16
6/7/2013,2.17
6/14/2013,2.14
6/21/2013,2.52
6/28/2013,2.52
7/5/2013,2.73
7/12/2013,2.61
7/19/2013,2.5
7/26/2013,2.58
8/2/2013,2.63
8/9/2013,2.57
8/16/2013,2.84
8/23/2013,2.82
8/30/2013,2.78
9/6/2013,2.94
9/13/2013,2.9
9/20/2013,2.75
9/27/2013,2.64
10/4/2013,2.66
10/11/2013,2.7
10/18/2013,2.6
10/25/2013,2.53
11/1/2013,2.65
11/8/2013,2.77
11/15/2013,2.71
11/22/2013,2.75
11/29/2013,2.75
12/6/2013,2.88
12/13/2013,2.88
12/20/2013,2.89
12/27/2013,3.02
1/3/2014,3.01
1/10/2014,2.88
1/17/2014,2.84
1/24/2014,2.75
1/31/2014,2.67
2/7/2014,2.71
2/14/2014,2.75
2/21/2014,2.73
2/28/2014,2.66
3/7/2014,2.8
3/14/2014,2.65
3/21/2014,2.75
3/28/2014,2.73
4/4/2014,2.74
4/11/2014,2.63
4/18/2014,2.73
4/25/2014,2.68
5/2/2014,2.6
5/9/2014,2.62
5/16/2014,2.52
5/23/2014,2.54
5/30/2014,2.48
6/6/2014,2.6
6/13/2014,2.6
6/20/2014,2.63
6/27/2014,2.54
7/4/2014,2.65
7/11/2014,2.53
7/18/2014,2.5
7/25/2014,2.48
8/1/2014,2.52
8/8/2014,2.44
8/15/2014,2.34
8/22/2014,2.4
8/29/2014,2.35
9/5/2014,2.46
9/12/2014,2.62
9/19/2014,2.59
9/26/2014,2.54
10/3/2014,2.45
10/10/2014,2.31
10/17/2014,2.22
10/24/2014,2.29
10/31/2014,2.35
11/7/2014,2.32
11/14/2014,2.32
11/21/2014,2.31
11/28/2014,2.18
12/5/2014,2.31
12/12/2014,2.1
12/19/2014,2.17
12/26/2014,2.25
1/2/2015,2.12
1/9/2015,1.98
1/16/2015,1.83
1/23/2015,1.81
1/30/2015,1.68
2/6/2015,1.95
2/13/2015,2.02
2/20/2015,2.13
2/27/2015,2
3/6/2015,2.24
3/13/2015,2.13
3/20/2015,1.93
3/27/2015,1.95
4/3/2015,1.85
4/10/2015,1.96
4/17/2015,1.87
4/24/2015,1.93
5/1/2015,2.12
5/8/2015,2.16
5/15/2015,2.14
5/22/2015,2.21
5/29/2015,2.12
6/5/2015,2.41
6/12/2015,2.39
6/19/2015,2.26
6/26/2015,2.49
7/3/2015,2.4
7/10/2015,2.42
7/17/2015,2.34
7/24/2015,2.27
7/31/2015,2.2
8/7/2015,2.18
8/14/2015,2.2
8/21/2015,2.05
8/28/2015,2.19
9/4/2015,2.13
9/11/2015,2.2
9/18/2015,2.13
9/25/2015,2.17
10/2/2015,1.99
10/9/2015,2.12
10/16/2015,2.04
10/23/2015,2.09
10/30/2015,2.16
11/6/2015,2.34
11/13/2015,2.28
11/20/2015,2.26
11/27/2015,2.22
12/4/2015,2.28
12/11/2015,2.13
12/18/2015,2.19
12/25/2015,2.25
1/1/2016,2.27
1/8/2016,2.13
1/15/2016,2.03
1/22/2016,2.07
1/29/2016,1.94
2/5/2016,1.86
2/12/2016,1.74
2/19/2016,1.76
2/26/2016,1.76
3/4/2016,1.88
3/11/2016,1.98
3/18/2016,1.88
3/25/2016,1.91
4/1/2016,1.79
4/8/2016,1.72
4/15/2016,1.76
4/22/2016,1.89
4/29/2016,1.83
5/6/2016,1.79
5/13/2016,1.71
5/20/2016,1.85
5/27/2016,1.85
6/3/2016,1.71
6/10/2016,1.64
6/17/2016,1.62
6/24/2016,1.57
7/1/2016,1.46
7/8/2016,1.37
7/15/2016,1.6
7/22/2016,1.57
7/29/2016,1.46
8/5/2016,1.59
8/12/2016,1.51
8/19/2016,1.58
8/26/2016,1.62
9/2/2016,1.6
9/9/2016,1.67
9/16/2016,1.7
9/23/2016,1.62
9/30/2016,1.6
10/7/2016,1.73
10/14/2016,1.8
10/21/2016,1.74
10/28/2016,1.86
11/4/2016,1.79
11/11/2016,2.15
11/18/2016,2.34
11/25/2016,2.36
12/2/2016,2.4
12/9/2016,2.47
12/16/2016,2.6
12/23/2016,2.55
12/30/2016,2.45
1/6/2017,2.42
1/13/2017,2.4
1/20/2017,2.48
1/27/2017,2.49
2/3/2017,2.49
2/10/2017,2.41
2/17/2017,2.42
2/24/2017,2.31
3/3/2017,2.49
3/10/2017,2.58
3/17/2017,2.5
3/24/2017,2.4
3/31/2017,2.4
4/7/2017,2.38
4/14/2017,2.24
4/21/2017,2.24
4/28/2017,2.29
5/5/2017,2.36
5/12/2017,2.33
5/19/2017,2.23
5/26/2017,2.25
6/2/2017,2.15
6/9/2017,2.21
6/16/2017,2.16
6/23/2017,2.15
6/30/2017,2.31
7/7/2017,2.39
7/14/2017,2.33
7/21/2017,2.24
7/28/2017,2.3
8/4/2017,2.27
8/11/2017,2.19
8/18/2017,2.19
8/25/2017,2.17
9/1/2017,2.16
9/8/2017,2.06
9/15/2017,2.2
9/22/2017,2.26
9/29/2017,2.33
10/6/2017,2.37
10/13/2017,2.28
10/20/2017,2.39
10/27/2017,2.42
11/3/2017,2.34
11/10/2017,2.4
11/17/2017,2.35
11/24/2017,2.34
12/1/2017,2.37
12/8/2017,2.38
12/15/2017,2.35
12/22/2017,2.48
12/29/2017,2.4
1/5/2018,2.47
1/12/2018,2.55
1/19/2018,2.64
1/26/2018,2.66
2/2/2018,2.84
2/9/2018,2.83
2/16/2018,2.87
2/23/2018,2.88
3/2/2018,2.86
3/9/2018,2.9
3/16/2018,2.85
3/23/2018,2.82
3/30/2018,2.74
4/6/2018,2.77
4/13/2018,2.82
4/20/2018,2.96
4/27/2018,2.96
5/4/2018,2.95
5/11/2018,2.97
5/18/2018,3.06
5/25/2018,2.93
6/1/2018,2.89
6/8/2018,2.93
6/15/2018,2.93
6/22/2018,2.9
6/29/2018,2.85
7/6/2018,2.82
7/13/2018,2.83
7/20/2018,2.89
7/27/2018,2.96
8/3/2018,2.95
8/10/2018,2.87
8/17/2018,2.87
8/24/2018,2.82
8/31/2018,2.86
9/7/2018,2.94
9/14/2018,2.99
9/21/2018,3.07
9/28/2018,3.05
10/5/2018,3.23
10/12/2018,3.15
10/19/2018,3.2
10/26/2018,3.08
11/2/2018,3.22
11/9/2018,3.19
11/16/2018,3.08
11/23/2018,3.05
11/30/2018,3.01
12/7/2018,2.85
12/14/2018,2.89
12/21/2018,2.79
12/28/2018,2.72
1/4/2019,2.67
1/11/2019,2.71
1/18/2019,2.79
1/25/2019,2.76
2/1/2019,2.7
2/8/2019,2.63
2/15/2019,2.66
2/22/2019,2.65
3/1/2019,2.76
3/8/2019,2.62
3/15/2019,2.59
3/22/2019,2.44
3/29/2019,2.41
4/5/2019,2.5
4/12/2019,2.56
4/19/2019,2.57
4/26/2019,2.51
5/3/2019,2.54
5/10/2019,2.47
5/17/2019,2.39
5/24/2019,2.32
5/31/2019,2.14
6/7/2019,2.09
6/14/2019,2.09
6/21/2019,2.07
6/28/2019,2
7/5/2019,2.04
7/12/2019,2.12
7/19/2019,2.05
7/26/2019,2.08
8/2/2019,1.86
8/9/2019,1.74
8/16/2019,1.55
8/23/2019,1.52
8/30/2019,1.5
9/6/2019,1.55
9/13/2019,1.9
9/20/2019,1.74
9/27/2019,1.69
10/4/2019,1.52
10/11/2019,1.76
10/18/2019,1.76
10/25/2019,1.8
11/1/2019,1.73
11/8/2019,1.94
11/15/2019,1.84
11/22/2019,1.77
11/29/2019,1.78
12/6/2019,1.84
12/13/2019,1.82
12/20/2019,1.92
12/27/2019,1.88
1/3/2020,1.8
1/10/2020,1.83
1/17/2020,1.84
1/24/2020,1.7
1/31/2020,1.51
2/7/2020,1.59
2/14/2020,1.59
2/21/2020,1.46
2/28/2020,1.13
3/6/2020,0.74
3/13/2020,0.94
3/20/2020,0.92
3/27/2020,0.72
4/3/2020,0.62
4/10/2020,0.73
4/17/2020,0.65
4/24/2020,0.6
5/1/2020,0.64
5/8/2020,0.69
5/15/2020,0.64
5/22/2020,0.66
5/29/2020,0.65
6/5/2020,0.91
6/12/2020,0.71
6/19/2020,0.7
6/26/2020,0.64
7/3/2020,0.68
7/10/2020,0.65
7/17/2020,0.64
7/24/2020,0.59
7/31/2020,0.55
8/7/2020,0.57
8/14/2020,0.71
8/21/2020,0.64
8/28/2020,0.74
9/4/2020,0.72
9/11/2020,0.67
9/18/2020,0.7
9/25/2020,0.66
10/2/2020,0.7
10/9/2020,0.79
10/16/2020,0.76
10/23/2020,0.85
10/30/2020,0.88
11/6/2020,0.83
11/13/2020,0.89
11/20/2020,0.83
11/27/2020,0.84
12/4/2020,0.97
12/11/2020,0.9
12/18/2020,0.95
12/25/2020,0.94
1/1/2021,0.93
1/8/2021,1.13
1/15/2021,1.11
1/22/2021,1.1
1/29/2021,1.11
2/5/2021,1.19
2/12/2021,1.2
2/19/2021,1.34
2/26/2021,1.44
3/5/2021,1.56
3/12/2021,1.64
3/19/2021,1.74
3/26/2021,1.67
4/2/2021,1.72
4/9/2021,1.67
4/16/2021,1.59
4/23/2021,1.58
4/30/2021,1.65
5/7/2021,1.6
5/14/2021,1.63
5/21/2021,1.63
5/28/2021,1.58
6/4/2021,1.56
6/11/2021,1.47
6/18/2021,1.45
6/25/2021,1.54
7/2/2021,1.44
7/9/2021,1.37
7/16/2021,1.31
7/23/2021,1.3
7/30/2021,1.24
8/6/2021,1.31
8/13/2021,1.29
8/20/2021,1.26
8/27/2021,1.31
9/3/2021,1.33
9/10/2021,1.35
9/17/2021,1.37
9/24/2021,1.47
10/1/2021,1.48
10/8/2021,1.61
10/15/2021,1.59
10/22/2021,1.66
10/29/2021,1.55
11/5/2021,1.45
11/12/2021,1.58
11/19/2021,1.54
11/26/2021,1.48
12/3/2021,1.35
12/10/2021,1.48
12/17/2021,1.41
12/24/2021,1.5
12/31/2021,1.52
1/7/2022,1.76
1/14/2022,1.78
1/21/2022,1.75
1/28/2022,1.78
2/4/2022,1.93
2/11/2022,1.92
2/18/2022,1.92
2/25/2022,1.97
3/4/2022,1.74
3/11/2022,2
3/18/2022,2.14
3/25/2022,2.48
4/1/2022,2.39
4/8/2022,2.72
4/15/2022,2.83
4/22/2022,2.9
4/29/2022,2.89
5/6/2022,3.12
5/13/2022,2.93
5/20/2022,2.78
5/27/2022,2.74
6/3/2022,2.96
6/10/2022,3.15
6/17/2022,3.25
6/24/2022,3.13
7/1/2022,2.88
7/8/2022,3.09
7/15/2022,2.93
7/22/2022,2.77
7/29/2022,2.67
8/5/2022,2.83
8/12/2022,2.84
8/19/2022,2.98
8/26/2022,3.04
9/2/2022,3.2
9/9/2022,3.33
9/16/2022,3.45
9/23/2022,3.69
9/30/2022,3.83
10/7/2022,3.89
10/14/2022,4
10/21/2022,4.21
10/28/2022,4.02
11/4/2022,4.17
11/11/2022,3.82
11/18/2022,3.82
11/25/2022,3.68
12/2/2022,3.51
12/9/2022,3.57
12/16/2022,3.48
12/23/2022,3.75
12/30/2022,3.88
1/6/2023,3.55
1/13/2023,3.49
1/20/2023,3.48
1/27/2023,3.52
2/3/2023,3.53
2/10/2023,3.74
2/17/2023,3.82
2/24/2023,3.95
3/3/2023,3.97
3/10/2023,3.7
3/17/2023,3.39
3/24/2023,3.38
3/31/2023,3.48
4/7/2023,3.39
4/14/2023,3.52
4/21/2023,3.57
4/28/2023,3.44
5/5/2023,3.44
5/12/2023,3.46
5/19/2023,3.7
5/26/2023,3.8
6/2/2023,3.69
6/9/2023,3.75
6/16/2023,3.77
6/23/2023,3.74
6/30/2023,3.81
7/7/2023,4.06
7/14/2023,3.83
7/21/2023,3.84
7/28/2023,3.96
8/4/2023,4.05
8/11/2023,4.16
8/18/2023,4.26
8/25/2023,4.25
9/1/2023,4.18
9/8/2023,4.26
9/15/2023,4.33
9/22/2023,4.44
9/29/2023,4.59
10/6/2023,4.78
10/13/2023,4.63
10/20/2023,4.93
10/27/2023,4.84
11/3/2023,4.57
11/10/2023,4.61
11/17/2023,4.44
11/24/2023,4.47
12/1/2023,4.22
12/8/2023,4.23
12/15/2023,3.91
12/22/2023,3.9
12/29/2023,3.88
1/5/2024,4.05
1/12/2024,3.96
1/19/2024,4.15
1/26/2024,4.15
2/2/2024,4.03
2/9/2024,4.17
2/16/2024,4.3
2/23/2024,4.26
3/1/2024,4.19
3/8/2024,4.09
3/15/2024,4.31
3/22/2024,4.22
3/29/2024,4.2
4/5/2024,4.39
4/12/2024,4.5
4/19/2024,4.62
4/26/2024,4.67
5/3/2024,4.5
5/10/2024,4.5
5/17/2024,4.42
5/24/2024,4.46
5/31/2024,4.51
6/7/2024,4.43
6/14/2024,4.2
6/21/2024,4.25
6/28/2024,4.36
7/5/2024,4.28
7/12/2024,4.18
7/19/2024,4.25
7/26/2024,4.2
8/2/2024,3.8
8/9/2024,3.94
8/16/2024,3.89
8/23/2024,3.81
8/30/2024,3.91
9/6/2024,3.72
9/13/2024,3.66
9/20/2024,3.73
9/27/2024,3.75
10/4/2024,3.98
10/11/2024,4.08
10/18/2024,4.08
10/25/2024,4.25
11/1/2024,4.37
11/8/2024,4.3
11/15/2024,4.43
11/22/2024,4.41
11/29/2024,4.18
12/6/2024,4.15
12/13/2024,4.4
12/20/2024,4.52
12/27/2024,4.62
1/3/2025,4.6
1/10/2025,4.77
1/17/2025,4.61
1/24/2025,4.63
1/31/2025,4.58
2/7/2025,4.49
2/14/2025,4.47
2/21/2025,4.42
2/28/2025,4.24
3/7/2025,4.32
3/14/2025,4.31
3/21/2025,4.25
3/28/2025,4.27
4/4/2025,4.01
4/11/2025,4.48
4/18/2025,4.34
4/25/2025,4.29
5/2/2025,4.33
5/9/2025,4.37
5/16/2025,4.43
5/23/2025,4.51
5/30/2025,4.41
6/6/2025,4.51
6/13/2025,4.41
6/20/2025,4.38
6/27/2025,4.29
7/4/2025,4.35
7/11/2025,4.43
7/18/2025,4.44
7/25/2025,4.4
8/1/2025,4.23
8/8/2025,4.27
8/15/2025,4.33
8/22/2025,4.26
8/29/2025,4.23
9/5/2025,4.1
9/12/2025,4.06
9/19/2025,4.14
9/26/2025,4.2
10/3/2025,4.13
10/10/2025,4.05
10/17/2025,4.02
10/24/2025,4.02
10/31/2025,4.11
11/7/2025,4.11
11/14/2025,4.14
11/21/2025,4.06
11/28/2025,4.02
12/5/2025,4.14
12/12/2025,4.19
12/19/2025,4.16
12/26/2025,4.14
1/2/2026,4.19
1/9/2026,4.18
1/16/2026,4.24
1/23/2026,4.24
1/30/2026,4.26
2/6/2026,4.22
2/13/2026,4.04
2/20/2026,4.08
2/27/2026,3.97
3/6/2026,4.15
3/13/2026,4.28
3/20/2026,4.39
3/27/2026,4.44
4/3/2026,4.35
4/10/2026,4.31
4/17/2026,4.26
4/24/2026,4.31
5/1/2026,4.39
5/8/2026,4.38
5/15/2026,4.59
5/22/2026,4.56
5/29/2026,4.45
6/5/2026,4.55
6/12/2026,4.48
6/19/2026,4.46
6/26/2026,4.38
7/3/2026,4.49
7/10/2026,4.56
7/17/2026,4.55
7/24/2026,4.69
7/31/2026,4.75
8/7/2026,4.65
8/14/2026,4.68
8/21/2026,4.74
8/28/2026,4.73
9/4/2026,4.78
9/11/2026,4.96
9/14/2026,4.97
9/15/2026,5
9/16/2026,5.01
9/17/2026,4.94
