date,us3m
1/5/1962,
1/12/1962,
1/19/1962,
1/26/1962,
2/2/1962,
2/9/1962,
2/16/1962,
2/23/1962,
3/2/1962,
3/9/1962,
3/16/1962,
3/23/1962,
3/30/1962,
4/6/1962,
4/13/1962,
4/20/1962,
4/27/1962,
5/4/1962,
5/11/1962,
5/18/1962,
5/25/1962,
6/1/1962,
6/8/1962,
6/15/1962,
6/22/1962,
6/29/1962,
7/6/1962,
7/13/1962,
7/20/1962,
7/27/1962,
8/3/1962,
8/10/1962,
8/17/1962,
8/24/1962,
8/31/1962,
9/7/1962,
9/14/1962,
9/21/1962,
9/28/1962,
10/5/1962,
10/12/1962,
10/19/1962,
10/26/1962,
11/2/1962,
11/9/1962,
11/16/1962,
11/23/1962,
11/30/1962,
12/7/1962,
12/14/1962,
12/21/1962,
12/28/1962,
1/4/1963,
1/11/1963,
1/18/1963,
1/25/1963,
2/1/1963,
2/8/1963,
2/15/1963,
2/22/1963,
3/1/1963,
3/8/1963,
3/15/1963,
3/22/1963,
3/29/1963,
4/5/1963,
4/12/1963,
4/19/1963,
4/26/1963,
5/3/1963,
5/10/1963,
5/17/1963,
5/24/1963,
5/31/1963,
6/7/1963,
6/14/1963,
6/21/1963,
6/28/1963,
7/5/1963,
7/12/1963,
7/19/1963,
7/26/1963,
8/2/1963,
8/9/1963,
8/16/1963,
8/23/1963,
8/30/1963,
9/6/1963,
9/13/1963,
9/20/1963,
9/27/1963,
10/4/1963,
10/11/1963,
10/18/1963,
10/25/1963,
11/1/1963,
11/8/1963,
11/15/1963,
11/22/1963,
11/29/1963,
12/6/1963,
12/13/1963,
12/20/1963,
12/27/1963,
1/3/1964,
1/10/1964,
1/17/1964,
1/24/1964,
1/31/1964,
2/7/1964,
2/14/1964,
2/21/1964,
2/28/1964,
3/6/1964,
3/13/1964,
3/20/1964,
3/27/1964,
4/3/1964,
4/10/1964,
4/17/1964,
4/24/1964,
5/1/1964,
5/8/1964,
5/15/1964,
5/22/1964,
5/29/1964,
6/5/1964,
6/12/1964,
6/19/1964,
6/26/1964,
7/3/1964,
7/10/1964,
7/17/1964,
7/24/1964,
7/31/1964,
8/7/1964,
8/14/1964,
8/21/1964,
8/28/1964,
9/4/1964,
9/11/1964,
9/18/1964,
9/25/1964,
10/2/1964,
10/9/1964,
10/16/1964,
10/23/1964,
10/30/1964,
11/6/1964,
11/13/1964,
11/20/1964,
11/27/1964,
12/4/1964,
12/11/1964,
12/18/1964,
12/25/1964,
1/1/1965,
1/8/1965,
1/15/1965,
1/22/1965,
1/29/1965,
2/5/1965,
2/12/1965,
2/19/1965,
2/26/1965,
3/5/1965,
3/12/1965,
3/19/1965,
3/26/1965,
4/2/1965,
4/9/1965,
4/16/1965,
4/23/1965,
4/30/1965,
5/7/1965,
5/14/1965,
5/21/1965,
5/28/1965,
6/4/1965,
6/11/1965,
6/18/1965,
6/25/1965,
7/2/1965,
7/9/1965,
7/16/1965,
7/23/1965,
7/30/1965,
8/6/1965,
8/13/1965,
8/20/1965,
8/27/1965,
9/3/1965,
9/10/1965,
9/17/1965,
9/24/1965,
10/1/1965,
10/8/1965,
10/15/1965,
10/22/1965,
10/29/1965,
11/5/1965,
11/12/1965,
11/19/1965,
11/26/1965,
12/3/1965,
12/10/1965,
12/17/1965,
12/24/1965,
12/31/1965,
1/7/1966,
1/14/1966,
1/21/1966,
1/28/1966,
2/4/1966,
2/11/1966,
2/18/1966,
2/25/1966,
3/4/1966,
3/11/1966,
3/18/1966,
3/25/1966,
4/1/1966,
4/8/1966,
4/15/1966,
4/22/1966,
4/29/1966,
5/6/1966,
5/13/1966,
5/20/1966,
5/27/1966,
6/3/1966,
6/10/1966,
6/17/1966,
6/24/1966,
7/1/1966,
7/8/1966,
7/15/1966,
7/22/1966,
7/29/1966,
8/5/1966,
8/12/1966,
8/19/1966,
8/26/1966,
9/2/1966,
9/9/1966,
9/16/1966,
9/23/1966,
9/30/1966,
10/7/1966,
10/14/1966,
10/21/1966,
10/28/1966,
11/4/1966,
11/11/1966,
11/18/1966,
11/25/1966,
12/2/1966,
12/9/1966,
12/16/1966,
12/23/1966,
12/30/1966,
1/6/1967,
1/13/1967,
1/20/1967,
1/27/1967,
2/3/1967,
2/10/1967,
2/17/1967,
2/24/1967,
3/3/1967,
3/10/1967,
3/17/1967,
3/24/1967,
3/31/1967,
4/7/1967,
4/14/1967,
4/21/1967,
4/28/1967,
5/5/1967,
5/12/1967,
5/19/1967,
5/26/1967,
6/2/1967,
6/9/1967,
6/16/1967,
6/23/1967,
6/30/1967,
7/7/1967,
7/14/1967,
7/21/1967,
7/28/1967,
8/4/1967,
8/11/1967,
8/18/1967,
8/25/1967,
9/1/1967,
9/8/1967,
9/15/1967,
9/22/1967,
9/29/1967,
10/6/1967,
10/13/1967,
10/20/1967,
10/27/1967,
11/3/1967,
11/10/1967,
11/17/1967,
11/24/1967,
12/1/1967,
12/8/1967,
12/15/1967,
12/22/1967,
12/29/1967,
1/5/1968,
1/12/1968,
1/19/1968,
1/26/1968,
2/2/1968,
2/9/1968,
2/16/1968,
2/23/1968,
3/1/1968,
3/8/1968,
3/15/1968,
3/22/1968,
3/29/1968,
4/5/1968,
4/12/1968,
4/19/1968,
4/26/1968,
5/3/1968,
5/10/1968,
5/17/1968,
5/24/1968,
5/31/1968,
6/7/1968,
6/14/1968,
6/21/1968,
6/28/1968,
7/5/1968,
7/12/1968,
7/19/1968,
7/26/1968,
8/2/1968,
8/9/1968,
8/16/1968,
8/23/1968,
8/30/1968,
9/6/1968,
9/13/1968,
9/20/1968,
9/27/1968,
10/4/1968,
10/11/1968,
10/18/1968,
10/25/1968,
11/1/1968,
11/8/1968,
11/15/1968,
11/22/1968,
11/29/1968,
12/6/1968,
12/13/1968,
12/20/1968,
12/27/1968,
1/3/1969,
1/10/1969,
1/17/1969,
1/24/1969,
1/31/1969,
2/7/1969,
2/14/1969,
2/21/1969,
2/28/1969,
3/7/1969,
3/14/1969,
3/21/1969,
3/28/1969,
4/4/1969,
4/11/1969,
4/18/1969,
4/25/1969,
5/2/1969,
5/9/1969,
5/16/1969,
5/23/1969,
5/30/1969,
6/6/1969,
6/13/1969,
6/20/1969,
6/27/1969,
7/4/1969,
7/11/1969,
7/18/1969,
7/25/1969,
8/1/1969,
8/8/1969,
8/15/1969,
8/22/1969,
8/29/1969,
9/5/1969,
9/12/1969,
9/19/1969,
9/26/1969,
10/3/1969,
10/10/1969,
10/17/1969,
10/24/1969,
10/31/1969,
11/7/1969,
11/14/1969,
11/21/1969,
11/28/1969,
12/5/1969,
12/12/1969,
12/19/1969,
12/26/1969,
1/2/1970,
1/9/1970,
1/16/1970,
1/23/1970,
1/30/1970,
2/6/1970,
2/13/1970,
2/20/1970,
2/27/1970,
3/6/1970,
3/13/1970,
3/20/1970,
3/27/1970,
4/3/1970,
4/10/1970,
4/17/1970,
4/24/1970,
5/1/1970,
5/8/1970,
5/15/1970,
5/22/1970,
5/29/1970,
6/5/1970,
6/12/1970,
6/19/1970,
6/26/1970,
7/3/1970,
7/10/1970,
7/17/1970,
7/24/1970,
7/31/1970,
8/7/1970,
8/14/1970,
8/21/1970,
8/28/1970,
9/4/1970,
9/11/1970,
9/18/1970,
9/25/1970,
10/2/1970,
10/9/1970,
10/16/1970,
10/23/1970,
10/30/1970,
11/6/1970,
11/13/1970,
11/20/1970,
11/27/1970,
12/4/1970,
12/11/1970,
12/18/1970,
12/25/1970,
1/1/1971,
1/8/1971,
1/15/1971,
1/22/1971,
1/29/1971,
2/5/1971,
2/12/1971,
2/19/1971,
2/26/1971,
3/5/1971,
3/12/1971,
3/19/1971,
3/26/1971,
4/2/1971,
4/9/1971,
4/16/1971,
4/23/1971,
4/30/1971,
5/7/1971,
5/14/1971,
5/21/1971,
5/28/1971,
6/4/1971,
6/11/1971,
6/18/1971,
6/25/1971,
7/2/1971,
7/9/1971,
7/16/1971,
7/23/1971,
7/30/1971,
8/6/1971,
8/13/1971,
8/20/1971,
8/27/1971,
9/3/1971,
9/10/1971,
9/17/1971,
9/24/1971,
10/1/1971,
10/8/1971,
10/15/1971,
10/22/1971,
10/29/1971,
11/5/1971,
11/12/1971,
11/19/1971,
11/26/1971,
12/3/1971,
12/10/1971,
12/17/1971,
12/24/1971,
12/31/1971,
1/7/1972,
1/14/1972,
1/21/1972,
1/28/1972,
2/4/1972,
2/11/1972,
2/18/1972,
2/25/1972,
3/3/1972,
3/10/1972,
3/17/1972,
3/24/1972,
3/31/1972,
4/7/1972,
4/14/1972,
4/21/1972,
4/28/1972,
5/5/1972,
5/12/1972,
5/19/1972,
5/26/1972,
6/2/1972,
6/9/1972,
6/16/1972,
6/23/1972,
6/30/1972,
7/7/1972,
7/14/1972,
7/21/1972,
7/28/1972,
8/4/1972,
8/11/1972,
8/18/1972,
8/25/1972,
9/1/1972,
9/8/1972,
9/15/1972,
9/22/1972,
9/29/1972,
10/6/1972,
10/13/1972,
10/20/1972,
10/27/1972,
11/3/1972,
11/10/1972,
11/17/1972,
11/24/1972,
12/1/1972,
12/8/1972,
12/15/1972,
12/22/1972,
12/29/1972,
1/5/1973,
1/12/1973,
1/19/1973,
1/26/1973,
2/2/1973,
2/9/1973,
2/16/1973,
2/23/1973,
3/2/1973,
3/9/1973,
3/16/1973,
3/23/1973,
3/30/1973,
4/6/1973,
4/13/1973,
4/20/1973,
4/27/1973,
5/4/1973,
5/11/1973,
5/18/1973,
5/25/1973,
6/1/1973,
6/8/1973,
6/15/1973,
6/22/1973,
6/29/1973,
7/6/1973,
7/13/1973,
7/20/1973,
7/27/1973,
8/3/1973,
8/10/1973,
8/17/1973,
8/24/1973,
8/31/1973,
9/7/1973,
9/14/1973,
9/21/1973,
9/28/1973,
10/5/1973,
10/12/1973,
10/19/1973,
10/26/1973,
11/2/1973,
11/9/1973,
11/16/1973,
11/23/1973,
11/30/1973,
12/7/1973,
12/14/1973,
12/21/1973,
12/28/1973,
1/4/1974,
1/11/1974,
1/18/1974,
1/25/1974,
2/1/1974,
2/8/1974,
2/15/1974,
2/22/1974,
3/1/1974,
3/8/1974,
3/15/1974,
3/22/1974,
3/29/1974,
4/5/1974,
4/12/1974,
4/19/1974,
4/26/1974,
5/3/1974,
5/10/1974,
5/17/1974,
5/24/1974,
5/31/1974,
6/7/1974,
6/14/1974,
6/21/1974,
6/28/1974,
7/5/1974,
7/12/1974,
7/19/1974,
7/26/1974,
8/2/1974,
8/9/1974,
8/16/1974,
8/23/1974,
8/30/1974,
9/6/1974,
9/13/1974,
9/20/1974,
9/27/1974,
10/4/1974,
10/11/1974,
10/18/1974,
10/25/1974,
11/1/1974,
11/8/1974,
11/15/1974,
11/22/1974,
11/29/1974,
12/6/1974,
12/13/1974,
12/20/1974,
12/27/1974,
1/3/1975,
1/10/1975,
1/17/1975,
1/24/1975,
1/31/1975,
2/7/1975,
2/14/1975,
2/21/1975,
2/28/1975,
3/7/1975,
3/14/1975,
3/21/1975,
3/28/1975,
4/4/1975,
4/11/1975,
4/18/1975,
4/25/1975,
5/2/1975,
5/9/1975,
5/16/1975,
5/23/1975,
5/30/1975,
6/6/1975,
6/13/1975,
6/20/1975,
6/27/1975,
7/4/1975,
7/11/1975,
7/18/1975,
7/25/1975,
8/1/1975,
8/8/1975,
8/15/1975,
8/22/1975,
8/29/1975,
9/5/1975,
9/12/1975,
9/19/1975,
9/26/1975,
10/3/1975,
10/10/1975,
10/17/1975,
10/24/1975,
10/31/1975,
11/7/1975,
11/14/1975,
11/21/1975,
11/28/1975,
12/5/1975,
12/12/1975,
12/19/1975,
12/26/1975,
1/2/1976,
1/9/1976,
1/16/1976,
1/23/1976,
1/30/1976,
2/6/1976,
2/13/1976,
2/20/1976,
2/27/1976,
3/5/1976,
3/12/1976,
3/19/1976,
3/26/1976,
4/2/1976,
4/9/1976,
4/16/1976,
4/23/1976,
4/30/1976,
5/7/1976,
5/14/1976,
5/21/1976,
5/28/1976,
6/4/1976,
6/11/1976,
6/18/1976,
6/25/1976,
7/2/1976,
7/9/1976,
7/16/1976,
7/23/1976,
7/30/1976,
8/6/1976,
8/13/1976,
8/20/1976,
8/27/1976,
9/3/1976,
9/10/1976,
9/17/1976,
9/24/1976,
10/1/1976,
10/8/1976,
10/15/1976,
10/22/1976,
10/29/1976,
11/5/1976,
11/12/1976,
11/19/1976,
11/26/1976,
12/3/1976,
12/10/1976,
12/17/1976,
12/24/1976,
12/31/1976,
1/7/1977,
1/14/1977,
1/21/1977,
1/28/1977,
2/4/1977,
2/11/1977,
2/18/1977,
2/25/1977,
3/4/1977,
3/11/1977,
3/18/1977,
3/25/1977,
4/1/1977,
4/8/1977,
4/15/1977,
4/22/1977,
4/29/1977,
5/6/1977,
5/13/1977,
5/20/1977,
5/27/1977,
6/3/1977,
6/10/1977,
6/17/1977,
6/24/1977,
7/1/1977,
7/8/1977,
7/15/1977,
7/22/1977,
7/29/1977,
8/5/1977,
8/12/1977,
8/19/1977,
8/26/1977,
9/2/1977,
9/9/1977,
9/16/1977,
9/23/1977,
9/30/1977,
10/7/1977,
10/14/1977,
10/21/1977,
10/28/1977,
11/4/1977,
11/11/1977,
11/18/1977,
11/25/1977,
12/2/1977,
12/9/1977,
12/16/1977,
12/23/1977,
12/30/1977,
1/6/1978,
1/13/1978,
1/20/1978,
1/27/1978,
2/3/1978,
2/10/1978,
2/17/1978,
2/24/1978,
3/3/1978,
3/10/1978,
3/17/1978,
3/24/1978,
3/31/1978,
4/7/1978,
4/14/1978,
4/21/1978,
4/28/1978,
5/5/1978,
5/12/1978,
5/19/1978,
5/26/1978,
6/2/1978,
6/9/1978,
6/16/1978,
6/23/1978,
6/30/1978,
7/7/1978,
7/14/1978,
7/21/1978,
7/28/1978,
8/4/1978,
8/11/1978,
8/18/1978,
8/25/1978,
9/1/1978,
9/8/1978,
9/15/1978,
9/22/1978,
9/29/1978,
10/6/1978,
10/13/1978,
10/20/1978,
10/27/1978,
11/3/1978,
11/10/1978,
11/17/1978,
11/24/1978,
12/1/1978,
12/8/1978,
12/15/1978,
12/22/1978,
12/29/1978,
1/5/1979,
1/12/1979,
1/19/1979,
1/26/1979,
2/2/1979,
2/9/1979,
2/16/1979,
2/23/1979,
3/2/1979,
3/9/1979,
3/16/1979,
3/23/1979,
3/30/1979,
4/6/1979,
4/13/1979,
4/20/1979,
4/27/1979,
5/4/1979,
5/11/1979,
5/18/1979,
5/25/1979,
6/1/1979,
6/8/1979,
6/15/1979,
6/22/1979,
6/29/1979,
7/6/1979,
7/13/1979,
7/20/1979,
7/27/1979,
8/3/1979,
8/10/1979,
8/17/1979,
8/24/1979,
8/31/1979,
9/7/1979,
9/14/1979,
9/21/1979,
9/28/1979,
10/5/1979,
10/12/1979,
10/19/1979,
10/26/1979,
11/2/1979,
11/9/1979,
11/16/1979,
11/23/1979,
11/30/1979,
12/7/1979,
12/14/1979,
12/21/1979,
12/28/1979,
1/4/1980,
1/11/1980,
1/18/1980,
1/25/1980,
2/1/1980,
2/8/1980,
2/15/1980,
2/22/1980,
2/29/1980,
3/7/1980,
3/14/1980,
3/21/1980,
3/28/1980,
4/4/1980,
4/11/1980,
4/18/1980,
4/25/1980,
5/2/1980,
5/9/1980,
5/16/1980,
5/23/1980,
5/30/1980,
6/6/1980,
6/13/1980,
6/20/1980,
6/27/1980,
7/4/1980,
7/11/1980,
7/18/1980,
7/25/1980,
8/1/1980,
8/8/1980,
8/15/1980,
8/22/1980,
8/29/1980,
9/5/1980,
9/12/1980,
9/19/1980,
9/26/1980,
10/3/1980,
10/10/1980,
10/17/1980,
10/24/1980,
10/31/1980,
11/7/1980,
11/14/1980,
11/21/1980,
11/28/1980,
12/5/1980,
12/12/1980,
12/19/1980,
12/26/1980,
1/2/1981,
1/9/1981,
1/16/1981,
1/23/1981,
1/30/1981,
2/6/1981,
2/13/1981,
2/20/1981,
2/27/1981,
3/6/1981,
3/13/1981,
3/20/1981,
3/27/1981,
4/3/1981,
4/10/1981,
4/17/1981,
4/24/1981,
5/1/1981,
5/8/1981,
5/15/1981,
5/22/1981,
5/29/1981,
6/5/1981,
6/12/1981,
6/19/1981,
6/26/1981,
7/3/1981,
7/10/1981,
7/17/1981,
7/24/1981,
7/31/1981,
8/7/1981,
8/14/1981,
8/21/1981,
8/28/1981,
9/4/1981,16.64
9/11/1981,15.76
9/18/1981,15.07
9/25/1981,15.02
10/2/1981,15.4
10/9/1981,13.96
10/16/1981,14.18
10/23/1981,13.87
10/30/1981,13.33
11/6/1981,12.21
11/13/1981,11.32
11/20/1981,10.51
11/27/1981,10.58
12/4/1981,10.29
12/11/1981,11.33
12/18/1981,11.33
12/25/1981,11.57
1/1/1982,11.54
1/8/1982,11.98
1/15/1982,12.74
1/22/1982,13.63
1/29/1982,13.08
2/5/1982,14.63
2/12/1982,15.06
2/19/1982,14.17
2/26/1982,13
3/5/1982,12.86
3/12/1982,13.4
3/19/1982,13.69
3/26/1982,13.69
4/2/1982,13.95
4/9/1982,13.74
4/16/1982,13.21
4/23/1982,12.99
4/30/1982,13.15
5/7/1982,13.02
5/14/1982,12.92
5/21/1982,11.99
5/28/1982,11.97
6/4/1982,12.78
6/11/1982,12.55
6/18/1982,13.31
6/25/1982,13.87
7/2/1982,13.36
7/9/1982,12.29
7/16/1982,11.68
7/23/1982,10.73
7/30/1982,10.57
8/6/1982,10.71
8/13/1982,9.6
8/20/1982,7.31
8/27/1982,8.1
9/3/1982,8.46
9/10/1982,8.66
9/17/1982,8.23
9/24/1982,7.85
10/1/1982,7.6
10/8/1982,8
10/15/1982,7.8
10/22/1982,7.88
10/29/1982,8.17
11/5/1982,8.04
11/12/1982,8.56
11/19/1982,8.38
11/26/1982,8.19
12/3/1982,8.1
12/10/1982,8.31
12/17/1982,8.13
12/24/1982,8.18
12/31/1982,8.2
1/7/1983,8.02
1/14/1983,7.79
1/21/1983,8.29
1/28/1983,8.26
2/4/1983,8.52
2/11/1983,8.42
2/18/1983,8.26
2/25/1983,8.08
3/4/1983,8.29
3/11/1983,8.56
3/18/1983,8.74
3/25/1983,9
4/1/1983,8.96
4/8/1983,8.63
4/15/1983,8.43
4/22/1983,8.44
4/29/1983,8.38
5/6/1983,8.26
5/13/1983,8.3
5/20/1983,8.48
5/27/1983,8.8
6/3/1983,8.87
6/10/1983,9.11
6/17/1983,9.01
6/24/1983,9.42
7/1/1983,9.05
7/8/1983,9.48
7/15/1983,9.59
7/22/1983,9.45
7/29/1983,9.59
8/5/1983,9.83
8/12/1983,9.9
8/19/1983,9.7
8/26/1983,9.54
9/2/1983,9.63
9/9/1983,9.54
9/16/1983,9.43
9/23/1983,9.22
9/30/1983,9.04
10/7/1983,8.94
10/14/1983,9.12
10/21/1983,8.87
10/28/1983,8.96
11/4/1983,9.14
11/11/1983,9.09
11/18/1983,9.2
11/25/1983,9.12
12/2/1983,9.28
12/9/1983,9.34
12/16/1983,9.47
12/23/1983,9.32
12/30/1983,9.33
1/6/1984,9.22
1/13/1984,9.08
1/20/1984,9.32
1/27/1984,9.28
2/3/1984,9.32
2/10/1984,9.43
2/17/1984,9.53
2/24/1984,9.54
3/2/1984,9.5
3/9/1984,9.77
3/16/1984,9.87
3/23/1984,10.15
3/30/1984,10.09
4/6/1984,10.05
4/13/1984,10.11
4/20/1984,10.1
4/27/1984,10.08
5/4/1984,10.25
5/11/1984,10.4
5/18/1984,10.19
5/25/1984,9.94
6/1/1984,10.18
6/8/1984,10.25
6/15/1984,10.27
6/22/1984,10.23
6/29/1984,10.31
7/6/1984,10.4
7/13/1984,10.36
7/20/1984,10.59
7/27/1984,10.7
8/3/1984,10.9
8/10/1984,10.86
8/17/1984,10.75
8/24/1984,10.91
8/31/1984,11.06
9/7/1984,10.99
9/14/1984,10.79
9/21/1984,10.67
9/28/1984,10.63
10/5/1984,10.55
10/12/1984,10.3
10/19/1984,9.93
10/26/1984,9.71
11/2/1984,9.34
11/9/1984,8.94
11/16/1984,8.9
11/23/1984,8.75
11/30/1984,8.74
12/7/1984,8.64
12/14/1984,8.39
12/21/1984,8.03
12/28/1984,8
1/4/1985,8.08
1/11/1985,8.02
1/18/1985,8
1/25/1985,7.89
2/1/1985,8.47
2/8/1985,8.51
2/15/1985,8.47
2/22/1985,8.68
3/1/1985,8.98
3/8/1985,8.89
3/15/1985,8.71
3/22/1985,8.82
3/29/1985,8.47
4/5/1985,8.41
4/12/1985,8.33
4/19/1985,8.06
4/26/1985,8.08
5/3/1985,7.99
5/10/1985,8
5/17/1985,7.64
5/24/1985,7.42
5/31/1985,7.38
6/7/1985,7.39
6/14/1985,6.91
6/21/1985,7.27
6/28/1985,7.05
7/5/1985,6.99
7/12/1985,7.32
7/19/1985,7.42
7/26/1985,7.43
8/2/1985,7.55
8/9/1985,7.4
8/16/1985,7.34
8/23/1985,7.27
8/30/1985,7.38
9/6/1985,7.5
9/13/1985,7.45
9/20/1985,7.24
9/27/1985,7.16
10/4/1985,7.22
10/11/1985,7.43
10/18/1985,7.44
10/25/1985,7.48
11/1/1985,7.44
11/8/1985,7.46
11/15/1985,7.59
11/22/1985,7.47
11/29/1985,7.39
12/6/1985,7.48
12/13/1985,7.2
12/20/1985,7.27
12/27/1985,7.18
1/3/1986,7.29
1/10/1986,7.44
1/17/1986,7.33
1/24/1986,7.19
1/31/1986,7.19
2/7/1986,7.44
2/14/1986,7.24
2/21/1986,7.2
2/28/1986,7.24
3/7/1986,6.81
3/14/1986,6.74
3/21/1986,6.61
3/28/1986,6.53
4/4/1986,6.41
4/11/1986,6.13
4/18/1986,6.04
4/25/1986,6.32
5/2/1986,6.33
5/9/1986,6.23
5/16/1986,6.4
5/23/1986,6.36
5/30/1986,6.49
6/6/1986,6.51
6/13/1986,6.36
6/20/1986,6.28
6/27/1986,6.2
7/4/1986,6.08
7/11/1986,5.92
7/18/1986,5.88
7/25/1986,5.98
8/1/1986,5.94
8/8/1986,5.86
8/15/1986,5.71
8/22/1986,5.51
8/29/1986,5.31
9/5/1986,5.37
9/12/1986,5.31
9/19/1986,5.4
9/26/1986,5.38
10/3/1986,5.23
10/10/1986,5.2
10/17/1986,5.42
10/24/1986,5.42
10/31/1986,5.34
11/7/1986,5.47
11/14/1986,5.55
11/21/1986,5.51
11/28/1986,5.54
12/5/1986,5.59
12/12/1986,5.64
12/19/1986,5.66
12/26/1986,5.72
1/2/1987,5.7
1/9/1987,5.53
1/16/1987,5.47
1/23/1987,5.55
1/30/1987,5.76
2/6/1987,5.82
2/13/1987,5.81
2/20/1987,5.58
2/27/1987,5.6
3/6/1987,5.82
3/13/1987,5.79
3/20/1987,5.69
3/27/1987,5.81
4/3/1987,5.67
4/10/1987,6.04
4/17/1987,5.73
4/24/1987,5.94
5/1/1987,5.78
5/8/1987,5.71
5/15/1987,6.15
5/22/1987,5.74
5/29/1987,5.87
6/5/1987,5.87
6/12/1987,5.73
6/19/1987,5.84
6/26/1987,5.97
7/3/1987,5.84
7/10/1987,5.76
7/17/1987,5.73
7/24/1987,5.96
7/31/1987,6.27
8/7/1987,6.04
8/14/1987,6.15
8/21/1987,6.3
8/28/1987,6.52
9/4/1987,6.59
9/11/1987,6.56
9/18/1987,6.63
9/25/1987,6.76
10/2/1987,6.89
10/9/1987,7
10/16/1987,7.19
10/23/1987,5.47
10/30/1987,5.45
11/6/1987,5.92
11/13/1987,6.11
11/20/1987,5.92
11/27/1987,5.82
12/4/1987,5.61
12/11/1987,6.05
12/18/1987,6.06
12/25/1987,5.92
1/1/1988,5.86
1/8/1988,6.06
1/15/1988,6.07
1/22/1988,6
1/29/1988,5.82
2/5/1988,5.81
2/12/1988,5.93
2/19/1988,5.86
2/26/1988,5.76
3/4/1988,5.88
3/11/1988,5.9
3/18/1988,5.82
3/25/1988,5.87
4/1/1988,5.87
4/8/1988,6.2
4/15/1988,6.05
4/22/1988,6
4/29/1988,6.16
5/6/1988,6.48
5/13/1988,6.37
5/20/1988,6.44
5/27/1988,6.65
6/3/1988,6.66
6/10/1988,6.65
6/17/1988,6.57
6/24/1988,6.72
7/1/1988,6.76
7/8/1988,6.88
7/15/1988,6.94
7/22/1988,6.96
7/29/1988,7.18
8/5/1988,7.15
8/12/1988,7.25
8/19/1988,7.3
8/26/1988,7.57
9/2/1988,7.45
9/9/1988,7.52
9/16/1988,7.38
9/23/1988,7.47
9/30/1988,7.49
10/7/1988,7.51
10/14/1988,7.56
10/21/1988,7.69
10/28/1988,7.62
11/4/1988,7.7
11/11/1988,7.9
11/18/1988,8.21
11/25/1988,8.31
12/2/1988,8.34
12/9/1988,8.14
12/16/1988,8.44
12/23/1988,8.32
12/30/1988,8.37
1/6/1989,8.58
1/13/1989,8.49
1/20/1989,8.52
1/27/1989,8.62
2/3/1989,8.78
2/10/1989,8.85
2/17/1989,8.78
2/24/1989,8.96
3/3/1989,8.94
3/10/1989,9.06
3/17/1989,9.18
3/24/1989,9.37
3/31/1989,9.23
4/7/1989,9.12
4/14/1989,8.92
4/21/1989,8.95
4/28/1989,8.71
5/5/1989,8.73
5/12/1989,8.5
5/19/1989,8.65
5/26/1989,8.82
6/2/1989,8.65
6/9/1989,8.5
6/16/1989,8.42
6/23/1989,8.33
6/30/1989,8.26
7/7/1989,7.98
7/14/1989,8.1
7/21/1989,8.39
7/28/1989,8.12
8/4/1989,8.13
8/11/1989,8.22
8/18/1989,8.13
8/25/1989,8.23
9/1/1989,8.12
9/8/1989,8.04
9/15/1989,7.78
9/22/1989,8.02
9/29/1989,8.18
10/6/1989,7.83
10/13/1989,7.87
10/20/1989,7.8
10/27/1989,8.02
11/3/1989,8.1
11/10/1989,7.97
11/17/1989,7.93
11/24/1989,7.76
12/1/1989,7.78
12/8/1989,7.86
12/15/1989,7.87
12/22/1989,7.84
12/29/1989,7.8
1/5/1990,7.79
1/12/1990,7.74
1/19/1990,8
1/26/1990,7.93
2/2/1990,8.07
2/9/1990,8.02
2/16/1990,7.94
2/23/1990,7.93
3/2/1990,8.02
3/9/1990,8.26
3/16/1990,8.19
3/23/1990,8.15
3/30/1990,8.07
4/6/1990,8.02
4/13/1990,8.02
4/20/1990,7.95
4/27/1990,8.05
5/4/1990,8.02
5/11/1990,7.88
5/18/1990,8.01
5/25/1990,8.01
6/1/1990,7.94
6/8/1990,7.96
6/15/1990,7.95
6/22/1990,8.04
6/29/1990,8
7/6/1990,8.01
7/13/1990,7.85
7/20/1990,7.79
7/27/1990,7.77
8/3/1990,7.52
8/10/1990,7.64
8/17/1990,7.72
8/24/1990,7.74
8/31/1990,7.63
9/7/1990,7.63
9/14/1990,7.59
9/21/1990,7.6
9/28/1990,7.37
10/5/1990,7.27
10/12/1990,7.37
10/19/1990,7.48
10/26/1990,7.36
11/2/1990,7.31
11/9/1990,7.27
11/16/1990,7.31
11/23/1990,7.25
11/30/1990,7.24
12/7/1990,7.1
12/14/1990,7.06
12/21/1990,6.79
12/28/1990,6.64
1/4/1991,6.73
1/11/1991,6.34
1/18/1991,6.24
1/25/1991,6.35
2/1/1991,6.17
2/8/1991,6.09
2/15/1991,6.08
2/22/1991,6.12
3/1/1991,6.27
3/8/1991,6.16
3/15/1991,5.98
3/22/1991,6.06
3/29/1991,5.92
4/5/1991,5.89
4/12/1991,5.68
4/19/1991,5.93
4/26/1991,5.79
5/3/1991,5.64
5/10/1991,5.65
5/17/1991,5.57
5/24/1991,5.57
5/31/1991,5.71
6/7/1991,5.74
6/14/1991,5.77
6/21/1991,5.75
6/28/1991,5.71
7/5/1991,5.76
7/12/1991,5.72
7/19/1991,5.76
7/26/1991,5.76
8/2/1991,5.63
8/9/1991,5.48
8/16/1991,5.42
8/23/1991,5.56
8/30/1991,5.49
9/6/1991,5.45
9/13/1991,5.31
9/20/1991,5.35
9/27/1991,5.28
10/4/1991,5.17
10/11/1991,5.14
10/18/1991,5.18
10/25/1991,5.11
11/1/1991,4.89
11/8/1991,4.75
11/15/1991,4.72
11/22/1991,4.55
11/29/1991,4.47
12/6/1991,4.36
12/13/1991,4.26
12/20/1991,3.84
12/27/1991,3.96
1/3/1992,3.95
1/10/1992,3.92
1/17/1992,3.89
1/24/1992,3.91
1/31/1992,3.94
2/7/1992,3.84
2/14/1992,3.89
2/21/1992,4.03
2/28/1992,4.03
3/6/1992,4.14
3/13/1992,4.16
3/20/1992,4.16
3/27/1992,4.11
4/3/1992,4.06
4/10/1992,3.74
4/17/1992,3.73
4/24/1992,3.76
5/1/1992,3.72
5/8/1992,3.72
5/15/1992,3.66
5/22/1992,3.77
5/29/1992,3.79
6/5/1992,3.77
6/12/1992,3.75
6/19/1992,3.74
6/26/1992,3.71
7/3/1992,3.31
7/10/1992,3.29
7/17/1992,3.23
7/24/1992,3.23
7/31/1992,3.25
8/7/1992,3.21
8/14/1992,3.13
8/21/1992,3.14
8/28/1992,3.23
9/4/1992,2.98
9/11/1992,2.98
9/18/1992,2.94
9/25/1992,2.86
10/2/1992,2.69
10/9/1992,2.89
10/16/1992,2.97
10/23/1992,3
10/30/1992,3.03
11/6/1992,3.13
11/13/1992,3.15
11/20/1992,3.28
11/27/1992,3.33
12/4/1992,3.32
12/11/1992,3.32
12/18/1992,3.23
12/25/1992,3.23
1/1/1993,3.15
1/8/1993,3.13
1/15/1993,3
1/22/1993,3.03
1/29/1993,2.96
2/5/1993,2.96
2/12/1993,2.99
2/19/1993,2.99
2/26/1993,3.01
3/5/1993,3.07
3/12/1993,3.04
3/19/1993,3.03
3/26/1993,3
4/2/1993,2.97
4/9/1993,2.96
4/16/1993,2.9
4/23/1993,2.9
4/30/1993,2.97
5/7/1993,2.93
5/14/1993,3.03
5/21/1993,3.07
5/28/1993,3.13
6/4/1993,3.18
6/11/1993,3.12
6/18/1993,3.13
6/25/1993,3.15
7/2/1993,3.02
7/9/1993,3.09
7/16/1993,3.08
7/23/1993,3.16
7/30/1993,3.1
8/6/1993,3.11
8/13/1993,3.09
8/20/1993,3.06
8/27/1993,3.09
9/3/1993,3
9/10/1993,3.02
9/17/1993,3.01
9/24/1993,2.99
10/1/1993,2.98
10/8/1993,3.05
10/15/1993,3.08
10/22/1993,3.11
10/29/1993,3.1
11/5/1993,3.13
11/12/1993,3.18
11/19/1993,3.2
11/26/1993,3.18
12/3/1993,3.18
12/10/1993,3.12
12/17/1993,3.09
12/24/1993,3.13
12/31/1993,3.07
1/7/1994,3.07
1/14/1994,3.03
1/21/1994,3.01
1/28/1994,2.99
2/4/1994,3.3
2/11/1994,3.33
2/18/1994,3.36
2/25/1994,3.44
3/4/1994,3.62
3/11/1994,3.58
3/18/1994,3.57
3/25/1994,3.57
4/1/1994,3.56
4/8/1994,3.65
4/15/1994,3.68
4/22/1994,3.84
4/29/1994,3.97
5/6/1994,4.3
5/13/1994,4.24
5/20/1994,4.26
5/27/1994,4.3
6/3/1994,4.23
6/10/1994,4.22
6/17/1994,4.23
6/24/1994,4.28
7/1/1994,4.32
7/8/1994,4.49
7/15/1994,4.38
7/22/1994,4.5
7/29/1994,4.39
8/5/1994,4.59
8/12/1994,4.51
8/19/1994,4.69
8/26/1994,4.68
9/2/1994,4.67
9/9/1994,4.7
9/16/1994,4.73
9/23/1994,4.91
9/30/1994,4.8
10/7/1994,5.02
10/14/1994,5
10/21/1994,5.15
10/28/1994,5.16
11/4/1994,5.33
11/11/1994,5.38
11/18/1994,5.5
11/25/1994,5.45
12/2/1994,5.79
12/9/1994,5.82
12/16/1994,5.71
12/23/1994,5.68
12/30/1994,5.68
1/6/1995,5.9
1/13/1995,5.72
1/20/1995,5.91
1/27/1995,5.92
2/3/1995,5.96
2/10/1995,5.97
2/17/1995,5.86
2/24/1995,5.88
3/3/1995,5.91
3/10/1995,5.96
3/17/1995,5.92
3/24/1995,5.85
3/31/1995,5.88
4/7/1995,5.86
4/14/1995,5.75
4/21/1995,5.79
4/28/1995,5.87
5/5/1995,5.74
5/12/1995,5.87
5/19/1995,5.87
5/26/1995,5.84
6/2/1995,5.58
6/9/1995,5.77
6/16/1995,5.66
6/23/1995,5.54
6/30/1995,5.6
7/7/1995,5.54
7/14/1995,5.59
7/21/1995,5.61
7/28/1995,5.58
8/4/1995,5.58
8/11/1995,5.59
8/18/1995,5.61
8/25/1995,5.5
9/1/1995,5.45
9/8/1995,5.52
9/15/1995,5.46
9/22/1995,5.35
9/29/1995,5.4
10/6/1995,5.47
10/13/1995,5.45
10/20/1995,5.43
10/27/1995,5.41
11/3/1995,5.47
11/10/1995,5.58
11/17/1995,5.51
11/24/1995,5.48
12/1/1995,5.45
12/8/1995,5.5
12/15/1995,5.35
12/22/1995,5.04
12/29/1995,5.1
1/5/1996,5.19
1/12/1996,5.18
1/19/1996,5.1
1/26/1996,5.11
2/2/1996,4.99
2/9/1996,4.93
2/16/1996,4.89
2/23/1996,4.97
3/1/1996,4.98
3/8/1996,5.01
3/15/1996,5.14
3/22/1996,5.1
3/29/1996,5.13
4/5/1996,5.15
4/12/1996,5.07
4/19/1996,5.01
4/26/1996,5.11
5/3/1996,5.14
5/10/1996,5.13
5/17/1996,5.15
5/24/1996,5.18
5/31/1996,5.18
6/7/1996,5.26
6/14/1996,5.21
6/21/1996,5.26
6/28/1996,5.18
7/5/1996,5.31
7/12/1996,5.28
7/19/1996,5.28
7/26/1996,5.29
8/2/1996,5.21
8/9/1996,5.15
8/16/1996,5.18
8/23/1996,5.15
8/30/1996,5.29
9/6/1996,5.33
9/13/1996,5.21
9/20/1996,5.29
9/27/1996,5.04
10/4/1996,5.01
10/11/1996,5.13
10/18/1996,5.12
10/25/1996,5.14
11/1/1996,5.17
11/8/1996,5.18
11/15/1996,5.16
11/22/1996,5.18
11/29/1996,5.13
12/6/1996,5.03
12/13/1996,4.92
12/20/1996,5.02
12/27/1996,5.11
1/3/1997,5.17
1/10/1997,5.17
1/17/1997,5.14
1/24/1997,5.16
1/31/1997,5.15
2/7/1997,5.14
2/14/1997,5.1
2/21/1997,5.09
2/28/1997,5.22
3/7/1997,5.22
3/14/1997,5.24
3/21/1997,5.41
3/28/1997,5.37
4/4/1997,5.29
4/11/1997,5.31
4/18/1997,5.29
4/25/1997,5.31
5/2/1997,5.24
5/9/1997,5.19
5/16/1997,5.2
5/23/1997,5.18
5/30/1997,4.96
6/6/1997,5.07
6/13/1997,5
6/20/1997,5.08
6/27/1997,5.15
7/4/1997,5.14
7/11/1997,5.14
7/18/1997,5.24
7/25/1997,5.24
8/1/1997,5.28
8/8/1997,5.29
8/15/1997,5.29
8/22/1997,5.25
8/29/1997,5.24
9/5/1997,5.17
9/12/1997,5.1
9/19/1997,5.06
9/26/1997,4.99
10/3/1997,5.03
10/10/1997,5.14
10/17/1997,5.06
10/24/1997,5.15
10/31/1997,5.21
11/7/1997,5.31
11/14/1997,5.27
11/21/1997,5.25
11/28/1997,5.22
12/5/1997,5.3
12/12/1997,5.18
12/19/1997,5.33
12/26/1997,5.35
1/2/1998,5.32
1/9/1998,5.05
1/16/1998,5.15
1/23/1998,5.17
1/30/1998,5.19
2/6/1998,5.17
2/13/1998,5.22
2/20/1998,5.21
2/27/1998,5.32
3/6/1998,5.15
3/13/1998,5.09
3/20/1998,5.19
3/27/1998,5.21
4/3/1998,5.08
4/10/1998,5.07
4/17/1998,5.05
4/24/1998,5.08
5/1/1998,5.02
5/8/1998,5.14
5/15/1998,5.18
5/22/1998,5.22
5/29/1998,5.03
6/5/1998,5.12
6/12/1998,5.13
6/19/1998,5.17
6/26/1998,5.01
7/3/1998,5.07
7/10/1998,5.06
7/17/1998,5.14
7/24/1998,5.08
7/31/1998,5.1
8/7/1998,4.99
8/14/1998,5.03
8/21/1998,5.01
8/28/1998,4.91
9/4/1998,4.86
9/11/1998,4.87
9/18/1998,4.63
9/25/1998,4.52
10/2/1998,4.22
10/9/1998,3.88
10/16/1998,3.65
10/23/1998,3.97
10/30/1998,4.33
11/6/1998,4.64
11/13/1998,4.47
11/20/1998,4.46
11/27/1998,4.55
12/4/1998,4.48
12/11/1998,4.5
12/18/1998,4.49
12/25/1998,4.57
1/1/1999,4.48
1/8/1999,4.48
1/15/1999,4.44
1/22/1999,4.36
1/29/1999,4.48
2/5/1999,4.5
2/12/1999,4.54
2/19/1999,4.56
2/26/1999,4.66
3/5/1999,4.63
3/12/1999,4.6
3/19/1999,4.51
3/26/1999,4.51
4/2/1999,4.43
4/9/1999,4.42
4/16/1999,4.34
4/23/1999,4.43
4/30/1999,4.55
5/7/1999,4.62
5/14/1999,4.64
5/21/1999,4.61
5/28/1999,4.66
6/4/1999,4.57
6/11/1999,4.74
6/18/1999,4.69
6/25/1999,4.8
7/2/1999,4.69
7/9/1999,4.69
7/16/1999,4.68
7/23/1999,4.65
7/30/1999,4.75
8/6/1999,4.8
8/13/1999,4.74
8/20/1999,4.84
8/27/1999,4.98
9/3/1999,4.92
9/10/1999,4.76
9/17/1999,4.67
9/24/1999,4.78
10/1/1999,4.88
10/8/1999,4.82
10/15/1999,5.04
10/22/1999,5.07
10/29/1999,5.12
11/5/1999,5.14
11/12/1999,5.23
11/19/1999,5.23
11/26/1999,5.3
12/3/1999,5.25
12/10/1999,5.3
12/17/1999,5.44
12/24/1999,5.47
12/31/1999,5.33
1/7/2000,5.38
1/14/2000,5.41
1/21/2000,5.47
1/28/2000,5.65
2/4/2000,5.67
2/11/2000,5.66
2/18/2000,5.75
2/25/2000,5.79
3/3/2000,5.79
3/10/2000,5.87
3/17/2000,5.89
3/24/2000,5.91
3/31/2000,5.88
4/7/2000,5.9
4/14/2000,5.81
4/21/2000,5.79
4/28/2000,5.82
5/5/2000,5.97
5/12/2000,6.14
5/19/2000,5.89
5/26/2000,5.83
6/2/2000,5.87
6/9/2000,5.92
6/16/2000,5.83
6/23/2000,5.86
6/30/2000,5.88
7/7/2000,6.04
7/14/2000,6.17
7/21/2000,6.13
7/28/2000,6.2
8/4/2000,6.23
8/11/2000,6.29
8/18/2000,6.27
8/25/2000,6.31
9/1/2000,6.27
9/8/2000,6.14
9/15/2000,6.14
9/22/2000,6.16
9/29/2000,6.23
10/6/2000,6.24
10/13/2000,6.19
10/20/2000,6.31
10/27/2000,6.35
11/3/2000,6.38
11/10/2000,6.37
11/17/2000,6.35
11/24/2000,6.36
12/1/2000,6.23
12/8/2000,6.09
12/15/2000,6.02
12/22/2000,5.27
12/29/2000,5.89
1/5/2001,5.12
1/12/2001,5.33
1/19/2001,5.24
1/26/2001,5.17
2/2/2001,5.06
2/9/2001,5.06
2/16/2001,5.02
2/23/2001,4.89
3/2/2001,4.84
3/9/2001,4.72
3/16/2001,4.54
3/23/2001,4.29
3/30/2001,4.3
4/6/2001,3.94
4/13/2001,4.01
4/20/2001,3.77
4/27/2001,3.85
5/4/2001,3.74
5/11/2001,3.78
5/18/2001,3.61
5/25/2001,3.66
6/1/2001,3.67
6/8/2001,3.64
6/15/2001,3.52
6/22/2001,3.45
6/29/2001,3.65
7/6/2001,3.63
7/13/2001,3.62
7/20/2001,3.53
7/27/2001,3.55
8/3/2001,3.52
8/10/2001,3.43
8/17/2001,3.36
8/24/2001,3.42
8/31/2001,3.37
9/7/2001,3.27
9/14/2001,2.64
9/21/2001,2.25
9/28/2001,2.4
10/5/2001,2.19
10/12/2001,2.25
10/19/2001,2.19
10/26/2001,2.14
11/2/2001,2.01
11/9/2001,1.83
11/16/2001,1.95
11/23/2001,1.95
11/30/2001,1.78
12/7/2001,1.69
12/14/2001,1.73
12/21/2001,1.71
12/28/2001,1.72
1/4/2002,1.72
1/11/2002,1.58
1/18/2002,1.62
1/25/2002,1.72
2/1/2002,1.76
2/8/2002,1.73
2/15/2002,1.74
2/22/2002,1.76
3/1/2002,1.77
3/8/2002,1.81
3/15/2002,1.86
3/22/2002,1.84
3/29/2002,1.79
4/5/2002,1.76
4/12/2002,1.71
4/19/2002,1.73
4/26/2002,1.75
5/3/2002,1.76
5/10/2002,1.77
5/17/2002,1.76
5/24/2002,1.74
5/31/2002,1.74
6/7/2002,1.74
6/14/2002,1.71
6/21/2002,1.72
6/28/2002,1.7
7/5/2002,1.72
7/12/2002,1.71
7/19/2002,1.71
7/26/2002,1.69
8/2/2002,1.63
8/9/2002,1.62
8/16/2002,1.62
8/23/2002,1.65
8/30/2002,1.69
9/6/2002,1.66
9/13/2002,1.69
9/20/2002,1.65
9/27/2002,1.63
10/4/2002,1.61
10/11/2002,1.58
10/18/2002,1.67
10/25/2002,1.64
11/1/2002,1.43
11/8/2002,1.22
11/15/2002,1.22
11/22/2002,1.23
11/29/2002,1.22
12/6/2002,1.21
12/13/2002,1.21
12/20/2002,1.21
12/27/2002,1.16
1/3/2003,1.22
1/10/2003,1.2
1/17/2003,1.18
1/24/2003,1.16
1/31/2003,1.18
2/7/2003,1.17
2/14/2003,1.18
2/21/2003,1.19
2/28/2003,1.2
3/7/2003,1.12
3/14/2003,1.13
3/21/2003,1.18
3/28/2003,1.14
4/4/2003,1.11
4/11/2003,1.17
4/18/2003,1.18
4/25/2003,1.14
5/2/2003,1.12
5/9/2003,1.11
5/16/2003,1.05
5/23/2003,1.08
5/30/2003,1.11
6/6/2003,1.05
6/13/2003,0.86
6/20/2003,0.83
6/27/2003,0.87
7/4/2003,0.87
7/11/2003,0.89
7/18/2003,0.91
7/25/2003,0.93
8/1/2003,0.95
8/8/2003,0.96
8/15/2003,0.95
8/22/2003,0.98
8/29/2003,0.98
9/5/2003,0.96
9/12/2003,0.96
9/19/2003,0.95
9/26/2003,0.94
10/3/2003,0.94
10/10/2003,0.92
10/17/2003,0.93
10/24/2003,0.95
10/31/2003,0.96
11/7/2003,0.96
11/14/2003,0.95
11/21/2003,0.94
11/28/2003,0.93
12/5/2003,0.92
12/12/2003,0.91
12/19/2003,0.88
12/26/2003,0.87
1/2/2004,0.93
1/9/2004,0.87
1/16/2004,0.89
1/23/2004,0.9
1/30/2004,0.92
2/6/2004,0.93
2/13/2004,0.92
2/20/2004,0.94
2/27/2004,0.96
3/5/2004,0.94
3/12/2004,0.96
3/19/2004,0.94
3/26/2004,0.95
4/2/2004,0.95
4/9/2004,0.93
4/16/2004,0.94
4/23/2004,0.98
4/30/2004,0.98
5/7/2004,1.07
5/14/2004,0.99
5/21/2004,1.03
5/28/2004,1.08
6/4/2004,1.21
6/11/2004,1.3
6/18/2004,1.29
6/25/2004,1.31
7/2/2004,1.3
7/9/2004,1.28
7/16/2004,1.35
7/23/2004,1.38
7/30/2004,1.45
8/6/2004,1.44
8/13/2004,1.44
8/20/2004,1.49
8/27/2004,1.56
9/3/2004,1.65
9/10/2004,1.66
9/17/2004,1.71
9/24/2004,1.73
10/1/2004,1.71
10/8/2004,1.71
10/15/2004,1.76
10/22/2004,1.85
10/29/2004,1.91
11/5/2004,2.03
11/12/2004,2.08
11/19/2004,2.15
11/26/2004,2.21
12/3/2004,2.21
12/10/2004,2.25
12/17/2004,2.2
12/24/2004,2.19
12/31/2004,2.22
1/7/2005,2.32
1/14/2005,2.37
1/21/2005,2.36
1/28/2005,2.46
2/4/2005,2.47
2/11/2005,2.55
2/18/2005,2.61
2/25/2005,2.74
3/4/2005,2.76
3/11/2005,2.76
3/18/2005,2.81
3/25/2005,2.84
4/1/2005,2.8
4/8/2005,2.79
4/15/2005,2.79
4/22/2005,2.93
4/29/2005,2.9
5/6/2005,2.87
5/13/2005,2.83
5/20/2005,2.9
5/27/2005,2.97
6/3/2005,3.01
6/10/2005,3.01
6/17/2005,2.99
6/24/2005,3.09
7/1/2005,3.17
7/8/2005,3.17
7/15/2005,3.26
7/22/2005,3.38
7/29/2005,3.42
8/5/2005,3.52
8/12/2005,3.52
8/19/2005,3.52
8/26/2005,3.55
9/2/2005,3.46
9/9/2005,3.49
9/16/2005,3.5
9/23/2005,3.48
9/30/2005,3.55
10/7/2005,3.63
10/14/2005,3.78
10/21/2005,3.87
10/28/2005,3.93
11/4/2005,3.98
11/11/2005,3.97
11/18/2005,4.01
11/25/2005,3.95
12/2/2005,3.99
12/9/2005,3.94
12/16/2005,3.93
12/23/2005,3.99
12/30/2005,4.08
1/6/2006,4.22
1/13/2006,4.33
1/20/2006,4.35
1/27/2006,4.45
2/3/2006,4.48
2/10/2006,4.53
2/17/2006,4.54
2/24/2006,4.6
3/3/2006,4.62
3/10/2006,4.62
3/17/2006,4.64
3/24/2006,4.65
3/31/2006,4.63
4/7/2006,4.69
4/14/2006,4.7
4/21/2006,4.75
4/28/2006,4.77
5/5/2006,4.83
5/12/2006,4.85
5/19/2006,4.82
5/26/2006,4.84
6/2/2006,4.81
6/9/2006,4.88
6/16/2006,4.88
6/23/2006,4.98
6/30/2006,5.01
7/7/2006,5.02
7/14/2006,5.06
7/21/2006,5.1
7/28/2006,5.07
8/4/2006,5.09
8/11/2006,5.07
8/18/2006,5.1
8/25/2006,5.11
9/1/2006,5.02
9/8/2006,4.93
9/15/2006,4.96
9/22/2006,4.93
9/29/2006,4.89
10/6/2006,4.95
10/13/2006,5.05
10/20/2006,5.09
10/27/2006,5.11
11/3/2006,5.09
11/10/2006,5.1
11/17/2006,5.09
11/24/2006,5.04
12/1/2006,5.03
12/8/2006,4.97
12/15/2006,4.91
12/22/2006,4.99
12/29/2006,5.02
1/5/2007,5.05
1/12/2007,5.09
1/19/2007,5.14
1/26/2007,5.13
2/2/2007,5.14
2/9/2007,5.15
2/16/2007,5.17
2/23/2007,5.18
3/2/2007,5.12
3/9/2007,5.1
3/16/2007,5.04
3/23/2007,5.08
3/30/2007,5.04
4/6/2007,5.05
4/13/2007,5.02
4/20/2007,4.99
4/27/2007,4.95
5/4/2007,4.9
5/11/2007,4.87
5/18/2007,4.84
5/25/2007,4.88
6/1/2007,4.79
6/8/2007,4.77
6/15/2007,4.56
6/22/2007,4.73
6/29/2007,4.82
7/6/2007,4.95
7/13/2007,4.97
7/20/2007,4.97
7/27/2007,4.85
8/3/2007,4.85
8/10/2007,4.57
8/17/2007,3.76
8/24/2007,4.24
8/31/2007,4.01
9/7/2007,4.07
9/14/2007,4.01
9/21/2007,3.74
9/28/2007,3.82
10/5/2007,4
10/12/2007,4.2
10/19/2007,3.86
10/26/2007,3.96
11/2/2007,3.61
11/9/2007,3.27
11/16/2007,3.4
11/23/2007,3.23
11/30/2007,3.15
12/7/2007,3.12
12/14/2007,2.88
12/21/2007,3
12/28/2007,3.18
1/4/2008,3.2
1/11/2008,3.09
1/18/2008,2.86
1/25/2008,2.3
2/1/2008,2.1
2/8/2008,2.23
2/15/2008,2.21
2/22/2008,2.2
2/29/2008,1.85
3/7/2008,1.45
3/14/2008,1.18
3/21/2008,0.63
3/28/2008,1.33
4/4/2008,1.35
4/11/2008,1.19
4/18/2008,1.35
4/25/2008,1.34
5/2/2008,1.5
5/9/2008,1.69
5/16/2008,1.84
5/23/2008,1.86
5/30/2008,1.89
6/6/2008,1.85
6/13/2008,1.99
6/20/2008,1.87
6/27/2008,1.68
7/4/2008,1.84
7/11/2008,1.62
7/18/2008,1.48
7/25/2008,1.75
8/1/2008,1.66
8/8/2008,1.7
8/15/2008,1.85
8/22/2008,1.7
8/29/2008,1.72
9/5/2008,1.68
9/12/2008,1.49
9/19/2008,0.99
9/26/2008,0.87
10/3/2008,0.51
10/10/2008,0.25
10/17/2008,0.83
10/24/2008,0.89
10/31/2008,0.46
11/7/2008,0.31
11/14/2008,0.15
11/21/2008,0.02
11/28/2008,0.01
12/5/2008,0.02
12/12/2008,0.02
12/19/2008,0.02
12/26/2008,0.03
1/2/2009,0.08
1/9/2009,0.07
1/16/2009,0.12
1/23/2009,0.11
1/30/2009,0.24
2/6/2009,0.28
2/13/2009,0.29
2/20/2009,0.27
2/27/2009,0.26
3/6/2009,0.21
3/13/2009,0.2
3/20/2009,0.22
3/27/2009,0.14
4/3/2009,0.21
4/10/2009,0.18
4/17/2009,0.14
4/24/2009,0.1
5/1/2009,0.16
5/8/2009,0.19
5/15/2009,0.17
5/22/2009,0.18
5/29/2009,0.14
6/5/2009,0.2
6/12/2009,0.19
6/19/2009,0.19
6/26/2009,0.2
7/3/2009,0.17
7/10/2009,0.18
7/17/2009,0.17
7/24/2009,0.18
7/31/2009,0.18
8/7/2009,0.19
8/14/2009,0.18
8/21/2009,0.17
8/28/2009,0.15
9/4/2009,0.14
9/11/2009,0.14
9/18/2009,0.08
9/25/2009,0.1
10/2/2009,0.1
10/9/2009,0.07
10/16/2009,0.07
10/23/2009,0.07
10/30/2009,0.05
11/6/2009,0.06
11/13/2009,0.06
11/20/2009,0.02
11/27/2009,0.03
12/4/2009,0.06
12/11/2009,0.03
12/18/2009,0.05
12/25/2009,0.05
1/1/2010,0.06
1/8/2010,0.05
1/15/2010,0.06
1/22/2010,0.06
1/29/2010,0.08
2/5/2010,0.1
2/12/2010,0.1
2/19/2010,0.11
2/26/2010,0.13
3/5/2010,0.15
3/12/2010,0.15
3/19/2010,0.16
3/26/2010,0.14
4/2/2010,0.16
4/9/2010,0.16
4/16/2010,0.16
4/23/2010,0.16
4/30/2010,0.16
5/7/2010,0.13
5/14/2010,0.16
5/21/2010,0.17
5/28/2010,0.16
6/4/2010,0.14
6/11/2010,0.08
6/18/2010,0.11
6/25/2010,0.13
7/2/2010,0.17
7/9/2010,0.16
7/16/2010,0.15
7/23/2010,0.16
7/30/2010,0.15
8/6/2010,0.15
8/13/2010,0.15
8/20/2010,0.15
8/27/2010,0.15
9/3/2010,0.14
9/10/2010,0.14
9/17/2010,0.16
9/24/2010,0.15
10/1/2010,0.16
10/8/2010,0.12
10/15/2010,0.14
10/22/2010,0.13
10/29/2010,0.12
11/5/2010,0.13
11/12/2010,0.13
11/19/2010,0.14
11/26/2010,0.16
12/3/2010,0.14
12/10/2010,0.13
12/17/2010,0.11
12/24/2010,0.14
12/31/2010,0.12
1/7/2011,0.14
1/14/2011,0.15
1/21/2011,0.16
1/28/2011,0.15
2/4/2011,0.15
2/11/2011,0.12
2/18/2011,0.1
2/25/2011,0.13
3/4/2011,0.12
3/11/2011,0.08
3/18/2011,0.07
3/25/2011,0.09
4/1/2011,0.07
4/8/2011,0.04
4/15/2011,0.07
4/22/2011,0.06
4/29/2011,0.04
5/6/2011,0.02
5/13/2011,0.03
5/20/2011,0.05
5/27/2011,0.05
6/3/2011,0.04
6/10/2011,0.05
6/17/2011,0.04
6/24/2011,0.02
7/1/2011,0.02
7/8/2011,0.03
7/15/2011,0.02
7/22/2011,0.05
7/29/2011,0.1
8/5/2011,0.01
8/12/2011,0.02
8/19/2011,0.02
8/26/2011,0.01
9/2/2011,0.02
9/9/2011,0.01
9/16/2011,0.01
9/23/2011,0.01
9/30/2011,0.02
10/7/2011,0.01
10/14/2011,0.02
10/21/2011,0.02
10/28/2011,0.01
11/4/2011,0.01
11/11/2011,0.01
11/18/2011,0.01
11/25/2011,0.02
12/2/2011,0.02
12/9/2011,0.01
12/16/2011,0
12/23/2011,0.01
12/30/2011,0.02
1/6/2012,0.02
1/13/2012,0.03
1/20/2012,0.05
1/27/2012,0.06
2/3/2012,0.08
2/10/2012,0.09
2/17/2012,0.09
2/24/2012,0.1
3/2/2012,0.07
3/9/2012,0.09
3/16/2012,0.09
3/23/2012,0.08
3/30/2012,0.07
4/6/2012,0.07
4/13/2012,0.09
4/20/2012,0.08
4/27/2012,0.09
5/4/2012,0.07
5/11/2012,0.1
5/18/2012,0.08
5/25/2012,0.09
6/1/2012,0.07
6/8/2012,0.09
6/15/2012,0.09
6/22/2012,0.09
6/29/2012,0.09
7/6/2012,0.08
7/13/2012,0.1
7/20/2012,0.09
7/27/2012,0.11
8/3/2012,0.09
8/10/2012,0.1
8/17/2012,0.09
8/24/2012,0.1
8/31/2012,0.09
9/7/2012,0.11
9/14/2012,0.11
9/21/2012,0.11
9/28/2012,0.1
10/5/2012,0.11
10/12/2012,0.11
10/19/2012,0.1
10/26/2012,0.12
11/2/2012,0.09
11/9/2012,0.09
11/16/2012,0.06
11/23/2012,0.1
11/30/2012,0.08
12/7/2012,0.09
12/14/2012,0.04
12/21/2012,0.06
12/28/2012,0.01
1/4/2013,0.07
1/11/2013,0.07
1/18/2013,0.08
1/25/2013,0.08
2/1/2013,0.06
2/8/2013,0.07
2/15/2013,0.1
2/22/2013,0.13
3/1/2013,0.11
3/8/2013,0.1
3/15/2013,0.09
3/22/2013,0.07
3/29/2013,0.07
4/5/2013,0.07
4/12/2013,0.06
4/19/2013,0.05
4/26/2013,0.05
5/3/2013,0.05
5/10/2013,0.04
5/17/2013,0.04
5/24/2013,0.04
5/31/2013,0.04
6/7/2013,0.04
6/14/2013,0.05
6/21/2013,0.05
6/28/2013,0.04
7/5/2013,0.04
7/12/2013,0.04
7/19/2013,0.03
7/26/2013,0.03
8/2/2013,0.04
8/9/2013,0.05
8/16/2013,0.05
8/23/2013,0.03
8/30/2013,0.03
9/6/2013,0.02
9/13/2013,0.01
9/20/2013,0.01
9/27/2013,0.02
10/4/2013,0.03
10/11/2013,0.08
10/18/2013,0.04
10/25/2013,0.04
11/1/2013,0.04
11/8/2013,0.06
11/15/2013,0.08
11/22/2013,0.07
11/29/2013,0.06
12/6/2013,0.06
12/13/2013,0.07
12/20/2013,0.07
12/27/2013,0.07
1/3/2014,0.07
1/10/2014,0.05
1/17/2014,0.05
1/24/2014,0.04
1/31/2014,0.02
2/7/2014,0.08
2/14/2014,0.02
2/21/2014,0.05
2/28/2014,0.05
3/7/2014,0.06
3/14/2014,0.05
3/21/2014,0.06
3/28/2014,0.04
4/4/2014,0.03
4/11/2014,0.04
4/18/2014,0.03
4/25/2014,0.03
5/2/2014,0.02
5/9/2014,0.03
5/16/2014,0.03
5/23/2014,0.04
5/30/2014,0.04
6/6/2014,0.04
6/13/2014,0.04
6/20/2014,0.02
6/27/2014,0.03
7/4/2014,0.01
7/11/2014,0.02
7/18/2014,0.02
7/25/2014,0.03
8/1/2014,0.03
8/8/2014,0.03
8/15/2014,0.03
8/22/2014,0.03
8/29/2014,0.03
9/5/2014,0.03
9/12/2014,0.02
9/19/2014,0.02
9/26/2014,0.01
10/3/2014,0.01
10/10/2014,0.01
10/17/2014,0.02
10/24/2014,0.01
10/31/2014,0.01
11/7/2014,0.03
11/14/2014,0.02
11/21/2014,0.01
11/28/2014,0.02
12/5/2014,0.02
12/12/2014,0.02
12/19/2014,0.04
12/26/2014,0.01
1/2/2015,0.02
1/9/2015,0.02
1/16/2015,0.03
1/23/2015,0.02
1/30/2015,0.02
2/6/2015,0.02
2/13/2015,0.01
2/20/2015,0.02
2/27/2015,0.02
3/6/2015,0.01
3/13/2015,0.03
3/20/2015,0.01
3/27/2015,0.04
4/3/2015,0.02
4/10/2015,0.02
4/17/2015,0.01
4/24/2015,0.03
5/1/2015,0.01
5/8/2015,0.01
5/15/2015,0.02
5/22/2015,0.02
5/29/2015,0.01
6/5/2015,0.03
6/12/2015,0.02
6/19/2015,0.01
6/26/2015,0.01
7/3/2015,0.01
7/10/2015,0.01
7/17/2015,0.03
7/24/2015,0.04
7/31/2015,0.08
8/7/2015,0.06
8/14/2015,0.09
8/21/2015,0.03
8/28/2015,0.06
9/4/2015,0.02
9/11/2015,0.04
9/18/2015,0
9/25/2015,0
10/2/2015,0
10/9/2015,0.01
10/16/2015,0.01
10/23/2015,0.01
10/30/2015,0.08
11/6/2015,0.08
11/13/2015,0.14
11/20/2015,0.12
11/27/2015,0.18
12/4/2015,0.23
12/11/2015,0.23
12/18/2015,0.19
12/25/2015,0.2
1/1/2016,0.16
1/8/2016,0.2
1/15/2016,0.24
1/22/2016,0.31
1/29/2016,0.33
2/5/2016,0.3
2/12/2016,0.3
2/19/2016,0.31
2/26/2016,0.33
3/4/2016,0.29
3/11/2016,0.33
3/18/2016,0.3
3/25/2016,0.3
4/1/2016,0.23
4/8/2016,0.23
4/15/2016,0.22
4/22/2016,0.23
4/29/2016,0.22
5/6/2016,0.19
5/13/2016,0.29
5/20/2016,0.33
5/27/2016,0.32
6/3/2016,0.3
6/10/2016,0.26
6/17/2016,0.27
6/24/2016,0.27
7/1/2016,0.28
7/8/2016,0.28
7/15/2016,0.32
7/22/2016,0.33
7/29/2016,0.28
8/5/2016,0.28
8/12/2016,0.29
8/19/2016,0.3
8/26/2016,0.34
9/2/2016,0.33
9/9/2016,0.35
9/16/2016,0.3
9/23/2016,0.18
9/30/2016,0.29
10/7/2016,0.33
10/14/2016,0.32
10/21/2016,0.34
10/28/2016,0.3
11/4/2016,0.38
11/11/2016,0.48
11/18/2016,0.44
11/25/2016,0.49
12/2/2016,0.49
12/9/2016,0.54
12/16/2016,0.51
12/23/2016,0.52
12/30/2016,0.51
1/6/2017,0.53
1/13/2017,0.53
1/20/2017,0.5
1/27/2017,0.52
2/3/2017,0.51
2/10/2017,0.55
2/17/2017,0.53
2/24/2017,0.52
3/3/2017,0.71
3/10/2017,0.75
3/17/2017,0.73
3/24/2017,0.78
3/31/2017,0.76
4/7/2017,0.82
4/14/2017,0.81
4/21/2017,0.79
4/28/2017,0.8
5/5/2017,0.9
5/12/2017,0.88
5/19/2017,0.92
5/26/2017,0.94
6/2/2017,0.98
6/9/2017,1.01
6/16/2017,1.03
6/23/2017,0.97
6/30/2017,1.03
7/7/2017,1.05
7/14/2017,1.04
7/21/2017,1.16
7/28/2017,1.08
8/4/2017,1.08
8/11/2017,1.03
8/18/2017,1.02
8/25/2017,1.03
9/1/2017,1.02
9/8/2017,1.04
9/15/2017,1.05
9/22/2017,1.03
9/29/2017,1.06
10/6/2017,1.07
10/13/2017,1.09
10/20/2017,1.11
10/27/2017,1.1
11/3/2017,1.18
11/10/2017,1.23
11/17/2017,1.29
11/24/2017,1.29
12/1/2017,1.27
12/8/2017,1.28
12/15/2017,1.31
12/22/2017,1.33
12/29/2017,1.39
1/5/2018,1.39
1/12/2018,1.43
1/19/2018,1.44
1/26/2018,1.41
2/2/2018,1.48
2/9/2018,1.55
2/16/2018,1.62
2/23/2018,1.64
3/2/2018,1.65
3/9/2018,1.67
3/16/2018,1.78
3/23/2018,1.74
3/30/2018,1.73
4/6/2018,1.73
4/13/2018,1.76
4/20/2018,1.81
4/27/2018,1.82
5/4/2018,1.84
5/11/2018,1.92
5/18/2018,1.91
5/25/2018,1.9
6/1/2018,1.92
6/8/2018,1.93
6/15/2018,1.94
6/22/2018,1.93
6/29/2018,1.93
7/6/2018,1.97
7/13/2018,1.98
7/20/2018,1.99
7/27/2018,2
8/3/2018,2.01
8/10/2018,2.05
8/17/2018,2.05
8/24/2018,2.09
8/31/2018,2.11
9/7/2018,2.14
9/14/2018,2.16
9/21/2018,2.18
9/28/2018,2.19
10/5/2018,2.23
10/12/2018,2.28
10/19/2018,2.31
10/26/2018,2.33
11/2/2018,2.33
11/9/2018,2.36
11/16/2018,2.36
11/23/2018,2.41
11/30/2018,2.37
12/7/2018,2.4
12/14/2018,2.42
12/21/2018,2.39
12/28/2018,2.4
1/4/2019,2.42
1/11/2019,2.43
1/18/2019,2.41
1/25/2019,2.39
2/1/2019,2.4
2/8/2019,2.43
2/15/2019,2.43
2/22/2019,2.46
3/1/2019,2.44
3/8/2019,2.46
3/15/2019,2.45
3/22/2019,2.46
3/29/2019,2.4
4/5/2019,2.44
4/12/2019,2.44
4/19/2019,2.42
4/26/2019,2.42
5/3/2019,2.43
5/10/2019,2.43
5/17/2019,2.39
5/24/2019,2.35
5/31/2019,2.35
6/7/2019,2.28
6/14/2019,2.2
6/21/2019,2.11
6/28/2019,2.12
7/5/2019,2.23
7/12/2019,2.14
7/19/2019,2.06
7/26/2019,2.12
8/2/2019,2.06
8/9/2019,2
8/16/2019,1.87
8/23/2019,1.97
8/30/2019,1.99
9/6/2019,1.96
9/13/2019,1.96
9/20/2019,1.91
9/27/2019,1.8
10/4/2019,1.71
10/11/2019,1.68
10/18/2019,1.66
10/25/2019,1.66
11/1/2019,1.52
11/8/2019,1.55
11/15/2019,1.57
11/22/2019,1.58
11/29/2019,1.59
12/6/2019,1.53
12/13/2019,1.57
12/20/2019,1.58
12/27/2019,1.57
1/3/2020,1.52
1/10/2020,1.54
1/17/2020,1.56
1/24/2020,1.54
1/31/2020,1.55
2/7/2020,1.56
2/14/2020,1.58
2/21/2020,1.56
2/28/2020,1.27
3/6/2020,0.45
3/13/2020,0.28
3/20/2020,0.05
3/27/2020,0.03
4/3/2020,0.1
4/10/2020,0.25
4/17/2020,0.12
4/24/2020,0.12
5/1/2020,0.12
5/8/2020,0.12
5/15/2020,0.12
5/22/2020,0.12
5/29/2020,0.14
6/5/2020,0.15
6/12/2020,0.16
6/19/2020,0.15
6/26/2020,0.14
7/3/2020,0.14
7/10/2020,0.13
7/17/2020,0.11
7/24/2020,0.11
7/31/2020,0.09
8/7/2020,0.1
8/14/2020,0.1
8/21/2020,0.1
8/28/2020,0.1
9/4/2020,0.11
9/11/2020,0.11
9/18/2020,0.1
9/25/2020,0.1
10/2/2020,0.09
10/9/2020,0.1
10/16/2020,0.11
10/23/2020,0.1
10/30/2020,0.09
11/6/2020,0.1
11/13/2020,0.09
11/20/2020,0.07
11/27/2020,0.09
12/4/2020,0.09
12/11/2020,0.08
12/18/2020,0.08
12/25/2020,0.09
1/1/2021,0.09
1/8/2021,0.08
1/15/2021,0.09
1/22/2021,0.08
1/29/2021,0.06
2/5/2021,0.03
2/12/2021,0.04
2/19/2021,0.04
2/26/2021,0.04
3/5/2021,0.04
3/12/2021,0.04
3/19/2021,0.01
3/26/2021,0.02
4/2/2021,0.02
4/9/2021,0.02
4/16/2021,0.02
4/23/2021,0.03
4/30/2021,0.01
5/7/2021,0.02
5/14/2021,0.01
5/21/2021,0.01
5/28/2021,0.01
6/4/2021,0.02
6/11/2021,0.03
6/18/2021,0.05
6/25/2021,0.06
7/2/2021,0.05
7/9/2021,0.06
7/16/2021,0.05
7/23/2021,0.05
7/30/2021,0.06
8/6/2021,0.06
8/13/2021,0.06
8/20/2021,0.05
8/27/2021,0.05
9/3/2021,0.05
9/10/2021,0.05
9/17/2021,0.04
9/24/2021,0.03
10/1/2021,0.04
10/8/2021,0.05
10/15/2021,0.05
10/22/2021,0.06
10/29/2021,0.05
11/5/2021,0.05
11/12/2021,0.05
11/19/2021,0.05
11/26/2021,0.06
12/3/2021,0.06
12/10/2021,0.06
12/17/2021,0.05
12/24/2021,0.07
12/31/2021,0.06
1/7/2022,0.1
1/14/2022,0.13
1/21/2022,0.17
1/28/2022,0.19
2/4/2022,0.23
2/11/2022,0.36
2/18/2022,0.35
2/25/2022,0.33
3/4/2022,0.34
3/11/2022,0.4
3/18/2022,0.42
3/25/2022,0.55
4/1/2022,0.53
4/8/2022,0.7
4/15/2022,0.79
4/22/2022,0.83
4/29/2022,0.85
5/6/2022,0.85
5/13/2022,1.03
5/20/2022,1.03
5/27/2022,1.08
6/3/2022,1.21
6/10/2022,1.39
6/17/2022,1.63
6/24/2022,1.73
7/1/2022,1.73
7/8/2022,1.98
7/15/2022,2.37
7/22/2022,2.49
7/29/2022,2.41
8/5/2022,2.58
8/12/2022,2.63
8/19/2022,2.74
8/26/2022,2.89
9/2/2022,2.94
9/9/2022,3.08
9/16/2022,3.2
9/23/2022,3.24
9/30/2022,3.33
10/7/2022,3.45
10/14/2022,3.81
10/21/2022,4.09
10/28/2022,4.18
11/4/2022,4.21
11/11/2022,4.28
11/18/2022,4.34
11/25/2022,4.41
12/2/2022,4.34
12/9/2022,4.31
12/16/2022,4.31
12/23/2022,4.34
12/30/2022,4.42
1/6/2023,4.67
1/13/2023,4.67
1/20/2023,4.72
1/27/2023,4.73
2/3/2023,4.7
2/10/2023,4.79
2/17/2023,4.84
2/24/2023,4.86
3/3/2023,4.91
3/10/2023,5.01
3/17/2023,4.52
3/24/2023,4.74
3/31/2023,4.85
4/7/2023,4.95
4/14/2023,5.14
4/21/2023,5.14
4/28/2023,5.1
5/5/2023,5.26
5/12/2023,5.25
5/19/2023,5.29
5/26/2023,5.34
6/2/2023,5.5
6/9/2023,5.37
6/16/2023,5.34
6/23/2023,5.41
6/30/2023,5.43
7/7/2023,5.46
7/14/2023,5.49
7/21/2023,5.5
7/28/2023,5.52
8/4/2023,5.54
8/11/2023,5.54
8/18/2023,5.55
8/25/2023,5.61
9/1/2023,5.53
9/8/2023,5.55
9/15/2023,5.56
9/22/2023,5.56
9/29/2023,5.55
10/6/2023,5.63
10/13/2023,5.62
10/20/2023,5.58
10/27/2023,5.59
11/3/2023,5.53
11/10/2023,5.53
11/17/2023,5.5
11/24/2023,5.54
12/1/2023,5.43
12/8/2023,5.44
12/15/2023,5.44
12/22/2023,5.44
12/29/2023,5.4
1/5/2024,5.47
1/12/2024,5.45
1/19/2024,5.45
1/26/2024,5.44
2/2/2024,5.43
2/9/2024,5.44
2/16/2024,5.44
2/23/2024,5.46
3/1/2024,5.42
3/8/2024,5.46
3/15/2024,5.48
3/22/2024,5.46
3/29/2024,5.46
4/5/2024,5.43
4/12/2024,5.45
4/19/2024,5.45
4/26/2024,5.46
5/3/2024,5.45
5/10/2024,5.47
5/17/2024,5.46
5/24/2024,5.46
5/31/2024,5.46
6/7/2024,5.52
6/14/2024,5.51
6/21/2024,5.49
6/28/2024,5.48
7/5/2024,5.46
7/12/2024,5.43
7/19/2024,5.43
7/26/2024,5.38
8/2/2024,5.29
8/9/2024,5.33
8/16/2024,5.33
8/23/2024,5.25
8/30/2024,5.21
9/6/2024,5.13
9/13/2024,4.97
9/20/2024,4.75
9/27/2024,4.68
10/4/2024,4.73
10/11/2024,4.73
10/18/2024,4.73
10/25/2024,4.73
11/1/2024,4.61
11/8/2024,4.63
11/15/2024,4.6
11/22/2024,4.63
11/29/2024,4.58
12/6/2024,4.42
12/13/2024,4.34
12/20/2024,4.34
12/27/2024,4.31
1/3/2025,4.34
1/10/2025,4.36
1/17/2025,4.34
1/24/2025,4.35
1/31/2025,4.31
2/7/2025,4.35
2/14/2025,4.34
2/21/2025,4.32
2/28/2025,4.32
3/7/2025,4.34
3/14/2025,4.33
3/21/2025,4.33
3/28/2025,4.33
4/4/2025,4.28
4/11/2025,4.34
4/18/2025,4.34
4/25/2025,4.32
5/2/2025,4.33
5/9/2025,4.34
5/16/2025,4.37
5/23/2025,4.36
5/30/2025,4.36
6/6/2025,4.43
6/13/2025,4.45
6/20/2025,4.39
6/27/2025,4.39
7/4/2025,4.42
7/11/2025,4.41
7/18/2025,4.4
7/25/2025,4.42
8/1/2025,4.35
8/8/2025,4.32
8/15/2025,4.3
8/22/2025,4.27
8/29/2025,4.23
9/5/2025,4.07
9/12/2025,4.08
9/19/2025,4.03
9/26/2025,4.02
10/3/2025,4.03
10/10/2025,4.02
10/17/2025,4
10/24/2025,3.93
10/31/2025,3.89
11/7/2025,3.92
11/14/2025,3.95
11/21/2025,3.9
11/28/2025,3.88
12/5/2025,3.71
12/12/2025,3.63
12/19/2025,3.62
12/26/2025,3.64
1/2/2026,3.65
1/9/2026,3.62
1/16/2026,3.67
1/23/2026,3.7
1/30/2026,3.67
2/6/2026,3.68
2/13/2026,3.68
2/20/2026,3.69
2/27/2026,3.67
3/6/2026,3.69
3/13/2026,3.72
3/20/2026,3.74
3/27/2026,3.73
4/3/2026,3.71
4/10/2026,3.69
4/17/2026,3.7
4/24/2026,3.69
5/1/2026,3.68
5/8/2026,3.69
5/15/2026,3.69
5/22/2026,3.68
5/29/2026,3.69
6/5/2026,3.78
6/12/2026,3.78
6/19/2026,3.83
6/26/2026,3.83
7/3/2026,3.82
7/10/2026,3.85
7/17/2026,3.85
7/24/2026,3.96
7/31/2026,3.83
8/7/2026,3.87
8/14/2026,3.86
8/21/2026,3.88
8/28/2026,3.9
9/4/2026,3.91
9/11/2026,4.07
9/14/2026,4.11
9/15/2026,4.11
9/16/2026,4.14
9/17/2026,4.12
