date,us_core_cpi
1956-12-31,28.5
1957-01-28,28.6
1957-02-25,28.7
1957-04-01,28.8
1957-04-29,28.8
1957-05-27,28.9
1957-07-01,29.0
1957-07-29,29.0
1957-08-26,29.1
1957-09-30,29.2
1957-10-28,29.3
1957-11-25,29.3
1957-12-30,29.3
1958-01-27,29.4
1958-02-24,29.5
1958-03-31,29.5
1958-04-28,29.5
1958-05-26,29.6
1958-06-30,29.6
1958-07-28,29.6
1958-09-01,29.7
1958-09-29,29.7
1958-10-27,29.8
1958-12-01,29.9
1958-12-29,29.9
1959-01-26,29.9
1959-02-23,30.0
1959-03-30,30.0
1959-04-27,30.1
1959-06-01,30.2
1959-06-29,30.2
1959-07-27,30.2
1959-08-31,30.3
1959-09-28,30.4
1959-10-26,30.4
1959-11-30,30.5
1959-12-28,30.5
1960-02-01,30.6
1960-02-29,30.6
1960-03-28,30.6
1960-04-25,30.6
1960-05-30,30.7
1960-06-27,30.6
1960-08-01,30.6
1960-08-29,30.6
1960-09-26,30.8
1960-10-31,30.8
1960-11-28,30.7
1960-12-26,30.8
1961-01-30,30.8
1961-02-27,30.9
1961-03-27,30.9
1961-05-01,30.9
1961-05-29,31.0
1961-06-26,31.0
1961-07-31,31.1
1961-08-28,31.1
1961-09-25,31.1
1961-10-30,31.2
1961-11-27,31.2
1962-01-01,31.2
1962-01-29,31.2
1962-02-26,31.3
1962-03-26,31.3
1962-04-30,31.4
1962-05-28,31.4
1962-06-25,31.4
1962-07-30,31.5
1962-08-27,31.5
1962-10-01,31.5
1962-10-29,31.5
1962-11-26,31.6
1962-12-31,31.5
1963-01-28,31.6
1963-02-25,31.7
1963-04-01,31.7
1963-04-29,31.7
1963-05-27,31.8
1963-07-01,31.8
1963-07-29,31.9
1963-08-26,31.9
1963-09-30,32.0
1963-10-28,32.0
1963-11-25,32.1
1963-12-30,32.2
1964-01-27,32.2
1964-02-24,32.2
1964-03-30,32.2
1964-04-27,32.2
1964-06-01,32.3
1964-06-29,32.3
1964-07-27,32.3
1964-08-31,32.3
1964-09-28,32.4
1964-10-26,32.5
1964-11-30,32.5
1964-12-28,32.6
1965-02-01,32.6
1965-03-01,32.6
1965-03-29,32.7
1965-04-26,32.7
1965-05-31,32.7
1965-06-28,32.7
1965-07-26,32.7
1965-08-30,32.8
1965-09-27,32.8
1965-11-01,32.9
1965-11-29,33.0
1965-12-27,33.0
1966-01-31,33.1
1966-02-28,33.1
1966-03-28,33.3
1966-04-25,33.4
1966-05-30,33.5
1966-06-27,33.6
1966-08-01,33.7
1966-08-29,33.8
1966-09-26,34.0
1966-10-31,34.0
1966-11-28,34.1
1966-12-26,34.2
1967-01-30,34.2
1967-02-27,34.3
1967-03-27,34.4
1967-05-01,34.5
1967-05-29,34.6
1967-06-26,34.7
1967-07-31,34.9
1967-08-28,35.0
1967-09-25,35.1
1967-10-30,35.2
1967-11-27,35.4
1968-01-01,35.5
1968-01-29,35.7
1968-02-26,35.8
1968-04-01,35.9
1968-04-29,36.0
1968-05-27,36.2
1968-07-01,36.4
1968-07-29,36.5
1968-08-26,36.7
1968-09-30,36.9
1968-10-28,37.1
1968-11-25,37.2
1968-12-30,37.3
1969-01-27,37.6
1969-02-24,37.8
1969-03-31,38.1
1969-04-28,38.1
1969-05-26,38.3
1969-06-30,38.5
1969-07-28,38.7
1969-09-01,38.9
1969-09-29,39.1
1969-10-27,39.2
1969-12-01,39.4
1969-12-29,39.6
1970-01-26,39.8
1970-02-23,40.1
1970-03-30,40.4
1970-04-27,40.5
1970-06-01,40.8
1970-06-29,40.9
1970-07-27,41.1
1970-08-31,41.3
1970-09-28,41.5
1970-10-26,41.8
1970-11-30,42.0
1970-12-28,42.1
1971-02-01,42.2
1971-03-01,42.2
1971-03-29,42.4
1971-04-26,42.6
1971-05-31,42.8
1971-06-28,42.9
1971-07-26,43.0
1971-08-30,43.0
1971-09-27,43.1
1971-11-01,43.2
1971-11-29,43.3
1971-12-27,43.5
1972-01-31,43.6
1972-02-28,43.6
1972-03-27,43.8
1972-05-01,43.9
1972-05-29,44.0
1972-06-26,44.1
1972-07-31,44.3
1972-08-28,44.3
1972-09-25,44.4
1972-10-30,44.4
1972-11-27,44.6
1973-01-01,44.6
1973-01-29,44.8
1973-02-26,45.0
1973-03-26,45.1
1973-04-30,45.3
1973-05-28,45.4
1973-06-25,45.5
1973-07-30,45.7
1973-08-27,46.0
1973-10-01,46.3
1973-10-29,46.5
1973-11-26,46.7
1973-12-31,46.9
1974-01-28,47.2
1974-02-25,47.6
1974-04-01,47.9
1974-04-29,48.5
1974-05-27,49.0
1974-07-01,49.5
1974-07-29,50.2
1974-08-26,50.7
1974-09-30,51.2
1974-10-28,51.6
1974-11-25,52.0
1974-12-30,52.3
1975-01-27,52.8
1975-02-24,53.0
1975-03-31,53.3
1975-04-28,53.5
1975-05-26,53.8
1975-06-30,54.0
1975-07-28,54.2
1975-09-01,54.5
1975-09-29,54.8
1975-10-27,55.2
1975-12-01,55.5
1975-12-29,55.9
1976-01-26,56.2
1976-03-01,56.5
1976-03-29,56.7
1976-04-26,57.0
1976-05-31,57.2
1976-06-28,57.6
1976-07-26,57.9
1976-08-30,58.2
1976-09-27,58.5
1976-11-01,58.7
1976-11-29,58.9
1976-12-27,59.3
1977-01-31,59.7
1977-02-28,60.0
1977-03-28,60.3
1977-04-25,60.6
1977-05-30,61.0
1977-06-27,61.2
1977-08-01,61.5
1977-08-29,61.8
1977-09-26,62.0
1977-10-31,62.3
1977-11-28,62.7
1977-12-26,63.1
1978-01-30,63.4
1978-02-27,63.8
1978-03-27,64.3
1978-05-01,64.7
1978-05-29,65.2
1978-06-26,65.6
1978-07-31,66.1
1978-08-28,66.7
1978-09-25,67.2
1978-10-30,67.6
1978-11-27,68.0
1979-01-01,68.5
1979-01-29,69.2
1979-02-26,69.8
1979-03-26,70.3
1979-04-30,70.8
1979-05-28,71.3
1979-06-25,71.9
1979-07-30,72.7
1979-08-27,73.3
1979-10-01,74.0
1979-10-29,74.8
1979-11-26,75.7
1979-12-31,76.7
1980-01-28,77.5
1980-02-25,78.6
1980-03-31,79.5
1980-04-28,80.1
1980-05-26,81.0
1980-06-30,80.8
1980-07-28,81.3
1980-09-01,82.1
1980-09-29,83.0
1980-10-27,83.9
1980-12-01,84.9
1980-12-29,85.4
1981-01-26,85.9
1981-02-23,86.4
1981-03-30,87.0
1981-04-27,87.8
1981-06-01,88.6
1981-06-29,89.8
1981-07-27,90.7
1981-08-31,91.8
1981-09-28,92.1
1981-10-26,92.5
1981-11-30,93.0
1981-12-28,93.3
1982-02-01,93.8
1982-03-01,93.9
1982-03-29,94.7
1982-04-26,95.4
1982-05-31,96.1
1982-06-28,96.7
1982-07-26,97.1
1982-08-30,97.2
1982-09-27,97.5
1982-11-01,97.3
1982-11-29,97.2
1982-12-27,97.6
1983-01-31,98.0
1983-02-28,98.2
1983-03-28,98.6
1983-04-25,98.9
1983-05-30,99.2
1983-06-27,99.8
1983-08-01,100.1
1983-08-29,100.5
1983-09-26,101.0
1983-10-31,101.5
1983-11-28,101.8
1983-12-26,102.5
1984-01-30,102.8
1984-02-27,103.2
1984-03-26,103.7
1984-04-30,104.1
1984-05-28,104.5
1984-06-25,105.0
1984-07-30,105.4
1984-08-27,105.8
1984-10-01,106.2
1984-10-29,106.4
1984-11-26,106.8
1984-12-31,107.1
1985-01-28,107.7
1985-02-25,108.1
1985-04-01,108.4
1985-04-29,108.8
1985-05-27,109.1
1985-07-01,109.4
1985-07-29,109.8
1985-08-26,110.0
1985-09-30,110.5
1985-10-28,111.1
1985-11-25,111.4
1985-12-30,111.9
1986-01-27,112.2
1986-02-24,112.5
1986-03-31,112.9
1986-04-28,113.1
1986-05-26,113.4
1986-06-30,113.8
1986-07-28,114.2
1986-09-01,114.6
1986-09-29,115.0
1986-10-27,115.3
1986-12-01,115.6
1986-12-29,115.9
1987-01-26,116.2
1987-02-23,116.6
1987-03-30,117.3
1987-04-27,117.7
1987-06-01,117.9
1987-06-29,118.3
1987-07-27,118.7
1987-08-31,119.2
1987-09-28,119.8
1987-10-26,120.1
1987-11-30,120.4
1987-12-28,120.9
1988-02-01,121.2
1988-02-29,121.7
1988-03-28,122.3
1988-04-25,122.7
1988-05-30,123.2
1988-06-27,123.6
1988-08-01,124.0
1988-08-29,124.7
1988-09-26,125.2
1988-10-31,125.6
1988-11-28,126.0
1988-12-26,126.5
1989-01-30,126.9
1989-02-27,127.4
1989-03-27,127.8
1989-05-01,128.3
1989-05-29,128.8
1989-06-26,129.2
1989-07-31,129.5
1989-08-28,129.9
1989-09-25,130.6
1989-10-30,131.1
1989-11-27,131.6
1990-01-01,132.1
1990-01-29,132.7
1990-02-26,133.5
1990-03-26,134.0
1990-04-30,134.4
1990-05-28,135.1
1990-06-25,135.8
1990-07-30,136.6
1990-08-27,137.1
1990-10-01,137.6
1990-10-29,138.0
1990-11-26,138.6
1990-12-31,139.5
1991-01-28,140.2
1991-02-25,140.5
1991-04-01,140.9
1991-04-29,141.3
1991-05-27,141.8
1991-07-01,142.3
1991-07-29,142.9
1991-08-26,143.4
1991-09-30,143.7
1991-10-28,144.2
1991-11-25,144.7
1991-12-30,145.1
1992-01-27,145.4
1992-02-24,145.9
1992-03-30,146.3
1992-04-27,146.8
1992-06-01,147.1
1992-06-29,147.6
1992-07-27,147.9
1992-08-31,148.1
1992-09-28,148.8
1992-10-26,149.2
1992-11-30,149.6
1992-12-28,150.1
1993-02-01,150.6
1993-03-01,150.8
1993-03-29,151.4
1993-04-26,151.8
1993-05-31,152.1
1993-06-28,152.3
1993-07-26,152.8
1993-08-30,152.9
1993-09-27,153.4
1993-11-01,153.9
1993-11-29,154.3
1993-12-27,154.5
1994-01-31,154.8
1994-02-28,155.3
1994-03-28,155.5
1994-04-25,155.9
1994-05-30,156.4
1994-06-27,156.7
1994-08-01,157.1
1994-08-29,157.5
1994-09-26,157.8
1994-10-31,158.2
1994-11-28,158.3
1994-12-26,159.0
1995-01-30,159.4
1995-02-27,159.9
1995-03-27,160.4
1995-05-01,160.7
1995-05-29,161.1
1995-06-26,161.4
1995-07-31,161.8
1995-08-28,162.2
1995-09-25,162.7
1995-10-30,163.0
1995-11-27,163.1
1996-01-01,163.7
1996-01-29,164.0
1996-02-26,164.4
1996-04-01,164.6
1996-04-29,165.0
1996-05-27,165.4
1996-07-01,165.7
1996-07-29,166.0
1996-08-26,166.5
1996-09-30,166.8
1996-10-28,167.2
1996-11-25,167.4
1996-12-30,167.8
1997-01-27,168.1
1997-02-24,168.4
1997-03-31,168.9
1997-04-28,169.2
1997-05-26,169.4
1997-06-30,169.7
1997-07-28,169.8
1997-09-01,170.2
1997-09-29,170.6
1997-10-27,170.8
1997-12-01,171.2
1997-12-29,171.6
1998-01-26,171.9
1998-02-23,172.2
1998-03-30,172.5
1998-04-27,172.9
1998-06-01,173.2
1998-06-29,173.5
1998-07-27,174.0
1998-08-31,174.2
1998-09-28,174.4
1998-10-26,174.8
1998-11-30,175.4
1998-12-28,175.6
1999-02-01,175.6
1999-03-01,175.7
1999-03-29,176.3
1999-04-26,176.5
1999-05-31,176.6
1999-06-28,177.1
1999-07-26,177.3
1999-08-30,177.8
1999-09-27,178.1
1999-11-01,178.4
1999-11-29,178.7
1999-12-27,179.3
2000-01-31,179.4
2000-02-28,180.0
2000-03-27,180.3
2000-05-01,180.7
2000-05-29,181.1
2000-06-26,181.5
2000-07-31,181.9
2000-08-28,182.3
2000-09-25,182.6
2000-10-30,183.1
2000-11-27,183.3
2001-01-01,183.9
2001-01-29,184.4
2001-02-26,184.7
2001-03-26,185.1
2001-04-30,185.3
2001-05-28,186.0
2001-06-25,186.4
2001-07-30,186.7
2001-08-27,187.1
2001-10-01,187.4
2001-10-29,188.1
2001-11-26,188.4
2001-12-31,188.7
2002-01-28,189.1
2002-02-25,189.2
2002-04-01,189.7
2002-04-29,190.0
2002-05-27,190.2
2002-07-01,190.5
2002-07-29,191.1
2002-08-26,191.3
2002-09-30,191.5
2002-10-28,191.9
2002-11-25,192.1
2002-12-30,192.4
2003-01-27,192.5
2003-02-24,192.5
2003-03-31,192.5
2003-04-28,192.9
2003-05-26,193.0
2003-06-30,193.4
2003-07-28,193.6
2003-09-01,193.7
2003-09-29,194.0
2003-10-27,194.0
2003-12-01,194.2
2003-12-29,194.6
2004-01-26,194.9
2004-03-01,195.5
2004-03-29,195.9
2004-04-26,196.2
2004-05-31,196.6
2004-06-28,196.8
2004-07-26,196.9
2004-08-30,197.5
2004-09-27,197.9
2004-11-01,198.3
2004-11-29,198.6
2004-12-27,199.0
2005-01-31,199.4
2005-02-28,200.1
2005-03-28,200.2
2005-04-25,200.5
2005-05-30,200.6
2005-06-27,200.9
2005-08-01,201.1
2005-08-29,201.3
2005-09-26,202.0
2005-10-31,202.5
2005-11-28,202.8
2005-12-26,203.2
2006-01-30,203.6
2006-02-27,204.3
2006-03-27,204.8
2006-05-01,205.4
2006-05-29,205.9
2006-06-26,206.3
2006-07-31,206.8
2006-08-28,207.2
2006-09-25,207.6
2006-10-30,207.8
2006-11-27,208.1
2007-01-01,208.6
2007-01-29,209.135
2007-02-26,209.418
2007-03-26,209.747
2007-04-30,210.058
2007-05-28,210.392
2007-06-25,210.773
2007-07-30,211.119
2007-08-27,211.554
2007-10-01,212.077
2007-10-29,212.66
2007-11-26,213.168
2007-12-31,213.771
2008-01-28,213.939
2008-02-25,214.42
2008-03-31,214.56
2008-04-28,214.936
2008-05-26,215.424
2008-06-30,215.965
2008-07-28,216.393
2008-09-01,216.713
2008-09-29,216.788
2008-10-27,216.947
2008-12-01,216.925
2008-12-29,217.346
2009-01-26,217.792
2009-02-23,218.253
2009-03-30,218.706
2009-04-27,218.904
2009-06-01,219.112
2009-06-29,219.263
2009-07-27,219.496
2009-08-31,219.92
2009-09-28,220.501
2009-10-26,220.666
2009-11-30,220.881
2009-12-28,220.633
2010-02-01,220.731
2010-03-01,220.783
2010-03-29,220.822
2010-04-26,220.962
2010-05-31,221.194
2010-06-28,221.363
2010-07-26,221.509
2010-08-30,221.711
2010-09-27,221.83
2010-11-01,222.149
2010-11-29,222.343
2010-12-27,222.803
2011-01-31,223.213
2011-02-28,223.454
2011-03-28,223.727
2011-04-25,224.175
2011-05-30,224.697
2011-06-27,225.218
2011-08-01,225.862
2011-08-29,226.118
2011-09-26,226.506
2011-10-31,226.899
2011-11-28,227.405
2011-12-26,227.877
2012-01-30,228.034
2012-02-27,228.478
2012-03-26,228.905
2012-04-30,229.224
2012-05-28,229.623
2012-06-25,229.97
2012-07-30,230.233
2012-08-27,230.659
2012-10-01,231.024
2012-10-29,231.33
2012-11-26,231.725
2012-12-31,232.229
2013-01-28,232.569
2013-02-25,232.794
2013-04-01,232.832
2013-04-29,232.996
2013-05-27,233.35
2013-07-01,233.88
2013-07-29,234.336
2013-08-26,234.7
2013-09-30,234.921
2013-10-28,235.359
2013-11-25,235.759
2013-12-30,235.961
2014-01-27,236.185
2014-02-24,236.625
2014-03-31,237.072
2014-04-28,237.529
2014-05-26,237.837
2014-06-30,238.195
2014-07-28,238.405
2014-09-01,238.786
2014-09-29,239.191
2014-10-27,239.458
2014-12-01,239.584
2014-12-29,239.811
2015-01-26,240.172
2015-02-23,240.755
2015-03-30,241.346
2015-04-27,241.688
2015-06-01,242.064
2015-06-29,242.565
2015-07-27,242.817
2015-08-31,243.316
2015-09-28,243.768
2015-10-26,244.241
2015-11-30,244.547
2015-12-28,244.955
2016-02-01,245.51
2016-02-29,245.913
2016-03-28,246.551
2016-04-25,247.137
2016-05-30,247.54
2016-06-27,247.829
2016-08-01,248.423
2016-08-29,248.842
2016-09-26,249.142
2016-10-31,249.481
2016-11-28,249.92
2016-12-26,250.467
2017-01-30,250.998
2017-02-27,250.944
2017-03-27,251.227
2017-05-01,251.43
2017-05-29,251.746
2017-06-26,251.985
2017-07-31,252.535
2017-08-28,252.812
2017-09-25,253.526
2017-10-30,253.816
2017-11-27,254.344
2018-01-01,255.204
2018-01-29,255.711
2018-02-26,256.271
2018-03-26,256.63
2018-04-30,257.145
2018-05-28,257.399
2018-06-25,257.699
2018-07-30,257.891
2018-08-27,258.368
2018-10-01,258.917
2018-10-29,259.439
2018-11-26,260.063
2018-12-31,260.766
2019-01-28,261.186
2019-02-25,261.567
2019-04-01,261.997
2019-04-29,262.217
2019-05-27,262.739
2019-07-01,263.28
2019-07-29,263.877
2019-08-26,264.388
2019-09-30,264.97
2019-10-28,265.548
2019-11-25,266.02
2019-12-30,266.716
2020-01-27,267.37
2020-02-24,267.054
2020-03-30,265.746
2020-04-27,265.412
2020-06-01,265.849
2020-06-29,267.389
2020-07-27,268.422
2020-08-31,268.933
2020-09-28,269.306
2020-10-26,269.981
2020-11-30,270.341
2020-12-28,270.387
2021-02-01,270.793
2021-03-01,271.459
2021-03-29,273.66
2021-04-26,275.465
2021-05-31,277.651
2021-06-28,278.648
2021-07-26,278.997
2021-08-30,279.698
2021-09-27,281.668
2021-11-01,283.406
2021-11-29,285.18
2021-12-27,286.757
2022-01-31,288.273
2022-02-28,289.056
2022-03-28,290.514
2022-04-25,292.063
2022-05-30,294.05
2022-06-27,295.088
2022-08-01,296.535
2022-08-29,298.226
2022-09-26,299.399
2022-10-31,300.325
2022-11-28,301.394
2022-12-26,302.642
2023-01-30,304.123
2023-02-27,305.147
2023-03-27,306.534
2023-05-01,307.652
2023-05-29,308.322
2023-06-26,308.96
2023-07-31,309.58
2023-08-28,310.539
2023-09-25,311.457
2023-10-30,312.392
2023-11-27,313.195
2024-01-01,314.319
2024-01-29,315.564
2024-02-26,316.792
2024-04-01,317.649
2024-04-29,318.095
2024-05-27,318.39
2024-07-01,318.94
2024-07-29,319.75
2024-08-26,320.732
2024-09-30,321.731
2024-10-28,322.657
2024-11-25,323.259
2024-12-30,324.638
2025-01-27,325.465
2025-02-24,325.69
2025-03-31,326.467
2025-04-28,326.893
2025-05-26,327.658
2025-06-30,328.682
2025-07-28,329.7
2025-09-01,330.418
2025-10-27,331.043
2025-12-01,331.814
2025-12-29,332.793
2026-01-26,333.512
2026-02-23,334.165
2026-03-30,335.423
2026-04-27,336.121
2026-06-01,336.065
2026-06-29,336.789
2026-07-27,337.765
2026-08-12,336.79
2026-09-11,337.77
