date,us_real_gdp
1946-12-30,2182.681
1947-03-31,2176.892
1947-06-30,2172.432
1947-09-29,2206.452
1947-12-29,2239.682
1948-03-29,2276.69
1948-06-28,2289.77
1948-09-27,2292.364
1948-12-27,2260.807
1949-03-28,2253.128
1949-06-27,2276.424
1949-09-26,2257.352
1949-12-26,2346.104
1950-03-27,2417.682
1950-06-26,2511.127
1950-09-25,2559.214
1951-01-01,2593.967
1951-03-26,2638.898
1951-06-25,2693.259
1951-10-01,2699.156
1951-12-31,2727.954
1952-03-31,2733.8
1952-06-30,2753.517
1952-09-29,2843.941
1952-12-29,2896.811
1953-03-30,2919.206
1953-06-29,2902.785
1953-09-28,2858.845
1953-12-28,2845.192
1954-03-29,2848.305
1954-06-28,2880.482
1954-09-27,2936.852
1954-12-27,3020.746
1955-03-28,3069.91
1955-06-27,3111.379
1955-09-26,3130.068
1955-12-26,3117.922
1956-03-26,3143.694
1956-06-25,3140.874
1956-10-01,3192.57
1956-12-31,3213.011
1957-04-01,3205.97
1957-07-01,3237.386
1957-09-30,3203.894
1957-12-30,3120.724
1958-03-31,3141.224
1958-06-30,3213.884
1958-09-29,3289.032
1958-12-29,3352.129
1959-03-30,3427.667
1959-06-29,3430.057
1959-09-28,3439.832
1959-12-28,3517.181
1960-03-28,3498.246
1960-06-27,3515.385
1960-09-26,3470.278
1960-12-26,3493.703
1961-03-27,3553.021
1961-06-26,3621.252
1961-09-25,3692.289
1962-01-01,3758.147
1962-03-26,3792.149
1962-06-25,3838.776
1962-10-01,3851.421
1962-12-31,3893.482
1963-04-01,3937.183
1963-07-01,4023.755
1963-09-30,4050.147
1963-12-30,4135.553
1964-03-30,4180.592
1964-06-29,4245.918
1964-09-28,4259.046
1964-12-28,4362.111
1965-03-29,4417.225
1965-06-28,4515.427
1965-09-27,4619.458
1965-12-27,4731.888
1966-03-28,4748.046
1966-06-27,4788.254
1966-09-26,4827.537
1966-12-26,4870.299
1967-03-27,4873.287
1967-06-26,4919.392
1967-09-25,4956.477
1968-01-01,5057.553
1968-04-01,5142.033
1968-07-01,5181.859
1968-09-30,5202.212
1968-12-30,5283.597
1969-03-31,5299.625
1969-06-30,5334.6
1969-09-29,5308.556
1969-12-29,5300.652
1970-03-30,5308.164
1970-06-29,5357.077
1970-09-28,5299.672
1970-12-28,5443.619
1971-03-29,5473.059
1971-06-28,5518.072
1971-09-27,5531.032
1971-12-27,5632.649
1972-03-27,5760.47
1972-06-26,5814.854
1972-09-25,5912.22
1973-01-01,6058.544
1973-03-26,6124.506
1973-06-25,6092.301
1973-10-01,6150.131
1973-12-31,6097.258
1974-04-01,6111.751
1974-07-01,6053.978
1974-09-30,6030.464
1974-12-30,5957.035
1975-03-31,5999.61
1975-06-30,6102.326
1975-09-29,6184.53
1975-12-29,6323.649
1976-03-29,6370.025
1976-06-28,6404.895
1976-09-27,6451.177
1976-12-27,6527.703
1977-03-28,6654.466
1977-06-27,6774.457
1977-09-26,6774.592
1977-12-26,6796.26
1978-03-27,7058.92
1978-06-26,7129.915
1978-09-25,7225.75
1979-01-01,7238.727
1979-03-26,7246.454
1979-06-25,7300.281
1979-10-01,7318.535
1979-12-31,7341.557
1980-03-31,7190.289
1980-06-30,7181.743
1980-09-29,7315.677
1980-12-29,7459.022
1981-03-30,7403.745
1981-06-29,7492.405
1981-09-28,7410.768
1981-12-28,7295.631
1982-03-29,7328.912
1982-06-28,7300.896
1982-09-27,7303.817
1982-12-27,7400.066
1983-03-28,7568.456
1983-06-27,7719.746
1983-09-26,7880.794
1983-12-26,8034.847
1984-03-26,8173.67
1984-06-25,8252.465
1984-10-01,8320.199
1984-12-31,8400.82
1985-04-01,8474.787
1985-07-01,8604.22
1985-09-30,8668.188
1985-12-30,8749.127
1986-03-31,8788.524
1986-06-30,8872.601
1986-09-29,8920.193
1986-12-29,8986.367
1987-03-30,9083.256
1987-06-29,9162.024
1987-09-28,9319.332
1987-12-28,9367.502
1988-03-28,9490.594
1988-06-27,9546.206
1988-09-26,9673.405
1988-12-26,9771.725
1989-03-27,9846.293
1989-06-26,9919.228
1989-09-25,9938.767
1990-01-01,10047.386
1990-03-26,10083.855
1990-06-25,10090.569
1990-10-01,9998.704
1990-12-31,9951.916
1991-04-01,10029.51
1991-07-01,10080.195
1991-09-30,10115.329
1991-12-30,10236.435
1992-03-30,10347.429
1992-06-29,10449.673
1992-09-28,10558.648
1992-12-28,10576.275
1993-03-29,10637.847
1993-06-28,10688.606
1993-09-27,10833.987
1993-12-27,10939.116
1994-03-28,11087.361
1994-06-27,11152.176
1994-09-26,11279.932
1994-12-26,11319.951
1995-03-27,11353.721
1995-06-26,11450.31
1995-09-25,11528.067
1996-01-01,11614.418
1996-04-01,11808.14
1996-07-01,11914.063
1996-09-30,12037.775
1996-12-30,12115.472
1997-03-31,12317.221
1997-06-30,12471.01
1997-09-29,12577.495
1997-12-29,12703.742
1998-03-30,12821.339
1998-06-29,12982.752
1998-09-28,13191.67
1998-12-28,13315.597
1999-03-29,13426.748
1999-06-28,13604.771
1999-09-27,13827.98
1999-12-27,13878.147
2000-03-27,14130.908
2000-06-26,14145.312
2000-09-25,14229.765
2001-01-01,14183.12
2001-03-26,14271.694
2001-06-25,14214.516
2001-10-01,14253.574
2001-12-31,14372.785
2002-04-01,14460.848
2002-07-01,14519.633
2002-09-30,14537.58
2002-12-30,14614.141
2003-03-31,14743.567
2003-06-30,14988.782
2003-09-29,15162.76
2003-12-29,15248.68
2004-03-29,15366.85
2004-06-28,15512.619
2004-09-27,15670.88
2004-12-27,15844.727
2005-03-28,15922.782
2005-06-27,16047.587
2005-09-26,16136.734
2005-12-26,16353.835
2006-03-27,16396.151
2006-06-26,16420.738
2006-09-25,16561.866
2007-01-01,16611.69
2007-03-26,16713.314
2007-06-25,16809.587
2007-10-01,16915.191
2007-12-31,16843.003
2008-03-31,16943.291
2008-06-30,16854.295
2008-09-29,16485.35
2008-12-29,16298.262
2009-03-30,16269.145
2009-06-29,16326.281
2009-09-28,16502.754
2009-12-28,16582.71
2010-03-29,16743.162
2010-06-28,16872.266
2010-09-27,16960.864
2010-12-27,16920.632
2011-03-28,17035.114
2011-06-27,17031.313
2011-09-26,17222.583
2011-12-26,17367.01
2012-03-26,17444.525
2012-06-25,17469.65
2012-10-01,17489.852
2012-12-31,17662.4
2013-04-01,17709.671
2013-07-01,17860.45
2013-09-30,18016.147
2013-12-30,17953.974
2014-03-31,18185.911
2014-06-30,18406.941
2014-09-29,18500.031
2014-12-29,18666.621
2015-03-30,18782.243
2015-06-29,18857.418
2015-09-28,18892.206
2015-12-28,19001.69
2016-03-28,19062.709
2016-06-27,19197.938
2016-09-26,19304.352
2016-12-26,19398.343
2017-03-27,19506.949
2017-06-26,19660.766
2017-09-25,19882.352
2018-01-01,20044.077
2018-03-26,20150.476
2018-06-25,20276.154
2018-10-01,20304.874
2018-12-31,20431.641
2019-04-01,20602.275
2019-07-01,20843.322
2019-09-30,20985.448
2019-12-30,20709.212
2020-03-30,19077.992
2020-06-29,20558.879
2020-09-28,20791.917
2020-12-28,21082.134
2021-03-29,21440.929
2021-06-28,21617.828
2021-09-27,21988.737
2021-12-27,21932.71
2022-03-28,21967.045
2022-06-27,22125.625
2022-09-26,22278.345
2022-12-26,22439.607
2023-03-27,22580.499
2023-06-26,22840.989
2023-09-25,23033.78
2024-01-01,23082.119
2024-04-01,23286.508
2024-07-01,23478.57
2024-09-30,23586.542
2024-12-30,23548.21
2025-03-31,23770.976
2025-06-30,24026.834
2025-09-29,24055.749
2025-12-29,24180.419
2026-03-30,24269.613
