date,vix
2000-01-17,26.14
2000-01-24,21.54
2000-01-31,24.42
2000-02-07,26.0
2000-02-14,25.2
2000-02-21,19.21
2000-02-28,21.24
2000-03-06,22.37
2000-03-13,23.31
2000-03-20,24.11
2000-03-27,24.39
2000-04-03,33.49
2000-04-10,27.37
2000-04-17,26.2
2000-04-24,27.53
2000-05-01,26.05
2000-05-08,25.44
2000-05-15,24.47
2000-05-22,21.48
2000-05-29,22.14
2000-06-05,20.5
2000-06-12,22.34
2000-06-19,19.54
2000-06-26,20.33
2000-07-03,19.32
2000-07-10,18.94
2000-07-17,20.84
2000-07-24,18.62
2000-07-31,18.55
2000-08-07,17.05
2000-08-14,16.53
2000-08-21,17.53
2000-08-28,18.46
2000-09-04,18.52
2000-09-11,20.74
2000-09-18,20.57
2000-09-25,22.71
2000-10-02,27.6
2000-10-09,24.24
2000-10-16,26.47
2000-10-23,23.67
2000-10-30,28.53
2000-11-06,24.81
2000-11-13,26.93
2000-11-20,27.48
2000-11-27,22.41
2000-12-04,26.55
2000-12-11,27.55
2000-12-18,26.85
2000-12-25,28.67
2001-01-01,24.56
2001-01-08,23.24
2001-01-15,22.57
2001-01-22,21.95
2001-01-29,22.03
2001-02-05,22.12
2001-02-12,27.21
2001-02-19,27.43
2001-02-26,25.62
2001-03-05,29.91
2001-03-12,30.45
2001-03-19,28.64
2001-03-26,31.69
2001-04-02,26.33
2001-04-09,25.38
2001-04-16,24.02
2001-04-23,23.91
2001-04-30,23.54
2001-05-07,21.23
2001-05-14,20.6
2001-05-21,21.59
2001-05-28,19.92
2001-06-04,22.81
2001-06-11,20.02
2001-06-18,19.06
2001-06-25,22.48
2001-07-02,21.14
2001-07-09,22.34
2001-07-16,22.0
2001-07-23,19.89
2001-07-30,20.55
2001-08-06,23.84
2001-08-13,19.71
2001-08-20,24.92
2001-08-27,30.99
2001-09-03,43.74
2001-09-10,42.66
2001-09-17,31.93
2001-09-24,33.39
2001-10-01,35.27
2001-10-08,34.11
2001-10-15,28.42
2001-10-22,30.71
2001-10-29,27.44
2001-11-05,25.07
2001-11-12,23.79
2001-11-19,23.84
2001-11-26,23.49
2001-12-03,24.63
2001-12-10,22.5
2001-12-17,23.8
2001-12-24,21.94
2001-12-31,22.6
2002-01-07,22.52
2002-01-14,21.01
2002-01-21,21.12
2002-01-28,23.26
2002-02-04,22.37
2002-02-11,22.86
2002-02-18,19.96
2002-02-25,19.27
2002-03-04,18.42
2002-03-11,17.77
2002-03-18,18.73
2002-03-25,19.13
2002-04-01,19.42
2002-04-08,18.3
2002-04-15,22.14
2002-04-22,20.19
2002-04-29,22.41
2002-05-06,17.7
2002-05-13,18.9
2002-05-20,19.98
2002-05-27,23.51
2002-06-03,25.96
2002-06-10,27.23
2002-06-17,25.4
2002-06-24,28.25
2002-07-01,32.94
2002-07-08,38.17
2002-07-15,35.51
2002-07-22,41.29
2002-07-29,35.33
2002-08-05,28.81
2002-08-12,29.32
2002-08-19,32.64
2002-08-26,36.33
2002-09-02,35.82
2002-09-09,38.98
2002-09-16,36.97
2002-09-23,39.46
2002-09-30,35.7
2002-10-07,33.53
2002-10-14,30.0
2002-10-21,29.3
2002-10-28,29.41
2002-11-04,26.65
2002-11-11,23.16
2002-11-18,27.46
2002-11-25,28.88
2002-12-02,28.18
2002-12-09,26.71
2002-12-16,29.62
2002-12-23,24.91
2002-12-30,24.32
2003-01-06,25.7
2003-01-13,31.51
2003-01-20,31.17
2003-01-27,34.01
2003-02-03,32.62
2003-02-10,30.25
2003-02-17,29.63
2003-02-24,31.08
2003-03-03,30.98
2003-03-10,28.67
2003-03-17,27.75
2003-03-24,29.13
2003-03-31,24.44
2003-04-07,21.95
2003-04-14,20.8
2003-04-21,20.63
2003-04-28,19.69
2003-05-05,18.4
2003-05-12,19.17
2003-05-19,19.47
2003-05-26,21.25
2003-06-02,20.66
2003-06-09,19.14
2003-06-16,19.16
2003-06-23,20.06
2003-06-30,18.47
2003-07-07,19.11
2003-07-14,17.75
2003-07-21,20.75
2003-07-28,19.59
2003-08-04,18.27
2003-08-11,18.55
2003-08-18,18.63
2003-08-25,18.17
2003-09-01,18.68
2003-09-08,17.54
2003-09-15,22.23
2003-09-22,19.5
2003-09-29,18.45
2003-10-06,17.62
2003-10-13,17.71
2003-10-20,16.1
2003-10-27,16.93
2003-11-03,16.94
2003-11-10,18.98
2003-11-17,16.32
2003-11-24,17.09
2003-12-01,16.41
2003-12-08,16.42
2003-12-15,17.45
2003-12-22,17.49
2003-12-29,16.75
2004-01-05,15.0
2004-01-12,14.84
2004-01-19,16.63
2004-01-26,16.0
2004-02-02,15.58
2004-02-09,16.04
2004-02-16,14.55
2004-02-23,14.48
2004-03-01,18.3
2004-03-08,19.15
2004-03-15,17.33
2004-03-22,15.64
2004-03-29,15.28
2004-04-05,14.94
2004-04-12,14.01
2004-04-19,17.19
2004-04-26,18.13
2004-05-03,18.47
2004-05-10,18.49
2004-05-17,15.5
2004-05-24,16.78
2004-05-31,16.07
2004-06-07,14.99
2004-06-14,15.19
2004-06-21,15.08
2004-06-28,15.78
2004-07-05,14.34
2004-07-12,16.5
2004-07-19,15.32
2004-07-26,19.34
2004-08-02,17.98
2004-08-09,16.0
2004-08-16,14.71
2004-08-23,13.91
2004-08-30,14.01
2004-09-06,14.03
2004-09-13,14.28
2004-09-20,12.75
2004-09-27,15.05
2004-10-04,15.04
2004-10-11,15.28
2004-10-18,16.27
2004-10-25,13.84
2004-11-01,13.33
2004-11-08,13.5
2004-11-15,13.3
2004-11-22,12.96
2004-11-29,12.76
2004-12-06,11.95
2004-12-13,12.14
2004-12-20,13.29
2004-12-27,13.49
2005-01-03,12.43
2005-01-10,14.36
2005-01-17,13.24
2005-01-24,11.21
2005-01-31,11.43
2005-02-07,11.18
2005-02-14,11.49
2005-02-21,11.94
2005-02-28,12.8
2005-03-07,13.14
2005-03-14,13.75
2005-03-21,14.09
2005-03-28,12.62
2005-04-04,17.74
2005-04-11,15.38
2005-04-18,15.31
2005-04-25,14.05
2005-05-02,16.32
2005-05-09,13.14
2005-05-16,12.15
2005-05-23,12.15
2005-05-30,11.96
2005-06-06,11.48
2005-06-13,12.18
2005-06-20,11.4
2005-06-27,11.45
2005-07-04,10.33
2005-07-11,10.52
2005-07-18,11.57
2005-07-25,12.48
2005-08-01,12.74
2005-08-08,13.42
2005-08-15,13.72
2005-08-22,13.57
2005-08-29,11.98
2005-09-05,11.22
2005-09-12,12.96
2005-09-19,11.92
2005-09-26,14.59
2005-10-03,14.87
2005-10-10,16.13
2005-10-17,14.25
2005-10-24,13.17
2005-10-31,11.63
2005-11-07,11.12
2005-11-14,11.84
2005-11-21,11.01
2005-11-28,11.69
2005-12-05,10.68
2005-12-12,10.27
2005-12-19,12.07
2005-12-26,11.0
2006-01-02,11.23
2006-01-09,14.56
2006-01-16,11.97
2006-01-23,12.96
2006-01-30,12.87
2006-02-06,12.01
2006-02-13,11.46
2006-02-20,11.96
2006-02-27,11.85
2006-03-06,12.12
2006-03-13,11.19
2006-03-20,11.39
2006-03-27,12.26
2006-04-03,12.58
2006-04-10,11.59
2006-04-17,11.59
2006-04-24,11.62
2006-05-01,14.19
2006-05-08,17.18
2006-05-15,14.26
2006-05-22,14.32
2006-05-29,18.12
2006-06-05,17.25
2006-06-12,15.89
2006-06-19,13.08
2006-06-26,14.02
2006-07-03,18.05
2006-07-10,17.4
2006-07-17,14.33
2006-07-24,14.34
2006-07-31,14.3
2006-08-07,11.64
2006-08-14,12.31
2006-08-21,11.96
2006-08-28,13.16
2006-09-04,11.76
2006-09-11,12.59
2006-09-18,11.98
2006-09-25,11.56
2006-10-02,10.75
2006-10-09,10.63
2006-10-16,10.8
2006-10-23,11.16
2006-10-30,10.79
2006-11-06,10.05
2006-11-13,12.3
2006-11-20,11.66
2006-11-27,12.07
2006-12-04,10.05
2006-12-11,11.36
2006-12-18,11.56
2006-12-25,12.14
2007-01-01,10.15
2007-01-08,10.4
2007-01-15,11.13
2007-01-22,10.08
2007-01-29,11.1
2007-02-05,10.02
2007-02-12,10.58
2007-02-19,18.61
2007-02-26,14.09
2007-03-05,16.79
2007-03-12,12.95
2007-03-19,14.64
2007-03-26,13.14
2007-04-02,12.2
2007-04-09,12.07
2007-04-16,12.45
2007-04-23,12.91
2007-04-30,12.95
2007-05-07,12.76
2007-05-14,13.34
2007-05-21,12.78
2007-05-28,14.84
2007-06-04,13.94
2007-06-11,15.75
2007-06-18,16.23
2007-06-25,15.16
2007-07-02,15.15
2007-07-09,16.95
2007-07-16,24.17
2007-07-23,25.16
2007-07-30,28.3
2007-08-06,29.99
2007-08-13,20.72
2007-08-20,23.38
2007-08-27,26.23
2007-09-03,24.92
2007-09-10,19.0
2007-09-17,18.0
2007-09-24,16.91
2007-10-01,17.73
2007-10-08,22.96
2007-10-15,19.56
2007-10-22,23.01
2007-10-29,28.5
2007-11-05,25.49
2007-11-12,28.91
2007-11-19,22.87
2007-11-26,20.85
2007-12-03,23.27
2007-12-10,18.47
2007-12-17,22.5
2007-12-24,23.79
2007-12-31,23.68
2008-01-07,27.18
2008-01-14,29.08
2008-01-21,24.02
2008-01-28,28.01
2008-02-04,25.02
2008-02-11,24.06
2008-02-18,26.54
2008-02-25,27.49
2008-03-03,31.16
2008-03-10,25.73
2008-03-17,25.71
2008-03-24,22.45
2008-03-31,23.46
2008-04-07,20.13
2008-04-14,19.59
2008-04-21,18.18
2008-04-28,19.41
2008-05-05,16.47
2008-05-12,19.55
2008-05-19,17.83
2008-05-26,23.56
2008-06-02,21.22
2008-06-09,22.87
2008-06-16,23.44
2008-06-23,25.78
2008-06-30,27.49
2008-07-07,24.05
2008-07-14,22.91
2008-07-21,22.57
2008-07-28,20.66
2008-08-04,19.58
2008-08-11,18.81
2008-08-18,20.65
2008-08-25,23.06
2008-09-01,25.66
2008-09-08,32.07
2008-09-15,34.74
2008-09-22,45.14
2008-09-29,69.95
2008-10-06,70.33
2008-10-13,79.13
2008-10-20,59.89
2008-10-27,56.1
2008-11-03,66.31
2008-11-10,72.67
2008-11-17,68.51
2008-11-24,59.93
2008-12-01,54.28
2008-12-08,44.93
2008-12-15,43.9
2008-12-22,39.08
2008-12-29,42.82
2009-01-05,46.11
2009-01-12,47.27
2009-01-19,44.84
2009-01-26,43.37
2009-02-02,42.93
2009-02-09,49.3
2009-02-16,46.35
2009-02-23,49.33
2009-03-02,42.36
2009-03-09,45.89
2009-03-16,41.04
2009-03-23,39.7
2009-03-30,37.81
2009-04-06,33.94
2009-04-13,36.82
2009-04-20,35.3
2009-04-27,32.05
2009-05-04,33.12
2009-05-11,32.63
2009-05-18,28.92
2009-05-25,29.62
2009-06-01,28.15
2009-06-08,27.99
2009-06-15,25.93
2009-06-22,29.0
2009-06-29,29.02
2009-07-06,24.34
2009-07-13,23.09
2009-07-20,25.92
2009-07-27,24.76
2009-08-03,24.27
2009-08-10,25.01
2009-08-17,24.76
2009-08-24,25.26
2009-08-31,24.15
2009-09-07,23.92
2009-09-14,25.61
2009-09-21,28.68
2009-09-28,23.12
2009-10-05,21.43
2009-10-12,22.27
2009-10-19,30.69
2009-10-26,24.19
2009-11-02,23.36
2009-11-09,22.19
2009-11-16,24.51
2009-11-23,21.25
2009-11-30,21.59
2009-12-07,21.68
2009-12-14,19.93
2009-12-21,20.04
2009-12-28,18.13
2010-01-04,17.91
2010-01-11,27.31
2010-01-18,24.62
2010-01-25,26.11
2010-02-01,22.73
2010-02-08,20.02
2010-02-15,19.5
2010-02-22,17.42
2010-03-01,17.58
2010-03-08,16.97
2010-03-15,17.77
2010-03-22,17.02
2010-03-29,16.14
2010-04-05,18.36
2010-04-12,16.62
2010-04-19,22.05
2010-04-26,40.95
2010-05-03,31.24
2010-05-10,40.1
2010-05-17,32.07
2010-05-24,35.48
2010-05-31,28.79
2010-06-07,23.95
2010-06-14,28.53
2010-06-21,30.12
2010-06-28,24.98
2010-07-05,26.25
2010-07-12,23.47
2010-07-19,23.5
2010-07-26,21.74
2010-08-02,26.24
2010-08-09,25.49
2010-08-16,24.45
2010-08-23,21.31
2010-08-30,21.99
2010-09-06,22.01
2010-09-13,21.71
2010-09-20,22.5
2010-09-27,20.71
2010-10-04,19.03
2010-10-11,18.78
2010-10-18,21.2
2010-10-25,18.26
2010-11-01,20.61
2010-11-08,18.04
2010-11-15,21.53
2010-11-22,18.01
2010-11-29,17.61
2010-12-06,16.11
2010-12-13,17.67
2010-12-20,17.75
2010-12-27,17.14
2011-01-03,15.46
2011-01-10,18.47
2011-01-17,20.04
2011-01-24,15.93
2011-01-31,15.69
2011-02-07,16.43
2011-02-14,19.22
2011-02-21,19.06
2011-02-28,20.08
2011-03-07,24.44
2011-03-14,17.91
2011-03-21,17.4
2011-03-28,17.87
2011-04-04,15.32
2011-04-11,14.69
2011-04-18,14.75
2011-04-25,18.4
2011-05-02,17.07
2011-05-09,17.43
2011-05-16,15.98
2011-05-23,17.95
2011-05-30,18.86
2011-06-06,21.85
2011-06-13,21.1
2011-06-20,15.87
2011-06-27,15.95
2011-07-04,19.53
2011-07-11,17.52
2011-07-18,25.25
2011-07-25,32.0
2011-08-01,36.36
2011-08-08,43.05
2011-08-15,35.59
2011-08-22,33.92
2011-08-29,38.52
2011-09-05,30.98
2011-09-12,41.25
2011-09-19,42.96
2011-09-26,36.2
2011-10-03,28.24
2011-10-10,31.32
2011-10-17,24.53
2011-10-24,30.16
2011-10-31,30.04
2011-11-07,32.0
2011-11-14,34.47
2011-11-21,27.52
2011-11-28,26.38
2011-12-05,24.29
2011-12-12,20.73
2011-12-19,23.4
2011-12-26,20.63
2012-01-02,20.91
2012-01-09,18.28
2012-01-16,18.53
2012-01-23,17.1
2012-01-30,20.79
2012-02-06,17.78
2012-02-13,17.31
2012-02-20,17.29
2012-02-27,17.11
2012-03-05,14.47
2012-03-12,14.82
2012-03-19,15.5
2012-03-26,16.7
2012-04-02,19.55
2012-04-09,17.44
2012-04-16,16.32
2012-04-23,19.16
2012-04-30,19.89
2012-05-07,25.1
2012-05-14,21.76
2012-05-21,26.66
2012-05-28,21.23
2012-06-04,21.11
2012-06-11,18.11
2012-06-18,17.08
2012-06-25,17.1
2012-07-02,16.74
2012-07-09,16.27
2012-07-16,16.7
2012-07-23,15.64
2012-07-30,14.74
2012-08-06,13.45
2012-08-13,15.18
2012-08-20,17.47
2012-08-27,14.38
2012-09-03,14.51
2012-09-10,13.98
2012-09-17,15.73
2012-09-24,14.33
2012-10-01,16.14
2012-10-08,17.06
2012-10-15,17.81
2012-10-22,17.59
2012-10-29,18.61
2012-11-05,16.41
2012-11-12,15.14
2012-11-19,15.87
2012-11-26,15.9
2012-12-03,17.0
2012-12-10,17.84
2012-12-17,22.72
2012-12-24,13.83
2012-12-31,13.36
2013-01-07,12.46
2013-01-14,12.89
2013-01-21,12.9
2013-01-28,13.02
2013-02-04,12.46
2013-02-11,14.17
2013-02-18,15.36
2013-02-25,12.59
2013-03-04,11.3
2013-03-11,13.57
2013-03-18,12.7
2013-03-25,13.92
2013-04-01,12.06
2013-04-08,14.97
2013-04-15,13.61
2013-04-22,12.85
2013-04-29,12.59
2013-05-06,12.45
2013-05-13,13.99
2013-05-20,16.3
2013-05-27,15.14
2013-06-03,17.15
2013-06-10,18.9
2013-06-17,16.86
2013-06-24,14.89
2013-07-01,13.84
2013-07-08,12.54
2013-07-15,12.72
2013-07-22,11.98
2013-07-29,13.41
2013-08-05,14.37
2013-08-12,13.98
2013-08-19,17.01
2013-08-26,15.85
2013-09-02,14.16
2013-09-09,13.12
2013-09-16,15.46
2013-09-23,16.74
2013-09-30,15.72
2013-10-07,13.04
2013-10-14,13.09
2013-10-21,13.28
2013-10-28,12.9
2013-11-04,12.19
2013-11-11,12.26
2013-11-18,13.7
2013-11-25,13.79
2013-12-02,15.76
2013-12-09,13.79
2013-12-16,12.46
2013-12-23,13.76
2013-12-30,12.14
2014-01-06,12.44
2014-01-13,18.14
2014-01-20,18.41
2014-01-27,15.29
2014-02-03,13.57
2014-02-10,14.68
2014-02-17,14.0
2014-02-24,14.11
2014-03-03,17.82
2014-03-10,15.0
2014-03-17,14.41
2014-03-24,13.96
2014-03-31,17.03
2014-04-07,13.36
2014-04-14,14.06
2014-04-21,12.91
2014-04-28,12.92
2014-05-05,12.44
2014-05-12,11.36
2014-05-19,11.4
2014-05-26,10.73
2014-06-02,12.18
2014-06-09,10.85
2014-06-16,11.26
2014-06-23,10.32
2014-06-30,12.08
2014-07-07,12.06
2014-07-14,12.69
2014-07-21,17.03
2014-07-28,15.77
2014-08-04,13.15
2014-08-11,11.47
2014-08-18,11.98
2014-08-25,12.09
2014-09-01,13.31
2014-09-08,12.11
2014-09-15,14.85
2014-09-22,14.55
2014-09-29,21.24
2014-10-06,21.99
2014-10-13,16.11
2014-10-20,14.03
2014-10-27,13.12
2014-11-03,13.31
2014-11-10,12.9
2014-11-17,13.33
2014-11-24,11.82
2014-12-01,21.08
2014-12-08,16.49
2014-12-15,14.5
2014-12-22,17.79
2014-12-29,17.55
2015-01-05,20.95
2015-01-12,16.66
2015-01-19,20.97
2015-01-26,17.29
2015-02-02,14.69
2015-02-09,14.3
2015-02-16,13.34
2015-02-23,15.2
2015-03-02,16.0
2015-03-09,13.02
2015-03-16,15.07
2015-03-23,14.67
2015-03-30,12.58
2015-04-06,13.89
2015-04-13,12.29
2015-04-20,12.7
2015-04-27,12.86
2015-05-04,12.38
2015-05-11,12.13
2015-05-18,13.84
2015-05-25,14.21
2015-06-01,13.78
2015-06-08,13.96
2015-06-15,14.02
2015-06-22,16.79
2015-06-29,16.83
2015-07-06,11.95
2015-07-13,13.74
2015-07-20,12.12
2015-07-27,13.39
2015-08-03,12.83
2015-08-10,28.03
2015-08-17,26.05
2015-08-24,27.8
2015-08-31,23.2
2015-09-07,22.28
2015-09-14,23.62
2015-09-21,20.94
2015-09-28,17.08
2015-10-05,15.05
2015-10-12,14.46
2015-10-19,15.07
2015-10-26,14.33
2015-11-02,20.08
2015-11-09,15.47
2015-11-16,15.12
2015-11-23,14.81
2015-11-30,24.39
2015-12-07,20.7
2015-12-14,15.74
2015-12-21,18.21
2015-12-28,27.01
2016-01-04,27.02
2016-01-11,22.34
2016-01-18,20.2
2016-01-25,23.38
2016-02-01,25.4
2016-02-08,20.53
2016-02-15,19.81
2016-02-22,16.86
2016-02-29,16.5
2016-03-07,14.02
2016-03-14,14.74
2016-03-21,13.1
2016-03-28,15.36
2016-04-04,13.62
2016-04-11,13.22
2016-04-18,15.7
2016-04-25,14.72
2016-05-02,15.04
2016-05-09,15.2
2016-05-16,13.12
2016-05-23,13.47
2016-05-30,17.03
2016-06-06,19.41
2016-06-13,25.76
2016-06-20,14.77
2016-06-27,13.2
2016-07-04,12.67
2016-07-11,12.02
2016-07-18,11.87
2016-07-25,11.39
2016-08-01,11.55
2016-08-08,11.34
2016-08-15,13.65
2016-08-22,11.98
2016-08-29,17.5
2016-09-05,15.37
2016-09-12,12.29
2016-09-19,13.29
2016-09-26,13.48
2016-10-03,16.12
2016-10-10,13.34
2016-10-17,16.19
2016-10-24,22.51
2016-10-31,14.17
2016-11-07,12.85
2016-11-14,12.34
2016-11-21,14.12
2016-11-28,11.75
2016-12-05,12.2
2016-12-12,11.44
2016-12-19,14.04
2016-12-26,11.32
2017-01-02,11.23
2017-01-09,11.54
2017-01-16,10.58
2017-01-23,10.97
2017-01-30,10.85
2017-02-06,11.49
2017-02-13,11.47
2017-02-20,10.96
2017-02-27,11.66
2017-03-06,11.28
2017-03-13,12.96
2017-03-20,12.37
2017-03-27,12.87
2017-04-03,15.96
2017-04-10,14.63
2017-04-17,10.82
2017-04-24,10.57
2017-05-01,10.4
2017-05-08,12.04
2017-05-15,9.81
2017-05-22,9.75
2017-05-29,10.7
2017-06-05,10.38
2017-06-12,10.02
2017-06-19,11.18
2017-06-26,11.19
2017-07-03,9.51
2017-07-10,9.36
2017-07-17,10.29
2017-07-24,10.03
2017-07-31,15.51
2017-08-07,14.26
2017-08-14,11.28
2017-08-21,10.13
2017-08-28,12.12
2017-09-04,10.17
2017-09-11,9.59
2017-09-18,9.51
2017-09-25,9.65
2017-10-02,9.61
2017-10-09,9.97
2017-10-16,9.8
2017-10-23,9.14
2017-10-30,11.29
2017-11-06,11.43
2017-11-13,9.67
2017-11-20,11.43
2017-11-27,9.58
2017-12-04,9.42
2017-12-11,9.9
2017-12-18,11.04
2017-12-25,9.22
2018-01-01,10.16
2018-01-08,11.27
2018-01-15,11.08
2018-01-22,17.31
2018-01-29,29.06
2018-02-05,19.46
2018-02-12,16.49
2018-02-19,19.59
2018-02-26,14.64
2018-03-05,15.8
2018-03-12,24.87
2018-03-19,19.97
2018-03-26,21.49
2018-04-02,17.41
2018-04-09,16.88
2018-04-16,15.41
2018-04-23,14.77
2018-04-30,12.65
2018-05-07,13.42
2018-05-14,13.22
2018-05-21,13.46
2018-05-28,12.18
2018-06-04,11.98
2018-06-11,13.77
2018-06-18,16.09
2018-06-25,13.37
2018-07-02,12.18
2018-07-09,12.86
2018-07-16,13.03
2018-07-23,11.64
2018-07-30,13.16
2018-08-06,12.64
2018-08-13,11.99
2018-08-20,12.86
2018-08-27,14.88
2018-09-03,12.07
2018-09-10,11.68
2018-09-17,12.12
2018-09-24,14.82
2018-10-01,21.31
2018-10-08,19.89
2018-10-15,24.16
2018-10-22,19.51
2018-10-29,17.36
2018-11-05,18.14
2018-11-12,21.52
2018-11-19,18.07
2018-11-26,23.23
2018-12-03,21.63
2018-12-10,30.11
2018-12-17,28.34
2018-12-24,21.38
2018-12-31,18.19
2019-01-07,17.8
2019-01-14,17.42
2019-01-21,16.14
2019-01-28,15.72
2019-02-04,14.91
2019-02-11,13.51
2019-02-18,13.57
2019-02-25,16.05
2019-03-04,12.88
2019-03-11,16.48
2019-03-18,13.71
2019-03-25,12.82
2019-04-01,12.01
2019-04-08,12.09
2019-04-15,12.73
2019-04-22,12.87
2019-04-29,16.04
2019-05-06,15.96
2019-05-13,15.85
2019-05-20,18.71
2019-05-27,16.3
2019-06-03,15.28
2019-06-10,15.4
2019-06-17,15.08
2019-06-24,13.28
2019-07-01,12.39
2019-07-08,14.45
2019-07-15,12.16
2019-07-22,17.61
2019-07-29,17.97
2019-08-05,18.47
2019-08-12,19.87
2019-08-19,18.98
2019-08-26,15.0
2019-09-02,13.74
2019-09-09,15.32
2019-09-16,17.22
2019-09-23,17.04
2019-09-30,15.58
2019-10-07,14.25
2019-10-14,12.65
2019-10-21,12.3
2019-10-28,12.07
2019-11-04,12.05
2019-11-11,12.34
2019-11-18,12.62
2019-11-25,13.62
2019-12-02,12.63
2019-12-09,12.51
2019-12-16,13.43
2019-12-23,14.02
2019-12-30,12.56
2020-01-06,12.1
2020-01-13,14.56
2020-01-20,18.84
2020-01-27,15.47
2020-02-03,13.68
2020-02-10,17.08
2020-02-17,40.11
2020-02-24,41.94
2020-03-02,57.83
2020-03-09,66.04
2020-03-16,65.54
2020-03-23,46.8
2020-03-30,41.67
2020-04-06,38.15
2020-04-13,35.93
2020-04-20,37.19
2020-04-27,27.98
2020-05-04,31.89
2020-05-11,28.16
2020-05-18,27.51
2020-05-25,24.52
2020-06-01,36.09
2020-06-08,35.12
2020-06-15,34.73
2020-06-22,27.68
2020-06-29,27.29
2020-07-06,25.68
2020-07-13,25.84
2020-07-20,24.46
2020-07-27,22.21
2020-08-03,22.05
2020-08-10,22.54
2020-08-17,22.96
2020-08-24,30.75
2020-08-31,26.87
2020-09-07,25.83
2020-09-14,26.38
2020-09-21,27.63
2020-09-28,25.0
2020-10-05,27.41
2020-10-12,27.55
2020-10-19,38.02
2020-10-26,24.86
2020-11-02,23.1
2020-11-09,23.7
2020-11-16,20.84
2020-11-23,20.79
2020-11-30,23.31
2020-12-07,21.57
2020-12-14,21.53
2020-12-21,22.75
2020-12-28,21.56
2021-01-04,24.34
2021-01-11,21.91
2021-01-18,33.09
2021-01-25,20.87
2021-02-01,19.97
2021-02-08,22.05
2021-02-15,27.95
2021-02-22,24.66
2021-03-01,20.69
2021-03-08,20.95
2021-03-15,18.86
2021-03-22,17.33
2021-03-29,16.69
2021-04-05,16.25
2021-04-12,17.33
2021-04-19,18.61
2021-04-26,16.69
2021-05-03,18.81
2021-05-10,20.15
2021-05-17,16.76
2021-05-24,16.42
2021-05-31,15.65
2021-06-07,20.7
2021-06-14,15.62
2021-06-21,15.07
2021-06-28,16.18
2021-07-05,18.45
2021-07-12,17.2
2021-07-19,18.24
2021-07-26,16.15
2021-08-02,15.45
2021-08-09,18.56
2021-08-16,16.39
2021-08-23,16.41
2021-08-30,20.95
2021-09-06,20.81
2021-09-13,17.75
2021-09-20,21.15
2021-09-27,18.77
2021-10-04,16.3
2021-10-11,15.43
2021-10-18,16.26
2021-10-25,16.48
2021-11-01,16.29
2021-11-08,17.91
2021-11-15,28.62
2021-11-22,30.67
2021-11-29,18.69
2021-12-06,21.57
2021-12-13,17.96
2021-12-20,17.22
2021-12-27,18.76
2022-01-03,19.19
2022-01-10,28.85
2022-01-17,27.66
2022-01-24,23.22
2022-01-31,27.36
2022-02-07,27.75
2022-02-14,27.59
2022-02-21,31.98
2022-02-28,30.75
2022-03-07,23.87
2022-03-14,20.81
2022-03-21,19.63
2022-03-28,21.16
2022-04-04,22.7
2022-04-11,28.21
2022-04-18,33.4
2022-04-25,30.19
2022-05-02,28.87
2022-05-09,29.43
2022-05-16,25.72
2022-05-23,24.79
2022-05-30,27.75
2022-06-06,31.13
2022-06-13,27.23
2022-06-20,26.7
2022-06-27,24.64
2022-07-04,24.23
2022-07-11,23.03
2022-07-18,21.33
2022-07-25,21.15
2022-08-01,19.53
2022-08-08,20.6
2022-08-15,25.56
2022-08-22,25.47
2022-08-29,22.79
2022-09-05,26.3
2022-09-12,29.92
2022-09-19,31.62
2022-09-26,31.36
2022-10-03,32.02
2022-10-10,29.69
2022-10-17,25.75
2022-10-24,24.55
2022-10-31,22.52
2022-11-07,23.12
2022-11-14,20.5
2022-11-21,19.06
2022-11-28,22.83
2022-12-05,22.62
2022-12-12,20.87
2022-12-19,21.67
2022-12-26,21.13
2023-01-02,18.35
2023-01-09,19.85
2023-01-16,18.51
2023-01-23,18.33
2023-01-30,20.53
2023-02-06,20.02
2023-02-13,21.67
2023-02-20,18.49
2023-02-27,24.8
2023-03-06,25.51
2023-03-13,21.74
2023-03-20,18.7
2023-03-27,18.4
2023-04-03,17.07
2023-04-10,16.77
2023-04-17,15.78
2023-04-24,17.19
2023-05-01,17.03
2023-05-08,16.81
2023-05-15,17.95
2023-05-22,14.6
2023-05-29,13.83
2023-06-05,13.54
2023-06-12,13.44
2023-06-19,13.59
2023-06-26,14.83
2023-07-03,13.34
2023-07-10,13.6
2023-07-17,13.33
2023-07-24,17.1
2023-07-31,14.84
2023-08-07,17.3
2023-08-14,15.68
2023-08-21,13.09
2023-08-28,13.84
2023-09-04,13.79
2023-09-11,17.2
2023-09-18,17.52
2023-09-25,17.45
2023-10-02,19.32
2023-10-09,21.71
2023-10-16,21.27
2023-10-23,14.91
2023-10-30,14.17
2023-11-06,13.8
2023-11-13,12.46
2023-11-20,12.63
2023-11-27,12.35
2023-12-04,12.28
2023-12-11,13.03
2023-12-18,12.45
2023-12-25,13.35
2024-01-01,12.7
2024-01-08,13.3
2024-01-15,13.26
2024-01-22,13.85
2024-01-29,12.93
2024-02-05,14.24
2024-02-12,13.75
2024-02-19,13.11
2024-02-26,14.74
2024-03-04,14.41
2024-03-11,13.06
2024-03-18,13.01
2024-03-25,16.03
2024-04-01,17.31
2024-04-08,18.71
2024-04-15,15.03
2024-04-22,13.49
2024-04-29,12.55
2024-05-06,11.99
2024-05-13,11.93
2024-05-20,12.92
2024-05-27,12.22
2024-06-03,12.66
2024-06-10,13.2
2024-06-17,12.44
2024-06-24,12.48
2024-07-01,12.46
2024-07-08,16.52
2024-07-15,16.39
2024-07-22,23.39
2024-07-29,20.37
2024-08-05,14.8
2024-08-12,15.86
2024-08-19,15.0
2024-08-26,22.38
2024-09-02,16.56
2024-09-09,16.15
2024-09-16,16.96
2024-09-23,19.21
2024-09-30,20.46
2024-10-07,18.03
2024-10-14,20.33
2024-10-21,21.88
2024-10-28,14.94
2024-11-04,16.14
2024-11-11,15.24
2024-11-18,13.51
2024-11-25,12.77
2024-12-02,13.81
2024-12-09,18.36
2024-12-16,15.95
2024-12-23,16.13
2024-12-30,19.54
2025-01-06,15.97
2025-01-13,14.85
2025-01-20,16.43
2025-01-27,16.54
2025-02-03,14.77
2025-02-10,18.21
2025-02-17,19.63
2025-02-24,23.37
2025-03-03,21.77
2025-03-10,19.28
2025-03-17,21.65
2025-03-24,45.31
2025-03-31,37.56
2025-04-07,29.65
2025-04-14,24.84
2025-04-21,22.68
2025-04-28,21.9
2025-05-05,17.24
2025-05-12,22.29
2025-05-19,18.57
2025-05-26,16.77
2025-06-02,20.82
2025-06-09,20.62
2025-06-16,16.32
2025-06-23,17.48
2025-06-30,16.4
2025-07-07,16.41
2025-07-14,14.93
2025-07-21,20.38
2025-07-28,15.15
2025-08-04,15.09
2025-08-11,14.22
2025-08-18,15.36
2025-08-25,15.18
2025-09-01,14.76
2025-09-08,15.45
2025-09-15,15.29
2025-09-22,16.65
2025-09-29,21.66
2025-10-06,20.78
2025-10-13,16.37
2025-10-20,17.44
2025-10-27,19.08
2025-11-03,19.83
2025-11-10,23.43
2025-11-17,16.35
2025-11-24,15.41
2025-12-01,15.74
2025-12-08,14.91
2025-12-15,13.6
2025-12-22,14.51
2025-12-29,14.49
2026-01-05,15.86
2026-01-12,16.09
2026-01-19,17.44
2026-01-26,17.76
2026-02-02,20.6
2026-02-09,19.09
2026-02-16,19.86
2026-02-23,29.49
2026-03-02,27.19
2026-03-09,26.78
2026-03-16,31.05
2026-03-23,23.87
2026-03-30,19.23
2026-04-06,17.48
2026-04-13,18.71
2026-04-20,16.99
2026-04-27,17.19
2026-05-04,18.43
2026-05-11,16.7
2026-05-18,15.32
2026-05-25,21.51
2026-06-01,17.68
2026-06-08,16.78
2026-06-15,18.41
2026-06-22,15.81
2026-06-29,15.03
2026-07-06,18.77
2026-07-13,18.58
2026-07-20,15.99
2026-07-27,14.9
2026-08-03,14.25
2026-08-10,15.13
2026-08-17,14.43
2026-08-24,14.53
2026-08-31,15.84
2026-09-07,14.81
2026-09-14,14.81
2026-09-21,14.21
