date,vn30
2020-01-20,848.63
2020-01-27,863.49
2020-02-03,865.86
2020-02-10,868.89
2020-02-17,831.97
2020-02-24,835.97
2020-03-02,716.65
2020-03-09,673.7
2020-03-16,642.23
2020-03-23,649.15
2020-03-30,695.74
2020-04-06,734.98
2020-04-13,725.05
2020-04-20,715.33
2020-04-27,760.15
2020-05-04,773.95
2020-05-11,803.14
2020-05-18,806.23
2020-05-25,826.47
2020-06-01,807.76
2020-06-08,808.28
2020-06-15,795.53
2020-06-22,789.87
2020-06-29,809.02
2020-07-06,814.16
2020-07-13,772.29
2020-07-20,740.73
2020-07-27,782.15
2020-08-03,791.98
2020-08-10,793.6
2020-08-17,821.93
2020-08-24,840.54
2020-08-31,825.56
2020-09-07,841.26
2020-09-14,854.71
2020-09-21,861.51
2020-09-28,874.53
2020-10-05,901.59
2020-10-12,930.3
2020-10-19,892.55
2020-10-26,902.91
2020-11-02,931.2
2020-11-09,950.89
2020-11-16,971.11
2020-11-23,984.34
2020-11-30,1008.65
2020-12-07,1036.65
2020-12-14,1052.13
2020-12-21,1070.77
2020-12-28,1147.86
2021-01-04,1182.2
2021-01-11,1156.58
2021-01-18,1048.31
2021-01-25,1135.5
2021-02-01,1129.49
2021-02-08,1180.59
2021-02-15,1173.6
2021-02-22,1173.83
2021-03-01,1187.81
2021-03-08,1203.36
2021-03-15,1167.19
2021-03-22,1238.03
2021-03-29,1253.26
2021-04-05,1276.87
2021-04-12,1301.39
2021-04-19,1312.28
2021-04-26,1340.73
2021-05-03,1380.02
2021-05-10,1425.04
2021-05-17,1458.78
2021-05-24,1508.35
2021-05-31,1487.61
2021-06-07,1481.3
2021-06-14,1500.3
2021-06-21,1554.59
2021-06-28,1494.43
2021-07-05,1438.05
2021-07-12,1401.53
2021-07-19,1447.23
2021-07-26,1476.79
2021-08-02,1484.25
2021-08-09,1450.45
2021-08-16,1418.57
2021-08-23,1426.94
2021-08-30,1448.33
2021-09-06,1455.59
2021-09-13,1459.94
2021-09-20,1441.83
2021-09-27,1476.54
2021-10-04,1504.84
2021-10-11,1488.71
2021-10-18,1532.35
2021-10-25,1531.76
2021-11-01,1527.94
2021-11-08,1500.05
2021-11-15,1566.55
2021-11-22,1503.98
2021-11-29,1519.46
2021-12-06,1513.56
2021-12-13,1506.67
2021-12-20,1535.71
2021-12-27,1532.24
2022-01-03,1523.57
2022-01-10,1502.16
2022-01-17,1532.24
2022-01-24,1532.24
2022-01-31,1545.92
2022-02-07,1531.47
2022-02-14,1526.5
2022-02-21,1525.34
2022-02-28,1477.14
2022-03-07,1476.94
2022-03-14,1498.36
2022-03-21,1542.47
2022-03-28,1524.31
2022-04-04,1493.74
2022-04-11,1444.32
2022-04-18,1417.31
2022-04-25,1373.21
2022-05-02,1223.76
2022-05-09,1282.51
2022-05-16,1335.68
2022-05-23,1327.4
2022-05-30,1325.69
2022-06-06,1258.03
2022-06-13,1235.47
2022-06-20,1252.24
2022-06-27,1231.54
2022-07-04,1220.14
2022-07-11,1228.84
2022-07-18,1232
2022-07-25,1272.06
2022-08-01,1280.96
2022-08-08,1294.93
2022-08-15,1306.81
2022-08-22,1301.44
2022-08-29,1275.64
2022-09-05,1252.78
2022-09-12,1215.41
2022-09-19,1152.01
2022-09-26,1039.54
2022-10-03,1061.39
2022-10-10,1010.57
2022-10-17,1029.49
2022-10-24,997.92
2022-10-31,948.86
2022-11-07,971.2
2022-11-14,967.49
2022-11-21,1092.99
2022-11-28,1065.08
2022-12-05,1064.07
2022-12-12,1034.13
2022-12-19,1005.19
2022-12-26,1057.4
2023-01-02,1069.86
2023-01-09,1121.92
2023-01-16,1130.65
2023-01-23,1085.7
2023-01-30,1048.74
2023-02-06,1053.72
2023-02-13,1030.42
2023-02-20,1013.35
2023-02-27,1047.2
2023-03-06,1047.71
2023-03-13,1051.42
2023-03-20,1073.68
2023-03-27,1078.88
2023-04-03,1063.43
2023-04-10,1046.18
2023-04-17,1051.43
2023-04-24,1038.46
2023-05-01,1066.44
2023-05-08,1068.84
2023-05-15,1060.81
2023-05-22,1086.96
2023-05-29,1100.85
2023-06-05,1109.06
2023-06-12,1126.76
2023-06-19,1123.13
2023-06-26,1129.43
2023-07-03,1160.59
2023-07-10,1186.6
2023-07-17,1212.45
2023-07-24,1231.42
2023-07-31,1240.77
2023-08-07,1190.1
2023-08-14,1193.93
2023-08-21,1234.53
2023-08-28,1249.14
2023-09-04,1238.81
2023-09-11,1197.69
2023-09-18,1166.26
2023-09-25,1139.78
2023-10-02,1166.66
2023-10-09,1123.69
2023-10-16,1067.57
2023-10-23,1086.19
2023-10-30,1109.05
2023-11-06,1103.53
2023-11-13,1087.34
2023-11-20,1090.39
2023-11-27,1114.89
2023-12-04,1097.4
2023-12-11,1097.45
2023-12-18,1131.46
2023-12-25,1161.14
2024-01-01,1163.66
2024-01-08,1185.23
2024-01-15,1182.82
2024-01-22,1174.76
2024-01-29,1212.7
2024-02-05,1224.54
2024-02-12,1223.09
2024-02-19,1267.07
2024-02-26,1250.2
2024-03-04,1256.42
2024-03-11,1284.14
2024-03-18,1296.9
2024-03-25,1257.78
2024-04-01,1284.74
2024-04-08,1194.03
2024-04-15,1240.5
2024-04-22,1255.62
2024-04-29,1277.47
2024-05-06,1310.15
2024-05-13,1283.46
2024-05-20,1275.97
2024-05-27,1308.03
2024-06-03,1316.46
2024-06-10,1319.93
2024-06-17,1278.32
2024-06-24,1316.18
2024-07-01,1301.81
2024-07-08,1302.32
2024-07-15,1281.84
2024-07-22,1281.01
2024-07-29,1264.84
2024-08-05,1291.68
2024-08-12,1321.15
2024-08-19,1331.52
2024-08-26,1315.39
2024-09-02,1294.3
2024-09-09,1326
2024-09-16,1352.57
2024-09-23,1336.21
2024-09-30,1362.5
2024-10-07,1362.69
2024-10-14,1325.54
2024-10-21,1325.62
2024-10-28,1317.34
2024-11-04,1271.22
2024-11-11,1286.07
2024-11-18,1311.26
2024-11-25,1337.28
2024-12-02,1331.58
2024-12-09,1317.77
2024-12-16,1346.84
2024-12-23,1320.58
2024-12-30,1293.23
2025-01-06,1313.48
2025-01-13,1337.59
2025-01-20,1337.59
2025-01-27,1340.8
2025-02-03,1340.52
2025-02-10,1353.73
2025-02-17,1356.43
2025-02-24,1389.77
2025-03-03,1387.03
2025-03-10,1378.27
2025-03-17,1373.93
2025-03-24,1280.52
2025-03-31,1309.94
2025-04-07,1306.24
2025-04-14,1317.18
2025-04-21,1309.73
2025-04-28,1352.25
2025-05-05,1384.44
2025-05-12,1409.4
2025-05-19,1423.68
2025-05-26,1418.97
2025-06-02,1401.2
2025-06-09,1435.19
2025-06-16,1475.89
2025-06-23,1488.77
2025-06-30,1594.01
2025-07-07,1643.91
2025-07-14,1669.33
2025-07-21,1614.11
2025-07-28,1729.08
2025-08-04,1783.25
2025-08-11,1814.02
2025-08-18,1865.38
2025-08-25,1845.48
2025-09-01,1865.45
2025-09-08,1859.53
2025-09-15,1852.65
2025-09-22,1859.51
2025-09-29,1980.57
2025-10-06,1977.14
2025-10-13,1944.6
2025-10-20,1885.36
2025-10-27,1824.71
2025-11-03,1871.54
2025-11-10,1899.89
2025-11-17,1923.92
2025-11-24,1975.5
2025-12-01,1867.03
2025-12-08,1933.28
2025-12-15,1965.97
2025-12-22,2030.63
2025-12-29,2066.21
2026-01-05,2080.35
2026-01-12,2077.76
2026-01-19,2029.81
2026-01-26,1943.6
2026-02-02,2018.64
2026-02-09,2018.64
2026-02-16,2061.75
2026-02-23,1904.19
2026-03-02,1853.6
2026-03-09,1797.99
2026-03-16,1821.53
2026-03-23,1837.43
2026-03-30,1928.23
2026-04-06,1988.11
2026-04-13,2011.42
2026-04-20,2022.75
2026-04-27,2074.06
2026-05-04,2050.58
2026-05-11,2010.93
2026-05-18,1997.06
2026-05-25,1986.28
2026-06-01,1944.36
2026-06-08,1963.57
2026-06-15,2008.57
2026-06-22,2002.56
2026-06-29,1970.82
2026-07-06,1931.65
2026-07-13,1829.36
2026-07-20,1872.07
2026-07-27,1911.09
2026-08-03,1876.81
2026-08-10,1927.79
2026-08-17,1982.96
2026-08-24,1984.89
2026-08-31,1936.69
2026-09-07,1936.69
2026-09-14,1964.17
2026-09-21,1954.91
