date,dxy
2000-01-17,104.48
2000-01-24,104.29
2000-01-31,104.19
2000-02-07,104.63
2000-02-14,105.26
2000-02-21,106.0
2000-02-28,105.71
2000-03-06,105.2
2000-03-13,104.77
2000-03-20,105.44
2000-03-27,105.97
2000-04-03,105.75
2000-04-10,107.45
2000-04-17,110.14
2000-04-24,111.31
2000-05-01,109.9
2000-05-08,111.47
2000-05-15,109.12
2000-05-22,108.12
2000-05-29,106.99
2000-06-05,105.96
2000-06-12,108.01
2000-06-19,106.84
2000-06-26,107.65
2000-07-03,108.45
2000-07-10,108.42
2000-07-17,109.74
2000-07-24,110.85
2000-07-31,111.21
2000-08-07,111.01
2000-08-14,111.35
2000-08-21,111.42
2000-08-28,114.34
2000-09-04,115.94
2000-09-11,113.56
2000-09-18,113.25
2000-09-25,114.85
2000-10-02,115.86
2000-10-09,117.16
2000-10-16,117.39
2000-10-23,114.97
2000-10-30,115.79
2000-11-06,117.31
2000-11-13,118.48
2000-11-20,114.73
2000-11-27,114.05
2000-12-04,112.9
2000-12-11,110.82
2000-12-18,109.56
2000-12-25,108.42
2001-01-01,109.36
2001-01-08,110.66
2001-01-15,111.46
2001-01-22,110.32
2001-01-29,111.52
2001-02-05,112.26
2001-02-12,112.03
2001-02-19,111.17
2001-02-26,111.44
2001-03-05,115.32
2001-03-12,115.94
2001-03-19,117.37
2001-03-26,114.75
2001-04-02,115.54
2001-04-09,114.32
2001-04-16,115.62
2001-04-23,114.93
2001-04-30,116.84
2001-05-07,116.41
2001-05-14,118.18
2001-05-21,118.89
2001-05-28,119.21
2001-06-04,118.29
2001-06-11,118.91
2001-06-18,119.43
2001-06-25,119.9
2001-07-02,119.33
2001-07-09,117.21
2001-07-16,116.94
2001-07-23,116.14
2001-07-30,115.29
2001-08-06,112.99
2001-08-13,113.33
2001-08-20,113.42
2001-08-27,114.05
2001-09-03,114.57
2001-09-10,113.04
2001-09-17,113.48
2001-09-24,112.91
2001-10-01,113.89
2001-10-08,114.86
2001-10-15,115.65
2001-10-22,114.54
2001-10-29,115.09
2001-11-05,116.41
2001-11-12,117.33
2001-11-19,116.13
2001-11-26,116.15
2001-12-03,114.93
2001-12-10,116.98
2001-12-17,117.26
2001-12-24,116.33
2001-12-31,116.64
2002-01-07,117.51
2002-01-14,119.85
2002-01-21,119.79
2002-01-28,118.98
2002-02-04,118.6
2002-02-11,118.48
2002-02-18,119.4
2002-02-25,117.99
2002-03-04,117.22
2002-03-11,118.05
2002-03-18,118.62
2002-03-25,117.69
2002-04-01,117.74
2002-04-08,116.29
2002-04-15,115.04
2002-04-22,113.59
2002-04-29,113.95
2002-05-06,113.0
2002-05-13,112.8
2002-05-20,111.81
2002-05-27,110.99
2002-06-03,110.76
2002-06-10,108.19
2002-06-17,106.11
2002-06-24,107.67
2002-07-01,105.89
2002-07-08,104.06
2002-07-15,106.61
2002-07-22,106.67
2002-07-29,108.21
2002-08-05,106.72
2002-08-12,107.97
2002-08-19,106.98
2002-08-26,106.84
2002-09-02,108.06
2002-09-09,107.53
2002-09-16,107.53
2002-09-23,107.6
2002-09-30,107.25
2002-10-07,108.52
2002-10-14,107.92
2002-10-21,106.08
2002-10-28,104.5
2002-11-04,105.04
2002-11-11,106.12
2002-11-18,106.41
2002-11-25,105.36
2002-12-02,103.98
2002-12-09,103.46
2002-12-16,102.41
2002-12-23,102.47
2002-12-30,101.23
2003-01-06,100.55
2003-01-13,99.22
2003-01-20,99.91
2003-01-27,99.57
2003-02-03,100.04
2003-02-10,100.09
2003-02-17,99.71
2003-02-24,98.04
2003-03-03,99.99
2003-03-10,101.92
2003-03-17,99.96
2003-03-24,100.45
2003-03-31,100.18
2003-04-07,99.3
2003-04-14,98.36
2003-04-21,96.76
2003-04-28,94.98
2003-05-05,94.08
2003-05-12,93.05
2003-05-19,93.27
2003-05-26,93.48
2003-06-02,92.22
2003-06-09,94.04
2003-06-16,95.15
2003-06-23,94.55
2003-06-30,95.8
2003-07-07,96.86
2003-07-14,94.96
2003-07-21,96.66
2003-07-28,96.36
2003-08-04,96.65
2003-08-11,98.83
2003-08-18,98.1
2003-08-25,97.09
2003-09-01,96.01
2003-09-08,94.96
2003-09-15,93.87
2003-09-22,93.23
2003-09-29,91.52
2003-10-06,92.29
2003-10-13,91.28
2003-10-20,92.73
2003-10-27,93.02
2003-11-03,91.44
2003-11-10,90.6
2003-11-17,90.21
2003-11-24,89.14
2003-12-01,88.49
2003-12-08,88.11
2003-12-15,87.63
2003-12-22,86.92
2003-12-29,85.11
2004-01-05,87.73
2004-01-12,86.56
2004-01-19,87.2
2004-01-26,86.02
2004-02-02,85.56
2004-02-09,87.24
2004-02-16,87.31
2004-02-23,88.18
2004-03-01,89.12
2004-03-08,88.16
2004-03-15,88.89
2004-03-22,88.51
2004-03-29,89.02
2004-04-05,89.94
2004-04-12,91.08
2004-04-19,90.48
2004-04-26,91.13
2004-05-03,91.66
2004-05-10,90.49
2004-05-17,88.95
2004-05-24,88.54
2004-05-31,90.01
2004-06-07,89.08
2004-06-14,88.88
2004-06-21,87.97
2004-06-28,87.42
2004-07-05,87.14
2004-07-12,89.26
2004-07-19,89.96
2004-07-26,88.36
2004-08-02,87.9
2004-08-09,88.12
2004-08-16,89.77
2004-08-23,89.63
2004-08-30,88.39
2004-09-06,88.91
2004-09-13,88.4
2004-09-20,87.63
2004-09-27,87.45
2004-10-04,87.09
2004-10-11,85.87
2004-10-18,84.91
2004-10-25,84.01
2004-11-01,83.69
2004-11-08,83.31
2004-11-15,81.78
2004-11-22,80.98
2004-11-29,82.55
2004-12-06,82.16
2004-12-13,81.22
2004-12-20,80.85
2004-12-27,83.61
2005-01-03,83.06
2005-01-10,83.26
2005-01-17,83.48
2005-01-24,84.39
2005-01-31,84.57
2005-02-07,83.49
2005-02-14,82.66
2005-02-21,82.54
2005-02-28,81.42
2005-03-07,82.13
2005-03-14,84.13
2005-03-21,84.43
2005-03-28,84.47
2005-04-04,84.56
2005-04-11,83.5
2005-04-18,84.43
2005-04-25,84.61
2005-05-02,86.1
2005-05-09,86.63
2005-05-16,86.42
2005-05-23,88.04
2005-05-30,88.69
2005-06-06,87.73
2005-06-13,88.78
2005-06-20,90.13
2005-06-27,90.25
2005-07-04,89.72
2005-07-11,89.64
2005-07-18,89.35
2005-07-25,88.06
2005-08-01,86.98
2005-08-08,88.58
2005-08-15,87.86
2005-08-22,86.3
2005-08-29,86.89
2005-09-05,88.05
2005-09-12,89.21
2005-09-19,89.52
2005-09-26,89.17
2005-10-03,89.35
2005-10-10,90.31
2005-10-17,89.59
2005-10-24,91.26
2005-10-31,91.98
2005-11-07,91.93
2005-11-14,92.04
2005-11-21,91.95
2005-11-28,91.25
2005-12-05,89.7
2005-12-12,90.84
2005-12-19,91.17
2005-12-26,88.85
2006-01-02,88.89
2006-01-09,88.95
2006-01-16,89.32
2006-01-23,89.89
2006-01-30,90.55
2006-02-06,90.64
2006-02-13,90.61
2006-02-20,89.66
2006-02-27,90.85
2006-03-06,88.92
2006-03-13,90.07
2006-03-20,89.73
2006-03-27,89.63
2006-04-03,89.62
2006-04-10,88.05
2006-04-17,86.11
2006-04-24,85.12
2006-05-01,83.96
2006-05-08,84.88
2006-05-15,85.26
2006-05-22,84.05
2006-05-29,85.72
2006-06-05,85.92
2006-06-12,86.82
2006-06-19,85.22
2006-06-26,84.98
2006-07-03,86.09
2006-07-10,85.93
2006-07-17,85.44
2006-07-24,84.57
2006-07-31,85.52
2006-08-07,85.09
2006-08-14,85.38
2006-08-21,84.94
2006-08-28,85.95
2006-09-04,85.99
2006-09-11,85.2
2006-09-18,85.97
2006-09-25,86.44
2006-10-02,87.12
2006-10-09,86.27
2006-10-16,85.56
2006-10-23,85.71
2006-10-30,85.05
2006-11-06,85.37
2006-11-13,83.71
2006-11-20,82.48
2006-11-27,83.33
2006-12-04,84.06
2006-12-11,83.94
2006-12-18,83.72
2006-12-25,84.63
2007-01-01,85.03
2007-01-08,84.86
2007-01-15,85.28
2007-01-22,84.96
2007-01-29,84.87
2007-02-05,84.09
2007-02-12,84.07
2007-02-19,83.74
2007-02-26,84.24
2007-03-05,83.23
2007-03-12,83.28
2007-03-19,82.93
2007-03-26,82.99
2007-04-02,82.13
2007-04-09,81.64
2007-04-16,81.53
2007-04-23,81.74
2007-04-30,82.12
2007-05-07,82.2
2007-05-14,82.33
2007-05-21,82.32
2007-05-28,82.69
2007-06-04,82.85
2007-06-11,82.34
2007-06-18,81.92
2007-06-25,81.47
2007-07-02,80.58
2007-07-09,80.29
2007-07-16,80.95
2007-07-23,80.18
2007-07-30,80.68
2007-08-06,81.43
2007-08-13,80.67
2007-08-20,80.79
2007-08-27,79.96
2007-09-03,79.62
2007-09-10,78.6
2007-09-17,77.72
2007-09-24,78.31
2007-10-01,78.22
2007-10-08,77.41
2007-10-15,77.03
2007-10-22,76.34
2007-10-29,75.4
2007-11-05,75.83
2007-11-12,75.05
2007-11-19,76.15
2007-11-26,76.29
2007-12-03,77.44
2007-12-10,77.72
2007-12-17,76.22
2007-12-24,75.79
2007-12-31,75.98
2008-01-07,76.38
2008-01-14,75.97
2008-01-21,75.44
2008-01-28,76.67
2008-02-04,76.1
2008-02-11,75.52
2008-02-18,73.71
2008-02-25,73.03
2008-03-03,71.66
2008-03-10,72.75
2008-03-17,71.68
2008-03-24,72.02
2008-03-31,71.81
2008-04-07,72.01
2008-04-14,72.79
2008-04-21,73.5
2008-04-28,73.05
2008-05-05,72.84
2008-05-12,71.89
2008-05-19,72.88
2008-05-26,72.39
2008-06-02,74.15
2008-06-09,73.03
2008-06-16,72.36
2008-06-23,72.73
2008-06-30,72.1
2008-07-07,72.19
2008-07-14,72.86
2008-07-21,73.42
2008-07-28,75.84
2008-08-04,77.18
2008-08-11,76.81
2008-08-18,77.38
2008-08-25,78.93
2008-09-01,78.97
2008-09-08,77.68
2008-09-15,76.95
2008-09-22,80.31
2008-09-29,83.0
2008-10-06,82.41
2008-10-13,86.44
2008-10-20,85.63
2008-10-27,85.91
2008-11-03,86.36
2008-11-10,88.19
2008-11-17,86.52
2008-11-24,87.12
2008-12-01,83.71
2008-12-08,81.07
2008-12-15,80.97
2008-12-22,81.5
2008-12-29,82.48
2009-01-05,84.05
2009-01-12,85.58
2009-01-19,85.83
2009-01-26,85.29
2009-02-02,86.09
2009-02-09,86.59
2009-02-16,88.17
2009-02-23,88.55
2009-03-02,87.25
2009-03-09,83.71
2009-03-16,85.14
2009-03-23,84.18
2009-03-30,85.54
2009-04-06,85.9
2009-04-13,84.72
2009-04-20,84.54
2009-04-27,82.44
2009-05-04,82.95
2009-05-11,80.04
2009-05-18,79.23
2009-05-25,80.67
2009-06-01,80.13
2009-06-08,80.33
2009-06-15,79.9
2009-06-22,80.45
2009-06-29,80.23
2009-07-06,79.35
2009-07-13,78.75
2009-07-20,78.35
2009-07-27,78.97
2009-08-03,78.89
2009-08-10,78.04
2009-08-17,78.37
2009-08-24,78.14
2009-08-31,76.61
2009-09-07,76.42
2009-09-14,76.81
2009-09-21,77.0
2009-09-28,76.43
2009-10-05,75.6
2009-10-12,75.47
2009-10-19,76.3
2009-10-26,75.82
2009-11-02,75.33
2009-11-09,75.66
2009-11-16,75.0
2009-11-23,75.91
2009-11-30,76.57
2009-12-07,77.82
2009-12-14,77.64
2009-12-21,77.86
2009-12-28,77.47
2010-01-04,77.32
2010-01-11,78.28
2010-01-18,79.46
2010-01-25,80.44
2010-02-01,80.32
2010-02-08,80.64
2010-02-15,80.36
2010-02-22,80.43
2010-03-01,79.83
2010-03-08,80.72
2010-03-15,81.68
2010-03-22,81.29
2010-03-29,81.09
2010-04-05,80.82
2010-04-12,81.35
2010-04-19,81.87
2010-04-26,84.45
2010-05-03,86.09
2010-05-10,85.37
2010-05-17,86.48
2010-05-24,88.23
2010-05-31,87.51
2010-06-07,85.7
2010-06-14,85.31
2010-06-21,84.43
2010-06-28,83.95
2010-07-05,82.49
2010-07-12,82.46
2010-07-19,81.54
2010-07-26,80.41
2010-08-02,82.95
2010-08-09,83.06
2010-08-16,82.92
2010-08-23,82.1
2010-08-30,82.7
2010-09-06,81.4
2010-09-13,79.39
2010-09-20,78.09
2010-09-27,77.33
2010-10-04,77.04
2010-10-11,77.47
2010-10-18,77.27
2010-10-25,76.55
2010-11-01,78.08
2010-11-08,78.5
2010-11-15,80.36
2010-11-22,79.38
2010-11-29,80.07
2010-12-06,80.37
2010-12-13,80.5
2010-12-20,79.03
2010-12-27,81.01
2011-01-03,79.16
2011-01-10,78.21
2011-01-17,78.13
2011-01-24,78.04
2011-01-31,78.46
2011-02-07,77.66
2011-02-14,77.28
2011-02-21,76.4
2011-02-28,76.78
2011-03-07,75.72
2011-03-14,76.22
2011-03-21,75.83
2011-03-28,75.07
2011-04-04,74.83
2011-04-11,74.0
2011-04-18,72.93
2011-04-25,74.84
2011-05-02,75.76
2011-05-09,75.44
2011-05-16,74.95
2011-05-23,73.78
2011-05-30,74.8
2011-06-06,74.99
2011-06-13,75.67
2011-06-20,74.35
2011-06-27,75.18
2011-07-04,75.13
2011-07-11,74.2
2011-07-18,73.9
2011-07-25,74.6
2011-08-01,74.61
2011-08-08,74.01
2011-08-15,73.81
2011-08-22,74.76
2011-08-29,77.19
2011-09-05,76.6
2011-09-12,78.5
2011-09-19,78.55
2011-09-26,78.73
2011-10-03,76.62
2011-10-10,76.39
2011-10-17,75.07
2011-10-24,76.96
2011-10-31,76.94
2011-11-07,78.06
2011-11-14,79.69
2011-11-21,78.62
2011-11-28,78.63
2011-12-05,80.26
2011-12-12,79.93
2011-12-19,80.18
2011-12-26,81.25
2012-01-02,81.52
2012-01-09,80.22
2012-01-16,78.9
2012-01-23,78.92
2012-01-30,79.11
2012-02-06,79.33
2012-02-13,78.35
2012-02-20,79.4
2012-02-27,80.04
2012-03-05,79.79
2012-03-12,79.34
2012-03-19,79.0
2012-03-26,79.89
2012-04-02,79.89
2012-04-09,79.19
2012-04-16,78.71
2012-04-23,79.5
2012-04-30,80.26
2012-05-07,81.29
2012-05-14,82.4
2012-05-21,82.89
2012-05-28,82.51
2012-06-04,81.63
2012-06-11,82.26
2012-06-18,81.63
2012-06-25,83.38
2012-07-02,83.35
2012-07-09,83.48
2012-07-16,82.71
2012-07-23,82.38
2012-07-30,82.55
2012-08-06,82.6
2012-08-13,81.59
2012-08-20,81.21
2012-08-27,80.25
2012-09-03,78.85
2012-09-10,79.33
2012-09-17,79.94
2012-09-24,79.34
2012-10-01,79.67
2012-10-08,79.62
2012-10-15,80.07
2012-10-22,80.59
2012-10-29,81.03
2012-11-05,81.26
2012-11-12,80.19
2012-11-19,80.15
2012-11-26,80.41
2012-12-03,79.58
2012-12-10,79.62
2012-12-17,79.68
2012-12-24,80.5
2012-12-31,79.56
2013-01-07,80.04
2013-01-14,79.75
2013-01-21,79.21
2013-01-28,80.21
2013-02-04,80.58
2013-02-11,81.46
2013-02-18,82.28
2013-02-25,82.72
2013-03-04,82.13
2013-03-11,82.53
2013-03-18,83.22
2013-03-25,82.5
2013-04-01,82.13
2013-04-08,82.71
2013-04-15,82.47
2013-04-22,82.1
2013-04-29,83.14
2013-05-06,84.25
2013-05-13,83.7
2013-05-20,83.26
2013-05-27,81.67
2013-06-03,80.62
2013-06-10,82.41
2013-06-17,83.14
2013-06-24,84.44
2013-07-01,82.99
2013-07-08,82.62
2013-07-15,81.66
2013-07-22,81.91
2013-07-29,81.13
2013-08-05,81.26
2013-08-12,81.36
2013-08-19,82.09
2013-08-26,82.15
2013-09-02,81.45
2013-09-09,80.43
2013-09-16,80.29
2013-09-23,80.13
2013-09-30,80.41
2013-10-07,79.65
2013-10-14,79.19
2013-10-21,80.72
2013-10-28,81.3
2013-11-04,80.85
2013-11-11,80.71
2013-11-18,80.68
2013-11-25,80.31
2013-12-02,80.21
2013-12-09,80.58
2013-12-16,80.39
2013-12-23,80.79
2013-12-30,80.66
2014-01-06,81.22
2014-01-13,80.46
2014-01-20,81.31
2014-01-27,80.69
2014-02-03,80.15
2014-02-10,80.24
2014-02-17,79.69
2014-02-24,79.72
2014-03-03,79.45
2014-03-10,80.11
2014-03-17,80.18
2014-03-24,80.42
2014-03-31,79.45
2014-04-07,79.83
2014-04-14,79.75
2014-04-21,79.52
2014-04-28,79.9
2014-05-05,80.04
2014-05-12,80.39
2014-05-19,80.37
2014-05-26,80.41
2014-06-02,80.58
2014-06-09,80.37
2014-06-16,80.02
2014-06-23,80.27
2014-06-30,80.19
2014-07-07,80.52
2014-07-14,81.03
2014-07-21,81.3
2014-07-28,81.45
2014-08-04,81.42
2014-08-11,82.34
2014-08-18,82.75
2014-08-25,83.74
2014-09-01,84.24
2014-09-08,84.73
2014-09-15,85.64
2014-09-22,86.69
2014-09-29,85.91
2014-10-06,85.11
2014-10-13,85.73
2014-10-20,86.92
2014-10-27,87.64
2014-11-03,87.53
2014-11-10,88.31
2014-11-17,88.36
2014-11-24,89.33
2014-12-01,88.36
2014-12-08,89.6
2014-12-15,90.03
2014-12-22,91.08
2014-12-29,91.94
2015-01-05,92.52
2015-01-12,94.76
2015-01-19,94.8
2015-01-26,95.85
2015-02-02,94.2
2015-02-09,94.34
2015-02-16,95.32
2015-02-23,97.61
2015-03-02,100.33
2015-03-09,97.91
2015-03-16,97.29
2015-03-23,96.55
2015-03-30,99.34
2015-04-06,97.52
2015-04-13,96.92
2015-04-20,95.3
2015-04-27,94.79
2015-05-04,93.14
2015-05-11,96.11
2015-05-18,96.91
2015-05-25,96.31
2015-06-01,94.97
2015-06-08,94.08
2015-06-15,95.47
2015-06-22,96.11
2015-06-29,96.03
2015-07-06,97.86
2015-07-13,97.24
2015-07-20,97.34
2015-07-27,97.56
2015-08-03,96.52
2015-08-10,95.01
2015-08-17,96.11
2015-08-24,96.23
2015-08-31,95.19
2015-09-07,94.86
2015-09-14,96.27
2015-09-21,95.83
2015-09-28,94.81
2015-10-05,94.54
2015-10-12,97.13
2015-10-19,96.95
2015-10-26,99.17
2015-11-02,99.0
2015-11-09,99.56
2015-11-16,100.02
2015-11-23,98.35
2015-11-30,97.56
2015-12-07,98.7
2015-12-14,97.98
2015-12-21,98.63
2015-12-28,98.54
2016-01-04,98.96
2016-01-11,99.57
2016-01-18,99.61
2016-01-25,97.03
2016-02-01,95.94
2016-02-08,96.6
2016-02-15,98.15
2016-02-22,97.34
2016-02-29,96.17
2016-03-07,95.09
2016-03-14,96.14
2016-03-21,94.62
2016-03-28,94.23
2016-04-04,94.7
2016-04-11,95.12
2016-04-18,93.08
2016-04-25,93.89
2016-05-02,94.61
2016-05-09,95.33
2016-05-16,95.52
2016-05-23,94.03
2016-05-30,94.57
2016-06-06,94.21
2016-06-13,95.45
2016-06-20,95.65
2016-06-27,96.3
2016-07-04,96.58
2016-07-11,97.47
2016-07-18,95.53
2016-07-25,96.19
2016-08-01,95.72
2016-08-08,94.51
2016-08-15,95.57
2016-08-22,95.84
2016-08-29,95.34
2016-09-05,96.11
2016-09-12,95.48
2016-09-19,95.46
2016-09-26,96.63
2016-10-03,98.02
2016-10-10,98.69
2016-10-17,98.35
2016-10-24,97.06
2016-10-31,99.06
2016-11-07,101.21
2016-11-14,101.49
2016-11-21,100.77
2016-11-28,101.59
2016-12-05,102.95
2016-12-12,103.01
2016-12-19,102.21
2016-12-26,102.22
2017-01-02,101.18
2017-01-09,100.74
2017-01-16,100.53
2017-01-23,99.87
2017-01-30,100.8
2017-02-06,100.95
2017-02-13,101.09
2017-02-20,101.54
2017-02-27,101.25
2017-03-06,100.3
2017-03-13,99.63
2017-03-20,100.35
2017-03-27,101.18
2017-04-03,100.56
2017-04-10,99.98
2017-04-17,99.05
2017-04-24,98.65
2017-05-01,99.25
2017-05-08,97.14
2017-05-15,97.44
2017-05-22,96.72
2017-05-29,97.27
2017-06-05,97.16
2017-06-12,97.26
2017-06-19,95.63
2017-06-26,96.01
2017-07-03,95.15
2017-07-10,93.86
2017-07-17,93.26
2017-07-24,93.54
2017-07-31,93.07
2017-08-07,93.43
2017-08-14,92.74
2017-08-21,92.81
2017-08-28,91.35
2017-09-04,91.87
2017-09-11,92.17
2017-09-18,93.08
2017-09-25,93.8
2017-10-02,93.09
2017-10-09,93.7
2017-10-16,94.92
2017-10-23,94.94
2017-10-30,94.39
2017-11-06,93.66
2017-11-13,92.78
2017-11-20,92.89
2017-11-27,93.9
2017-12-04,93.93
2017-12-11,93.35
2017-12-18,92.12
2017-12-25,91.95
2018-01-01,90.97
2018-01-08,90.57
2018-01-15,89.07
2018-01-22,89.19
2018-01-29,90.44
2018-02-05,89.1
2018-02-12,89.88
2018-02-19,89.94
2018-02-26,90.09
2018-03-05,90.23
2018-03-12,89.48
2018-03-19,89.97
2018-03-26,90.11
2018-04-02,89.8
2018-04-09,90.32
2018-04-16,91.54
2018-04-23,92.57
2018-04-30,92.54
2018-05-07,93.64
2018-05-14,94.19
2018-05-21,94.19
2018-05-28,93.55
2018-06-04,94.79
2018-06-11,94.52
2018-06-18,94.64
2018-06-25,94.04
2018-07-02,94.75
2018-07-09,94.45
2018-07-16,94.67
2018-07-23,95.14
2018-07-30,96.36
2018-08-06,96.1
2018-08-13,95.15
2018-08-20,95.14
2018-08-27,95.36
2018-09-03,94.93
2018-09-10,94.22
2018-09-17,95.13
2018-09-24,95.62
2018-10-01,95.22
2018-10-08,95.71
2018-10-15,96.36
2018-10-22,96.54
2018-10-29,96.91
2018-11-05,96.47
2018-11-12,96.92
2018-11-19,97.27
2018-11-26,96.51
2018-12-03,97.44
2018-12-10,96.96
2018-12-17,96.4
2018-12-24,96.18
2018-12-31,95.67
2019-01-07,96.34
2019-01-14,95.79
2019-01-21,95.58
2019-01-28,96.64
2019-02-04,96.9
2019-02-11,96.51
2019-02-18,96.53
2019-02-25,97.31
2019-03-04,96.59
2019-03-11,96.65
2019-03-18,97.28
2019-03-25,97.39
2019-04-01,96.97
2019-04-08,97.38
2019-04-15,98.01
2019-04-22,97.52
2019-04-29,97.33
2019-05-06,98.0
2019-05-13,97.61
2019-05-20,97.75
2019-05-27,96.54
2019-06-03,97.57
2019-06-10,96.22
2019-06-17,96.13
2019-06-24,97.29
2019-07-01,96.81
2019-07-08,97.15
2019-07-15,98.01
2019-07-22,98.07
2019-07-29,97.49
2019-08-05,98.14
2019-08-12,97.64
2019-08-19,98.92
2019-08-26,98.39
2019-09-02,98.26
2019-09-09,98.51
2019-09-16,99.11
2019-09-23,98.81
2019-09-30,98.3
2019-10-07,97.28
2019-10-14,97.83
2019-10-21,97.24
2019-10-28,98.35
2019-11-04,98.0
2019-11-11,98.27
2019-11-18,98.27
2019-11-25,97.7
2019-12-02,97.17
2019-12-09,97.69
2019-12-16,96.92
2019-12-23,96.84
2019-12-30,97.36
2020-01-06,97.64
2020-01-13,97.85
2020-01-20,97.39
2020-01-27,98.68
2020-02-03,99.12
2020-02-10,99.26
2020-02-17,98.13
2020-02-24,95.95
2020-03-02,98.75
2020-03-09,102.82
2020-03-16,98.36
2020-03-23,100.58
2020-03-30,99.52
2020-04-06,99.78
2020-04-13,100.38
2020-04-20,99.08
2020-04-27,99.73
2020-05-04,100.4
2020-05-11,99.86
2020-05-18,98.34
2020-05-25,96.94
2020-06-01,97.32
2020-06-08,97.62
2020-06-15,97.43
2020-06-22,97.17
2020-06-29,96.65
2020-07-06,95.94
2020-07-13,94.44
2020-07-20,93.35
2020-07-27,93.44
2020-08-03,93.1
2020-08-10,93.25
2020-08-17,92.37
2020-08-24,92.72
2020-08-31,93.33
2020-09-07,92.93
2020-09-14,94.64
2020-09-21,93.84
2020-09-28,93.06
2020-10-05,93.68
2020-10-12,92.77
2020-10-19,94.04
2020-10-26,92.23
2020-11-02,92.75
2020-11-09,92.39
2020-11-16,91.79
2020-11-23,90.7
2020-11-30,90.98
2020-12-07,90.02
2020-12-14,90.32
2020-12-21,89.94
2020-12-28,90.1
2021-01-04,90.77
2021-01-11,90.24
2021-01-18,90.58
2021-01-25,91.04
2021-02-01,90.48
2021-02-08,90.36
2021-02-15,90.88
2021-02-22,91.98
2021-03-01,91.68
2021-03-08,91.92
2021-03-15,92.77
2021-03-22,93.02
2021-03-29,92.16
2021-04-05,91.56
2021-04-12,90.86
2021-04-19,91.28
2021-04-26,90.23
2021-05-03,90.32
2021-05-10,90.02
2021-05-17,90.03
2021-05-24,90.14
2021-05-31,90.56
2021-06-07,92.22
2021-06-14,91.85
2021-06-21,92.23
2021-06-28,92.13
2021-07-05,92.69
2021-07-12,92.91
2021-07-19,92.17
2021-07-26,92.8
2021-08-02,92.52
2021-08-09,93.5
2021-08-16,92.69
2021-08-23,92.03
2021-08-30,92.58
2021-09-06,93.19
2021-09-13,93.33
2021-09-20,94.03
2021-09-27,94.07
2021-10-04,93.94
2021-10-11,93.64
2021-10-18,94.12
2021-10-25,94.32
2021-11-01,95.13
2021-11-08,96.03
2021-11-15,96.09
2021-11-22,96.12
2021-11-29,96.1
2021-12-06,96.56
2021-12-13,96.02
2021-12-20,95.97
2021-12-27,95.72
2022-01-03,95.17
2022-01-10,95.64
2022-01-17,97.27
2022-01-24,95.48
2022-01-31,96.08
2022-02-07,96.04
2022-02-14,96.61
2022-02-21,98.65
2022-02-28,99.12
2022-03-07,98.23
2022-03-14,98.79
2022-03-21,98.63
2022-03-28,99.8
2022-04-04,100.32
2022-04-11,101.22
2022-04-18,102.96
2022-04-25,103.66
2022-05-02,104.56
2022-05-09,103.15
2022-05-16,101.67
2022-05-23,102.14
2022-05-30,104.15
2022-06-06,104.7
2022-06-13,104.19
2022-06-20,105.14
2022-06-27,107.01
2022-07-04,108.06
2022-07-11,106.73
2022-07-18,105.9
2022-07-25,106.62
2022-08-01,105.63
2022-08-08,108.17
2022-08-15,108.8
2022-08-22,109.53
2022-08-29,109.0
2022-09-05,109.76
2022-09-12,113.19
2022-09-19,112.12
2022-09-26,112.8
2022-10-03,113.31
2022-10-10,112.01
2022-10-17,110.75
2022-10-24,110.88
2022-10-31,106.29
2022-11-07,106.93
2022-11-14,105.96
2022-11-21,104.55
2022-11-28,104.81
2022-12-05,104.7
2022-12-12,104.31
2022-12-19,103.52
2022-12-26,103.88
2023-01-02,102.2
2023-01-09,102.01
2023-01-16,101.93
2023-01-23,102.92
2023-01-30,103.63
2023-02-06,103.86
2023-02-13,105.21
2023-02-20,104.52
2023-02-27,104.58
2023-03-06,103.71
2023-03-13,103.12
2023-03-20,102.51
2023-03-27,102.09
2023-04-03,101.55
2023-04-10,101.82
2023-04-17,101.66
2023-04-24,101.21
2023-05-01,102.68
2023-05-08,103.2
2023-05-15,104.21
2023-05-22,104.02
2023-05-29,103.56
2023-06-05,102.24
2023-06-12,102.9
2023-06-19,102.91
2023-06-26,102.27
2023-07-03,99.91
2023-07-10,101.07
2023-07-17,101.62
2023-07-24,102.02
2023-07-31,102.84
2023-08-07,103.38
2023-08-14,104.08
2023-08-21,104.24
2023-08-28,105.09
2023-09-04,105.32
2023-09-11,105.58
2023-09-18,106.22
2023-09-25,106.04
2023-10-02,106.65
2023-10-09,106.16
2023-10-16,106.56
2023-10-23,105.02
2023-10-30,105.86
2023-11-06,103.92
2023-11-13,103.4
2023-11-20,103.27
2023-11-27,104.01
2023-12-04,102.55
2023-12-11,101.7
2023-12-18,101.33
2023-12-25,102.41
2024-01-01,102.4
2024-01-08,103.29
2024-01-15,103.43
2024-01-22,103.92
2024-01-29,104.11
2024-02-05,104.3
2024-02-12,103.94
2024-02-19,103.86
2024-02-26,102.71
2024-03-04,103.43
2024-03-11,104.47
2024-03-18,104.55
2024-03-25,104.3
2024-04-01,106.04
2024-04-08,106.15
2024-04-15,105.94
2024-04-22,105.03
2024-04-29,105.3
2024-05-06,104.44
2024-05-13,104.72
2024-05-20,104.67
2024-05-27,104.89
2024-06-03,105.55
2024-06-10,105.8
2024-06-17,105.87
2024-06-24,104.88
2024-07-01,104.09
2024-07-08,104.4
2024-07-15,104.32
2024-07-22,103.21
2024-07-29,103.14
2024-08-05,102.46
2024-08-12,100.72
2024-08-19,101.7
2024-08-26,101.18
2024-09-02,101.11
2024-09-09,100.72
2024-09-16,100.38
2024-09-23,102.52
2024-09-30,102.89
2024-10-07,103.49
2024-10-14,104.26
2024-10-21,104.28
2024-10-28,105.0
2024-11-04,106.69
2024-11-11,107.55
2024-11-18,105.74
2024-11-25,106.06
2024-12-02,107.0
2024-12-09,107.62
2024-12-16,108.0
2024-12-23,108.95
2024-12-30,109.65
2025-01-06,109.35
2025-01-13,107.44
2025-01-20,108.37
2025-01-27,108.04
2025-02-03,106.71
2025-02-10,106.61
2025-02-17,107.61
2025-02-24,103.84
2025-03-03,103.72
2025-03-10,104.09
2025-03-17,104.04
2025-03-24,103.02
2025-03-31,100.1
2025-04-07,99.38
2025-04-14,99.47
2025-04-21,100.03
2025-04-28,100.34
2025-05-05,101.09
2025-05-12,99.11
2025-05-19,99.33
2025-05-26,99.19
2025-06-02,98.18
2025-06-09,98.71
2025-06-16,97.4
2025-06-23,96.96
2025-06-30,97.85
2025-07-07,98.48
2025-07-14,97.64
2025-07-21,99.14
2025-07-28,98.18
2025-08-04,97.85
2025-08-11,97.72
2025-08-18,97.77
2025-08-25,97.77
2025-09-01,97.55
2025-09-08,97.64
2025-09-15,98.15
2025-09-22,97.72
2025-09-29,98.98
2025-10-06,98.43
2025-10-13,98.95
2025-10-20,99.8
2025-10-27,99.6
2025-11-03,99.3
2025-11-10,100.18
2025-11-17,99.44
2025-11-24,98.99
2025-12-01,98.4
2025-12-08,98.6
2025-12-15,98.02
2025-12-22,98.42
2025-12-29,99.13
2026-01-05,99.39
2026-01-12,97.6
2026-01-19,96.99
2026-01-26,97.63
2026-02-02,96.92
2026-02-09,97.8
2026-02-16,97.61
2026-02-23,98.99
2026-03-02,100.36
2026-03-09,99.65
2026-03-16,100.15
2026-03-23,100.22
2026-03-30,98.65
2026-04-06,98.1
2026-04-13,98.53
2026-04-20,98.16
2026-04-27,97.9
2026-05-04,99.28
2026-05-11,99.24
2026-05-18,98.91
2026-05-25,100.07
2026-06-01,99.75
2026-06-08,100.85
2026-06-15,101.36
2026-06-22,100.86
2026-06-29,100.95
2026-07-06,100.76
2026-07-13,101.47
2026-07-20,99.91
2026-07-27,99.54
2026-08-03,99.67
2026-08-10,98.8
2026-08-17,99.7
2026-08-24,99.18
2026-08-31,99.12
2026-09-07,100.22
2026-09-14,100.22
2026-09-21,101.06
