date,sjc
2009-07-20,21140000
2009-07-27,21190000
2009-08-03,21190000
2009-08-10,21190000
2009-08-17,21190000
2009-08-24,21190000
2009-08-31,21190000
2009-09-07,21190000
2009-09-14,22130000
2009-09-21,22130000
2009-09-28,22230000
2009-10-05,23090000
2009-10-12,23520000
2009-10-19,23940000
2009-10-26,23850000
2009-11-02,25360000
2009-11-09,26300000
2009-11-16,27360000
2009-11-23,28200000
2009-11-30,28530000
2009-12-07,27300000
2009-12-14,26860000
2009-12-21,26560000
2009-12-28,26740000
2010-01-04,26830000
2010-01-11,26880000
2010-01-18,26380000
2010-01-25,26430000
2010-02-01,25000000
2010-02-08,26420000
2010-02-15,26600000
2010-02-22,26470000
2010-03-01,26780000
2010-03-08,26570000
2010-03-15,26510000
2010-03-22,26170000
2010-03-29,26150000
2010-04-05,26530000
2010-04-12,26480000
2010-04-19,26310000
2010-04-26,26560000
2010-05-03,27300000
2010-05-10,28220000
2010-05-17,27430000
2010-05-24,27730000
2010-05-31,27690000
2010-06-07,27930000
2010-06-14,28330000
2010-06-21,28530000
2010-06-28,28360000
2010-07-05,28220000
2010-07-12,28220000
2010-07-19,28110000
2010-07-26,27680000
2010-08-02,28030000
2010-08-09,28190000
2010-08-16,28820000
2010-08-23,28960000
2010-08-30,29300000
2010-09-06,29300000
2010-09-13,30000000
2010-09-20,30460000
2010-09-27,31340000
2010-10-04,32100000
2010-10-11,33210000
2010-10-18,32740000
2010-10-25,33030000
2010-11-01,34900000
2010-11-08,35850000
2010-11-15,35650000
2010-11-22,35770000
2010-11-29,36160000
2010-12-06,35860000
2010-12-13,35800000
2010-12-20,35810000
2010-12-27,36000000
2011-01-03,35450000
2011-01-10,35630000
2011-01-17,35260000
2011-01-24,35140000
2011-01-31,35540000
2011-02-07,35960000
2011-02-14,37580000
2011-02-21,37680000
2011-02-28,37640000
2011-03-07,36950000
2011-03-14,37150000
2011-03-21,36990000
2011-03-28,36980000
2011-04-04,37200000
2011-04-11,37190000
2011-04-18,37580000
2011-04-25,37790000
2011-05-02,37380000
2011-05-09,37520000
2011-05-16,37430000
2011-05-23,37610000
2011-05-30,37780000
2011-06-06,38010000
2011-06-13,37910000
2011-06-20,37890000
2011-06-27,37650000
2011-07-04,37820000
2011-07-11,38920000
2011-07-18,39320000
2011-07-25,40000000
2011-08-01,41500000
2011-08-08,44750000
2011-08-15,47250000
2011-08-22,46950000
2011-08-29,46650000
2011-09-05,47650000
2011-09-12,46650000
2011-09-19,46650000
2011-09-26,44200000
2011-10-03,43450000
2011-10-10,44150000
2011-10-17,43500000
2011-10-24,45250000
2011-10-31,45700000
2011-11-07,46150000
2011-11-14,45950000
2011-11-21,44450000
2011-11-28,45280000
2011-12-05,44820000
2011-12-12,43750000
2011-12-19,43550000
2011-12-26,41800000
2012-01-02,43500000
2012-01-09,43750000
2012-01-16,44550000
2012-01-23,44800000
2012-01-30,45400000
2012-02-06,44750000
2012-02-13,44750000
2012-02-20,45240000
2012-02-27,44750000
2012-03-05,44690000
2012-03-12,44270000
2012-03-19,43880000
2012-03-26,44000000
2012-04-02,43540000
2012-04-09,43380000
2012-04-16,42580000
2012-04-23,42950000
2012-04-30,42400000
2012-05-07,41750000
2012-05-14,41950000
2012-05-21,41450000
2012-05-28,41330000
2012-06-04,41860000
2012-06-11,42250000
2012-06-18,41820000
2012-06-25,41720000
2012-07-02,41880000
2012-07-09,41800000
2012-07-16,41780000
2012-07-23,42130000
2012-07-30,41970000
2012-08-06,42270000
2012-08-13,42540000
2012-08-20,44200000
2012-08-27,44520000
2012-09-03,45600000
2012-09-10,47240000
2012-09-17,47050000
2012-09-24,47460000
2012-10-01,48180000
2012-10-08,47730000
2012-10-15,46870000
2012-10-22,46290000
2012-10-29,46430000
2012-11-05,47120000
2012-11-12,46980000
2012-11-19,47140000
2012-11-26,47120000
2012-12-03,46880000
2012-12-10,46780000
2012-12-17,46300000
2012-12-24,46300000
2012-12-31,46360000
2013-01-07,45750000
2013-01-14,45800000
2013-01-21,45550000
2013-01-28,45450000
2013-02-04,45750000
2013-02-11,45750000
2013-02-18,45080000
2013-02-25,43500000
2013-03-04,44000000
2013-03-11,44050000
2013-03-18,43940000
2013-03-25,43830000
2013-04-01,43400000
2013-04-08,42980000
2013-04-15,41500000
2013-04-22,42900000
2013-04-29,42380000
2013-05-06,41410000
2013-05-13,40900000
2013-05-20,40830000
2013-05-27,41200000
2013-06-03,40890000
2013-06-10,40460000
2013-06-17,39200000
2013-06-24,37000000
2013-07-01,38100000
2013-07-08,37450000
2013-07-15,37780000
2013-07-22,38450000
2013-07-29,37570000
2013-08-05,37850000
2013-08-12,38150000
2013-08-19,37880000
2013-08-26,38450000
2013-09-02,38330000
2013-09-09,37550000
2013-09-16,37830000
2013-09-23,37480000
2013-09-30,37500000
2013-10-07,37350000
2013-10-14,37360000
2013-10-21,37340000
2013-10-28,36970000
2013-11-04,36700000
2013-11-11,36530000
2013-11-18,35990000
2013-11-25,35450000
2013-12-02,35350000
2013-12-09,35420000
2013-12-16,35120000
2013-12-23,35150000
2013-12-30,35090000
2014-01-06,35090000
2014-01-13,35090000
2014-01-20,35070000
2014-01-27,35360000
2014-02-03,35370000
2014-02-10,35940000
2014-02-17,36160000
2014-02-24,36170000
2014-03-03,36220000
2014-03-10,36270000
2014-03-17,36040000
2014-03-24,35550000
2014-03-31,35510000
2014-04-07,35790000
2014-04-14,35460000
2014-04-21,35500000
2014-04-28,35460000
2014-05-05,35480000
2014-05-12,36500000
2014-05-19,36740000
2014-05-26,36520000
2014-06-02,36320000
2014-06-09,36830000
2014-06-16,37000000
2014-06-23,36820000
2014-06-30,36840000
2014-07-07,36960000
2014-07-14,36860000
2014-07-21,36680000
2014-07-28,36610000
2014-08-04,36760000
2014-08-11,36720000
2014-08-18,36520000
2014-08-25,36520000
2014-09-01,36340000
2014-09-08,36000000
2014-09-15,36100000
2014-09-22,36010000
2014-09-29,35760000
2014-10-06,35820000
2014-10-13,35890000
2014-10-20,35720000
2014-10-27,35410000
2014-11-03,34990000
2014-11-10,35140000
2014-11-17,35390000
2014-11-24,35150000
2014-12-01,35200000
2014-12-08,35290000
2014-12-15,35270000
2014-12-22,35180000
2014-12-29,35150000
2015-01-05,35210000
2015-01-12,35460000
2015-01-19,35690000
2015-01-26,35340000
2015-02-02,35330000
2015-02-09,35420000
2015-02-16,35800000
2015-02-23,35550000
2015-03-02,35390000
2015-03-09,35340000
2015-03-16,35330000
2015-03-23,35330000
2015-03-30,35260000
2015-04-06,35240000
2015-04-13,35190000
2015-04-20,35100000
2015-04-27,35070000
2015-05-04,35040000
2015-05-11,35080000
2015-05-18,35010000
2015-05-25,34940000
2015-06-01,34820000
2015-06-08,34730000
2015-06-15,34760000
2015-06-22,34400000
2015-06-29,34340000
2015-07-06,34040000
2015-07-13,33500000
2015-07-20,33060000
2015-07-27,33040000
2015-08-03,32900000
2015-08-10,34200000
2015-08-17,35300000
2015-08-24,34450000
2015-08-31,34210000
2015-09-07,34130000
2015-09-14,34270000
2015-09-21,34140000
2015-09-28,33810000
2015-10-05,33940000
2015-10-12,34120000
2015-10-19,34000000
2015-10-26,33800000
2015-11-02,33500000
2015-11-09,33360000
2015-11-16,33400000
2015-11-23,33250000
2015-11-30,33020000
2015-12-07,33140000
2015-12-14,32990000
2015-12-21,33050000
2015-12-28,32900000
2016-01-04,33080000
2016-01-11,32870000
2016-01-18,32860000
2016-01-25,32890000
2016-02-01,33380000
2016-02-08,34400000
2016-02-15,33630000
2016-02-22,33600000
2016-02-29,34070000
2016-03-07,34030000
2016-03-14,33870000
2016-03-21,33400000
2016-03-28,33330000
2016-04-04,33250000
2016-04-11,33300000
2016-04-18,33430000
2016-04-25,33800000
2016-05-02,34030000
2016-05-09,34100000
2016-05-16,34010000
2016-05-23,33430000
2016-05-30,33400000
2016-06-06,33930000
2016-06-13,34380000
2016-06-20,35100000
2016-06-27,35580000
2016-07-04,37300000
2016-07-11,36870000
2016-07-18,36680000
2016-07-25,36570000
2016-08-01,36910000
2016-08-08,36650000
2016-08-15,36730000
2016-08-22,36580000
2016-08-29,36200000
2016-09-05,36420000
2016-09-12,36210000
2016-09-19,36340000
2016-09-26,36230000
2016-10-03,35500000
2016-10-10,35670000
2016-10-17,35670000
2016-10-24,35780000
2016-10-31,36500000
2016-11-07,36150000
2016-11-14,35800000
2016-11-21,35630000
2016-11-28,36200000
2016-12-05,36300000
2016-12-12,36150000
2016-12-19,36320000
2016-12-26,36450000
2017-01-02,36570000
2017-01-09,36720000
2017-01-16,36770000
2017-01-23,36800000
2017-01-30,37630000
2017-02-06,37020000
2017-02-13,37050000
2017-02-20,37030000
2017-02-27,36820000
2017-03-06,36580000
2017-03-13,36770000
2017-03-20,36630000
2017-03-27,36540000
2017-04-03,36600000
2017-04-10,37040000
2017-04-17,36850000
2017-04-24,36850000
2017-05-01,36650000
2017-05-08,36600000
2017-05-15,36700000
2017-05-22,36580000
2017-05-29,36420000
2017-06-05,36470000
2017-06-12,36360000
2017-06-19,36470000
2017-06-26,36370000
2017-07-03,36290000
2017-07-10,36340000
2017-07-17,36400000
2017-07-24,36300000
2017-07-31,36400000
2017-08-07,36530000
2017-08-14,36520000
2017-08-21,36450000
2017-08-28,36650000
2017-09-04,37280000
2017-09-11,36850000
2017-09-18,36700000
2017-09-25,36650000
2017-10-02,36570000
2017-10-09,36660000
2017-10-16,36520000
2017-10-23,36490000
2017-10-30,36600000
2017-11-06,36620000
2017-11-13,36550000
2017-11-20,36600000
2017-11-27,36530000
2017-12-04,36380000
2017-12-11,36500000
2017-12-18,36520000
2017-12-25,36560000
2018-01-01,36690000
2018-01-08,36800000
2018-01-15,36860000
2018-01-22,37150000
2018-01-29,36920000
2018-02-05,36780000
2018-02-12,37120000
2018-02-19,36990000
2018-02-26,36770000
2018-03-05,36770000
2018-03-12,36750000
2018-03-19,36820000
2018-03-26,36730000
2018-04-02,36800000
2018-04-09,36930000
2018-04-16,37030000
2018-04-23,36730000
2018-04-30,36750000
2018-05-07,36800000
2018-05-14,36650000
2018-05-21,36750000
2018-05-28,36720000
2018-06-04,36740000
2018-06-11,36970000
2018-06-18,36870000
2018-06-25,36780000
2018-07-02,36890000
2018-07-09,36970000
2018-07-16,36740000
2018-07-23,36860000
2018-07-30,36710000
2018-08-06,36780000
2018-08-13,36740000
2018-08-20,36730000
2018-08-27,36740000
2018-09-03,36770000
2018-09-10,36700000
2018-09-17,36700000
2018-09-24,36470000
2018-10-01,36520000
2018-10-08,36600000
2018-10-15,36660000
2018-10-22,36590000
2018-10-29,36560000
2018-11-05,36520000
2018-11-12,36600000
2018-11-19,36570000
2018-11-26,36490000
2018-12-03,36420000
2018-12-10,36380000
2018-12-17,36460000
2018-12-24,36480000
2018-12-31,36580000
2019-01-07,36730000
2019-01-14,36760000
2019-01-21,36540000
2019-01-28,37140000
2019-02-04,37140000
2019-02-11,36850000
2019-02-18,37020000
2019-02-25,36940000
2019-03-04,36620000
2019-03-11,36630000
2019-03-18,36710000
2019-03-25,36520000
2019-04-01,36500000
2019-04-08,36490000
2019-04-15,36390000
2019-04-22,36380000
2019-04-29,36280000
2019-05-06,36350000
2019-05-13,36410000
2019-05-20,36400000
2019-05-27,36470000
2019-06-03,37230000
2019-06-10,37400000
2019-06-17,38600000
2019-06-24,38750000
2019-07-01,39100000
2019-07-08,39100000
2019-07-15,39900000
2019-07-22,39670000
2019-07-29,39920000
2019-08-05,42350000
2019-08-12,42100000
2019-08-19,41750000
2019-08-26,42650000
2019-09-02,42500000
2019-09-09,41900000
2019-09-16,41950000
2019-09-23,42200000
2019-09-30,42050000
2019-10-07,41880000
2019-10-14,41750000
2019-10-21,41880000
2019-10-28,42100000
2019-11-04,41580000
2019-11-11,41470000
2019-11-18,41600000
2019-11-25,41330000
2019-12-02,41590000
2019-12-09,41460000
2019-12-16,41630000
2019-12-23,42320000
2019-12-30,42830000
2020-01-06,43400000
2020-01-13,43300000
2020-01-20,43650000
2020-01-27,44550000
2020-02-03,44000000
2020-02-10,44350000
2020-02-17,45300000
2020-02-24,46600000
2020-03-02,47350000
2020-03-09,47500000
2020-03-16,46800000
2020-03-23,47850000
2020-03-30,48150000
2020-04-06,48450000
2020-04-13,48250000
2020-04-20,48400000
2020-04-27,48650000
2020-05-04,48450000
2020-05-11,48670000
2020-05-18,48900000
2020-05-25,48770000
2020-06-01,48840000
2020-06-08,48770000
2020-06-15,48670000
2020-06-22,49180000
2020-06-29,49720000
2020-07-06,50570000
2020-07-13,50650000
2020-07-20,54870000
2020-07-27,57900000
2020-08-03,62200000
2020-08-10,57720000
2020-08-17,56750000
2020-08-24,56200000
2020-08-31,56800000
2020-09-07,56700000
2020-09-14,56550000
2020-09-21,55200000
2020-09-28,56150000
2020-10-05,56250000
2020-10-12,56300000
2020-10-19,56380000
2020-10-26,56200000
2020-11-02,56650000
2020-11-09,56400000
2020-11-16,56150000
2020-11-23,55000000
2020-11-30,55400000
2020-12-07,55250000
2020-12-14,55550000
2020-12-21,55800000
2020-12-28,56100000
2021-01-04,56700000
2021-01-11,56550000
2021-01-18,56500000
2021-01-25,56650000
2021-02-01,56650000
2021-02-08,57300000
2021-02-15,56250000
2021-02-22,56300000
2021-03-01,55850000
2021-03-08,55750000
2021-03-15,55400000
2021-03-22,55350000
2021-03-29,55100000
2021-04-05,55430000
2021-04-12,55480000
2021-04-19,55800000
2021-04-26,55800000
2021-05-03,55900000
2021-05-10,56120000
2021-05-17,56370000
2021-05-24,56540000
2021-05-31,57000000
2021-06-07,57550000
2021-06-14,56750000
2021-06-21,57000000
2021-06-28,56950000
2021-07-05,57600000
2021-07-12,57500000
2021-07-19,57500000
2021-07-26,57400000
2021-08-02,57250000
2021-08-09,57100000
2021-08-16,57150000
2021-08-23,57100000
2021-08-30,57350000
2021-09-06,57300000
2021-09-13,56600000
2021-09-20,57050000
2021-09-27,57200000
2021-10-04,57800000
2021-10-11,58000000
2021-10-18,58100000
2021-10-25,58450000
2021-11-01,58650000
2021-11-08,60200000
2021-11-15,61800000
2021-11-22,60250000
2021-11-29,60650000
2021-12-06,61200000
2021-12-13,61600000
2021-12-20,61550000
2021-12-27,61450000
2022-01-03,61420000
2022-01-10,61700000
2022-01-17,61700000
2022-01-24,62600000
2022-01-31,62600000
2022-02-07,61750000
2022-02-14,63500000
2022-02-21,66400000
2022-02-28,67550000
2022-03-07,69700000
2022-03-14,68800000
2022-03-21,69100000
2022-03-28,69000000
2022-04-04,68900000
2022-04-11,69600000
2022-04-18,70550000
2022-04-25,70150000
2022-05-02,70200000
2022-05-09,70150000
2022-05-16,69450000
2022-05-23,69400000
2022-05-30,69700000
2022-06-06,69600000
2022-06-13,68750000
2022-06-20,68600000
2022-06-27,68650000
2022-07-04,68500000
2022-07-11,68150000
2022-07-18,66300000
2022-07-25,66200000
2022-08-01,67900000
2022-08-08,67200000
2022-08-15,67100000
2022-08-22,66800000
2022-08-29,66650000
2022-09-05,66900000
2022-09-12,66500000
2022-09-19,66650000
2022-09-26,65750000
2022-10-03,65700000
2022-10-10,67000000
2022-10-17,67300000
2022-10-24,67200000
2022-10-31,67200000
2022-11-07,67600000
2022-11-14,67700000
2022-11-21,67600000
2022-11-28,67400000
2022-12-05,67400000
2022-12-12,66800000
2022-12-19,66900000
2022-12-26,66700000
2023-01-02,66900000
2023-01-09,67000000
2023-01-16,67700000
2023-01-23,68200000
2023-01-30,67500000
2023-02-06,67350000
2023-02-13,67150000
2023-02-20,66950000
2023-02-27,66850000
2023-03-06,66550000
2023-03-13,67150000
2023-03-20,67350000
2023-03-27,66900000
2023-04-03,67050000
2023-04-10,67300000
2023-04-17,67050000
2023-04-24,67100000
2023-05-01,67250000
2023-05-08,67250000
2023-05-15,67150000
2023-05-22,67100000
2023-05-29,67000000
2023-06-05,67000000
2023-06-12,67200000
2023-06-19,67000000
2023-06-26,67000000
2023-07-03,67050000
2023-07-10,67350000
2023-07-17,67150000
2023-07-24,67200000
2023-07-31,67250000
2023-08-07,67300000
2023-08-14,67650000
2023-08-21,67850000
2023-08-28,68250000
2023-09-04,68900000
2023-09-11,68550000
2023-09-18,69150000
2023-09-25,68850000
2023-10-02,69000000
2023-10-09,70150000
2023-10-16,70850000
2023-10-23,70550000
2023-10-30,70600000
2023-11-06,70300000
2023-11-13,70600000
2023-11-20,71450000
2023-11-27,73600000
2023-12-04,74000000
2023-12-11,74300000
2023-12-18,75800000
2023-12-25,77500000
2024-01-01,75000000
2024-01-08,75300000
2024-01-15,76700000
2024-01-22,76500000
2024-01-29,78500000
2024-02-05,78500000
2024-02-12,79000000
2024-02-19,79000000
2024-02-26,79600000
2024-03-04,81800000
2024-03-11,81400000
2024-03-18,80800000
2024-03-25,81500000
2024-04-01,80900000
2024-04-08,84200000
2024-04-15,83800000
2024-04-22,84600000
2024-04-29,85200000
2024-05-06,89500000
2024-05-13,89900000
2024-05-20,89500000
2024-05-27,87000000
2024-06-03,76980000
2024-06-10,76980000
2024-06-17,76980000
2024-06-24,76980000
2024-07-01,76980000
2024-07-08,76980000
2024-07-15,80000000
2024-07-22,79500000
2024-07-29,79800000
2024-08-05,78500000
2024-08-12,80000000
2024-08-19,81000000
2024-08-26,81000000
2024-09-02,80500000
2024-09-09,80500000
2024-09-16,82000000
2024-09-23,83500000
2024-09-30,84000000
2024-10-07,84500000
2024-10-14,86000000
2024-10-21,89000000
2024-10-28,90000000
2024-11-04,90000000
2024-11-11,90000000
2024-11-18,90000000
2024-11-25,85800000
2024-12-02,85300000
2024-12-09,85300000
2024-12-16,85300000
2024-12-23,85300000
2024-12-30,85500000
2025-01-06,86200000
2025-01-13,87300000
2025-01-20,88800000
2025-01-27,88800000
2025-02-03,90300000
2025-02-10,91300000
2025-02-17,91700000
2025-02-24,90500000
2025-03-03,93100000
2025-03-10,95800000
2025-03-17,97700000
2025-03-24,100200000
2025-03-31,101300000
2025-04-07,105200000
2025-04-14,120000000
2025-04-21,120500000
2025-04-28,121300000
2025-05-05,121500000
2025-05-12,118700000
2025-05-19,120500000
2025-05-26,118500000
2025-06-02,118000000
2025-06-09,120000000
2025-06-16,119400000
2025-06-23,119700000
2025-06-30,120900000
2025-07-07,119000000
2025-07-14,121000000
2025-07-21,121700000
2025-07-28,121400000
2025-08-04,124400000
2025-08-11,124500000
2025-08-18,125400000
2025-08-25,129300000
2025-09-01,134400000
2025-09-08,131400000
2025-09-15,132000000
2025-09-22,134500000
2025-09-29,137800000
2025-10-06,142200000
2025-10-13,153000000
2025-10-20,148500000
2025-10-27,148400000
2025-11-03,148400000
2025-11-10,153200000
2025-11-17,149800000
2025-11-24,154200000
2025-12-01,154900000
2025-12-08,155600000
2025-12-15,156400000
2025-12-22,159400000
2025-12-29,152800000
2026-01-05,158300000
2026-01-12,162800000
2026-01-19,172200000
2026-01-26,181000000
2026-02-02,176500000
2026-02-09,179000000
2026-02-16,181000000
2026-02-23,184000000
2026-03-02,183800000
2026-03-09,184800000
2026-03-16,176100000
2026-03-23,171600000
2026-03-30,174500000
2026-04-06,172700000
2026-04-13,171000000
2026-04-20,168000000
2026-04-27,166000000
2026-05-04,167500000
2026-05-11,164000000
2026-05-18,162000000
2026-05-25,158500000
2026-06-01,153200000
2026-06-08,145400000
2026-06-15,146700000
2026-06-22,147000000
2026-06-29,151400000
2026-07-06,149900000
2026-07-13,146600000
2026-07-20,140500000
2026-07-27,141900000
2026-08-03,142200000
2026-08-10,143300000
2026-08-17,147000000
2026-08-24,150200000
2026-08-31,148600000
2026-09-07,145400100
2026-09-14,147600600
2026-09-21,145500000
