date,stoxx
1/17/2000,368.38
1/24/2000,377.37
1/31/2000,381.41
2/7/2000,378.76
2/14/2000,385.34
2/21/2000,402.57
2/28/2000,402.26
3/6/2000,393.74
3/13/2000,402.36
3/20/2000,394.1
3/27/2000,393.39
4/3/2000,374.04
4/10/2000,381.36
4/17/2000,392.62
4/24/2000,395.34
5/1/2000,389
5/8/2000,375.78
5/15/2000,369.86
5/22/2000,394.83
5/29/2000,386.76
6/5/2000,385.49
6/12/2000,383.43
6/19/2000,376.74
6/26/2000,386.85
7/3/2000,391.82
7/10/2000,389.04
7/17/2000,379.83
7/24/2000,382.47
7/31/2000,389.28
8/7/2000,391.05
8/14/2000,391.71
8/21/2000,400.84
8/28/2000,395.47
9/4/2000,388.39
9/11/2000,376.19
9/18/2000,377.44
9/25/2000,380.45
10/2/2000,370.85
10/9/2000,377.5
10/16/2000,384.55
10/23/2000,386.52
10/30/2000,377.68
11/6/2000,380.39
11/13/2000,375.94
11/20/2000,366.97
11/27/2000,371.38
12/4/2000,361.67
12/11/2000,353.12
12/18/2000,359.79
12/25/2000,355.1
1/1/2001,353.85
1/8/2001,357.19
1/15/2001,361.36
1/22/2001,356.86
1/29/2001,350.29
2/5/2001,347.37
2/12/2001,333.86
2/19/2001,332.38
2/26/2001,334.74
3/5/2001,316.83
3/12/2001,307.14
3/19/2001,321.7
3/26/2001,316.68
4/2/2001,329.75
4/9/2001,333.21
4/16/2001,338.71
4/23/2001,336.17
4/30/2001,340.96
5/7/2001,346.09
5/14/2001,346
5/21/2001,341.57
5/28/2001,341.76
6/4/2001,327.89
6/11/2001,326.2
6/18/2001,329.35
6/25/2001,318.37
7/2/2001,317.17
7/9/2001,310.52
7/16/2001,310
7/23/2001,315.16
7/30/2001,303.19
8/6/2001,297.92
8/13/2001,305.61
8/20/2001,297.66
8/27/2001,281.17
9/3/2001,255.18
9/10/2001,235.9
9/17/2001,266.29
9/24/2001,270.51
10/1/2001,278.26
10/8/2001,273.11
10/15/2001,285.69
10/22/2001,280.35
10/29/2001,291.34
11/5/2001,296.91
11/12/2001,296.74
11/19/2001,288.95
11/26/2001,298.07
12/3/2001,283.72
12/10/2001,291.39
12/17/2001,298.73
12/24/2001,300.57
12/31/2001,294.61
1/7/2002,290.25
1/14/2002,293.51
1/21/2002,293.46
1/28/2002,284.34
2/4/2002,289.7
2/11/2002,280.89
2/18/2002,292.94
2/25/2002,301.36
3/4/2002,299.74
3/11/2002,300.32
3/18/2002,303.03
3/25/2002,298
4/1/2002,293.8
4/8/2002,298.54
4/15/2002,289.88
4/22/2002,287.54
4/29/2002,285.84
5/6/2002,289.26
5/13/2002,284.28
5/20/2002,279.03
5/27/2002,265.62
6/3/2002,253.3
6/10/2002,249.15
6/17/2002,254.04
6/24/2002,254.82
7/1/2002,234.86
7/8/2002,222.54
7/15/2002,215.1
7/22/2002,217.82
7/29/2002,228.56
8/5/2002,227.94
8/12/2002,234.58
8/19/2002,226.82
8/26/2002,220.22
9/2/2002,215.08
9/9/2002,202.26
9/16/2002,204.19
9/23/2002,196.44
9/30/2002,202.72
10/7/2002,215.06
10/14/2002,211.07
10/21/2002,210.47
10/28/2002,209.88
11/4/2002,214.59
11/11/2002,222.3
11/18/2002,222.47
11/25/2002,213.21
12/2/2002,205.63
12/9/2002,205.67
12/16/2002,199.83
12/23/2002,210.38
12/30/2002,207.82
1/6/2003,200.93
1/13/2003,189.62
1/20/2003,189
1/27/2003,183.77
2/3/2003,185.29
2/10/2003,186.06
2/17/2003,181.75
2/24/2003,171.77
3/3/2003,178.72
3/10/2003,192.45
3/17/2003,182.71
3/24/2003,188.31
3/31/2003,189.63
4/7/2003,193.71
4/14/2003,191.62
4/21/2003,195.16
4/28/2003,193.64
5/5/2003,197.51
5/12/2003,191.27
5/19/2003,196.54
5/26/2003,204.41
6/2/2003,203.6
6/9/2003,208.71
6/16/2003,204.94
6/23/2003,203.26
6/30/2003,206.65
7/7/2003,205.16
7/14/2003,205.79
7/21/2003,208.77
7/28/2003,208
8/4/2003,213.52
8/11/2003,218.15
8/18/2003,214.7
8/25/2003,220.17
9/1/2003,216
9/8/2003,219.39
9/15/2003,211.67
9/22/2003,216.13
9/29/2003,216.07
10/6/2003,220.13
10/13/2003,214.66
10/20/2003,221.53
10/27/2003,225.97
11/3/2003,225.28
11/10/2003,219.76
11/17/2003,223.3
11/24/2003,224.89
12/1/2003,224.67
12/8/2003,226.79
12/15/2003,227.03
12/22/2003,231.75
12/29/2003,232.83
1/5/2004,237.78
1/12/2004,237.89
1/19/2004,235.81
1/26/2004,235.86
2/2/2004,238.79
2/9/2004,243.23
2/16/2004,242.59
2/23/2004,246.12
3/1/2004,237.97
3/8/2004,235.55
3/15/2004,234.69
3/22/2004,243.34
3/29/2004,244.49
4/5/2004,243.98
4/12/2004,246.19
4/19/2004,239.05
4/26/2004,239.35
5/3/2004,234.04
5/10/2004,234.49
5/17/2004,236.93
5/24/2004,239.17
5/31/2004,241.65
6/7/2004,243
6/14/2004,242.04
6/21/2004,238.44
6/28/2004,237.32
7/5/2004,234.32
7/12/2004,232.8
7/19/2004,236.4
7/26/2004,229.97
8/2/2004,226.57
8/9/2004,229.09
8/16/2004,236.24
8/23/2004,237.95
8/30/2004,237.95
9/6/2004,241.11
9/13/2004,238.94
9/20/2004,241.85
9/27/2004,243.07
10/4/2004,239.49
10/11/2004,239.87
10/18/2004,240.3
10/25/2004,245.9
11/1/2004,249.2
11/8/2004,247.61
11/15/2004,247.78
11/22/2004,249.74
11/29/2004,248.18
12/6/2004,249.13
12/13/2004,250.98
12/20/2004,251.02
12/27/2004,254.72
1/3/2005,252.99
1/10/2005,253.42
1/17/2005,255.14
1/24/2005,261.92
1/31/2005,265.52
2/7/2005,266.01
2/14/2005,265.14
2/21/2005,267.91
2/28/2005,263.05
3/7/2005,261.69
3/14/2005,262.17
3/21/2005,263.43
3/28/2005,266.89
4/4/2005,261.85
4/11/2005,259.27
4/18/2005,256.06
4/25/2005,261.9
5/2/2005,260.15
5/9/2005,263.75
5/16/2005,266.1
5/23/2005,270.25
5/30/2005,273.63
6/6/2005,275.87
6/13/2005,276.32
6/20/2005,278.07
6/27/2005,278.47
7/4/2005,281.23
7/11/2005,281.66
7/18/2005,285.03
7/25/2005,283.85
8/1/2005,288.2
8/8/2005,288.48
8/15/2005,281.82
8/22/2005,286.71
8/29/2005,292.45
9/5/2005,293.88
9/12/2005,292.21
9/19/2005,297.4
9/26/2005,292.07
10/3/2005,288.91
10/10/2005,283.28
10/17/2005,283.52
10/24/2005,295.51
10/31/2005,299.85
11/7/2005,299.87
11/14/2005,302.31
11/21/2005,306.68
11/28/2005,306.86
12/5/2005,307.82
12/12/2005,309.7
12/19/2005,310.03
12/26/2005,317.1
1/2/2006,316.87
1/9/2006,312.46
1/16/2006,321.22
1/23/2006,321.77
1/30/2006,323.09
2/6/2006,327.31
2/13/2006,331.49
2/20/2006,327.59
2/27/2006,330.1
3/6/2006,334.41
3/13/2006,337.86
3/20/2006,334.44
3/27/2006,336.02
4/3/2006,334.36
4/10/2006,341.1
4/17/2006,336.48
4/24/2006,342.11
5/1/2006,333.68
5/8/2006,318.77
5/15/2006,323.17
5/22/2006,320.96
5/29/2006,311.01
6/5/2006,307.56
6/12/2006,313.17
6/19/2006,320.66
6/26/2006,321.35
7/3/2006,311.68
7/10/2006,314.56
7/17/2006,327.32
7/24/2006,327.87
7/31/2006,324.45
8/7/2006,330.98
8/14/2006,331.41
8/21/2006,336.43
8/28/2006,331.22
9/4/2006,335.68
9/11/2006,335.11
9/18/2006,341.43
9/25/2006,345.55
10/2/2006,352.38
10/9/2006,353.65
10/16/2006,354.55
10/23/2006,354.33
10/30/2006,358.47
11/6/2006,358.25
11/13/2006,355.98
11/20/2006,349.31
11/27/2006,356.34
12/4/2006,366.16
12/11/2006,362.45
12/18/2006,365.26
12/25/2006,365.69
1/1/2007,371.86
1/8/2007,374.23
1/15/2007,372.38
1/22/2007,378.98
1/29/2007,380.24
2/5/2007,380.81
2/12/2007,380.53
2/19/2007,360.67
2/26/2007,367.35
3/5/2007,359.06
3/12/2007,375.98
3/19/2007,374.22
3/26/2007,380.26
4/2/2007,383.33
4/9/2007,389.27
4/16/2007,386.1
4/23/2007,392.73
4/30/2007,389.78
5/7/2007,393.95
5/14/2007,393.48
5/21/2007,400.31
5/28/2007,385.09
6/4/2007,399.27
6/11/2007,392.43
6/18/2007,393.71
6/25/2007,397.27
7/2/2007,399.02
7/9/2007,392.59
7/16/2007,372.69
7/23/2007,372.03
7/30/2007,362.77
8/6/2007,359.98
8/13/2007,370.52
8/20/2007,375.94
8/27/2007,365.58
9/3/2007,367.75
9/10/2007,376.74
9/17/2007,377.86
9/24/2007,386.93
10/1/2007,390.63
10/8/2007,380.88
10/15/2007,383.95
10/22/2007,379.92
10/29/2007,367.57
11/5/2007,362.72
11/12/2007,357.74
11/19/2007,370.36
11/26/2007,372.88
12/3/2007,367.24
12/10/2007,364.49
12/17/2007,364.39
12/24/2007,352
12/31/2007,343.69
1/7/2008,327.53
1/14/2008,322.23
1/21/2008,328.42
1/28/2008,315.5
2/4/2008,317.36
2/11/2008,319.88
2/18/2008,318.95
2/25/2008,307.98
3/3/2008,304.15
3/10/2008,296.83
3/17/2008,306.69
3/24/2008,319.15
3/31/2008,310.74
4/7/2008,320.69
4/14/2008,321.7
4/21/2008,329.21
4/28/2008,324.85
5/5/2008,329.86
5/12/2008,319.02
5/19/2008,322.12
5/26/2008,310.29
6/2/2008,305.7
6/9/2008,295.08
6/16/2008,287.34
6/23/2008,279.53
6/30/2008,270.36
7/7/2008,280.69
7/14/2008,281.76
7/21/2008,280.24
7/28/2008,289.28
8/4/2008,287.25
8/11/2008,283.82
8/18/2008,288.18
8/25/2008,272.24
9/1/2008,280.41
9/8/2008,278.18
9/15/2008,265.92
9/22/2008,261.43
9/29/2008,205.13
10/6/2008,214.27
10/13/2008,198.82
10/20/2008,222.07
10/27/2008,219.6
11/3/2008,205.61
11/10/2008,182.13
11/17/2008,206.25
11/24/2008,189.84
12/1/2008,198.22
12/8/2008,196.43
12/15/2008,193.05
12/22/2008,204.46
12/29/2008,207.82
1/5/2009,192.96
1/12/2009,182.49
1/19/2009,191.23
1/26/2009,198.53
2/2/2009,191.27
2/9/2009,176.93
2/16/2009,172.92
2/23/2009,159.52
3/2/2009,168.57
3/9/2009,172.58
3/16/2009,177.17
3/23/2009,186.17
3/30/2009,188.06
4/6/2009,196.96
4/13/2009,195.82
4/20/2009,200.23
4/27/2009,209.51
5/4/2009,202.92
5/11/2009,207.01
5/18/2009,208.21
5/25/2009,210.76
6/1/2009,214.35
6/8/2009,208.28
6/15/2009,204.47
6/22/2009,204.08
6/29/2009,197.25
7/6/2009,210.67
7/13/2009,219.67
7/20/2009,224.91
7/27/2009,230.68
8/3/2009,228.77
8/10/2009,234.85
8/17/2009,237.51
8/24/2009,233.85
8/31/2009,241.74
9/7/2009,244.92
9/14/2009,238.95
9/21/2009,234.1
9/28/2009,242.73
10/5/2009,245.58
10/12/2009,244.89
10/19/2009,236.93
10/26/2009,241.06
11/2/2009,247.8
11/9/2009,243.62
11/16/2009,242.6
11/23/2009,249.03
11/30/2009,245.13
12/7/2009,246.19
12/14/2009,251.9
12/21/2009,253.16
12/28/2009,259.15
1/4/2010,256.44
1/11/2010,249.91
1/18/2010,246.96
1/25/2010,237.46
2/1/2010,241.02
2/8/2010,250.3
2/15/2010,245.8
2/22/2010,257.09
3/1/2010,258.4
3/8/2010,260.2
3/15/2010,263.59
3/22/2010,267.62
3/29/2010,269.74
4/5/2010,267.92
4/12/2010,267.42
4/19/2010,259.91
4/26/2010,237.18
5/3/2010,248.46
5/10/2010,237.11
5/17/2010,244.01
5/24/2010,244.53
5/31/2010,249.46
6/7/2010,255.5
6/14/2010,248.33
6/21/2010,237.27
6/28/2010,250.09
7/5/2010,248.11
7/12/2010,255.97
7/19/2010,255.35
7/26/2010,258.71
8/2/2010,255.56
8/9/2010,252.15
8/16/2010,251.24
8/23/2010,260.4
8/30/2010,264.7
9/6/2010,262.86
9/13/2010,263.97
9/20/2010,259.09
9/27/2010,262.27
10/4/2010,265.83
10/11/2010,266.75
10/18/2010,265.96
10/25/2010,271.97
11/1/2010,270.18
11/8/2010,269.5
11/15/2010,266.6
11/22/2010,270.94
11/29/2010,276.19
12/6/2010,276.42
12/13/2010,281.43
12/20/2010,275.81
12/27/2010,281.02
1/3/2011,283.77
1/10/2011,281.26
1/17/2011,280.45
1/24/2011,285.9
1/31/2011,287.99
2/7/2011,291.04
2/14/2011,284.12
2/21/2011,281.9
2/28/2011,275.42
3/7/2011,267.63
3/14/2011,276.02
3/21/2011,280.02
3/28/2011,281.68
4/4/2011,277.78
4/11/2011,280.47
4/18/2011,283.78
4/25/2011,281.33
5/2/2011,280.5
5/9/2011,279.65
5/16/2011,279.05
5/23/2011,273.67
5/30/2011,268.13
6/6/2011,267.17
6/13/2011,263.98
6/20/2011,274.92
6/27/2011,273.76
7/4/2011,266.91
7/11/2011,272.02
7/18/2011,265.25
7/25/2011,238.88
8/1/2011,230.57
8/8/2011,223.13
8/15/2011,225.52
8/22/2011,233.11
8/29/2011,224.59
9/5/2011,230.16
9/12/2011,216.19
9/19/2011,226.18
9/26/2011,231.99
10/3/2011,238.51
10/10/2011,238.93
10/17/2011,249
10/24/2011,239.76
10/31/2011,240.98
11/7/2011,232.17
11/14/2011,221.54
11/21/2011,240.73
11/28/2011,240.51
12/5/2011,233.71
12/12/2011,241.86
12/19/2011,244.54
12/26/2011,247.53
1/2/2012,249.18
1/9/2012,255.85
1/16/2012,255.4
1/23/2012,264.6
1/30/2012,261.24
2/6/2012,265.93
2/13/2012,264.77
2/20/2012,267.21
2/27/2012,265.44
3/5/2012,272.4
3/12/2012,265.65
3/19/2012,263.32
3/26/2012,259.07
4/2/2012,253.4
4/9/2012,257.79
4/16/2012,259.12
4/23/2012,253
4/30/2012,251.97
5/7/2012,238.88
5/14/2012,242.49
5/21/2012,235.09
5/28/2012,241.93
6/4/2012,244.21
6/11/2012,246.58
6/18/2012,251.17
6/25/2012,254.4
7/2/2012,256.26
7/9/2012,258.17
7/16/2012,259.81
7/23/2012,265.58
7/30/2012,269.88
8/6/2012,272.83
8/13/2012,268
8/20/2012,266.23
8/27/2012,272.3
9/3/2012,275.95
9/10/2012,275.78
9/17/2012,268.48
9/24/2012,274.11
10/1/2012,269.43
10/8/2012,274.08
10/15/2012,270.51
10/22/2012,274.85
10/29/2012,270.27
11/5/2012,262.86
11/12/2012,273.33
11/19/2012,275.78
11/26/2012,279.17
12/3/2012,279.4
12/10/2012,280.95
12/17/2012,278.78
12/24/2012,287.83
12/31/2012,287.08
1/7/2013,287.03
1/14/2013,289.72
1/21/2013,288.2
1/28/2013,287.34
2/4/2013,287.34
2/11/2013,288.57
2/18/2013,289.02
2/25/2013,295.55
3/4/2013,297.44
3/11/2013,294.04
3/18/2013,293.78
3/25/2013,287.13
4/1/2013,292.39
4/8/2013,285.21
4/15/2013,295.89
4/22/2013,301.04
4/29/2013,304.99
5/6/2013,308.72
5/13/2013,303.35
5/20/2013,300.88
5/27/2013,295.4
6/3/2013,291.13
6/10/2013,280.4
6/17/2013,285.02
6/24/2013,288.31
7/1/2013,296.2
7/8/2013,299.85
7/15/2013,298.91
7/22/2013,304.15
7/29/2013,305.92
8/5/2013,306.36
8/12/2013,304.71
8/19/2013,297.32
8/26/2013,306.1
9/2/2013,311.46
9/9/2013,314.2
9/16/2013,312.18
9/23/2013,309.89
9/30/2013,311.61
10/7/2013,318.47
10/14/2013,320.09
10/21/2013,321.5
10/28/2013,322.72
11/4/2013,323
11/11/2013,322.77
11/18/2013,325.16
11/25/2013,316.5
12/2/2013,309.75
12/9/2013,321.14
12/16/2013,327.68
12/23/2013,327.64
12/30/2013,329.95
1/6/2014,335.82
1/13/2014,324.75
1/20/2014,322.52
1/27/2014,325.09
2/3/2014,333.32
2/10/2014,336.09
2/17/2014,338.02
2/24/2014,333.06
3/3/2014,322.23
3/10/2014,327.91
3/17/2014,333.76
3/24/2014,339.18
3/31/2014,328.77
4/7/2014,332.43
4/14/2014,333.5
4/21/2014,337.76
4/28/2014,338.54
5/5/2014,338.99
5/12/2014,341.76
5/19/2014,344.24
5/26/2014,347.3
6/2/2014,347.07
6/9/2014,348.09
6/16/2014,341.97
6/23/2014,347.95
6/30/2014,336.91
7/7/2014,339.66
7/14/2014,341.95
7/21/2014,331.91
7/28/2014,324.91
8/4/2014,329.72
8/11/2014,336.75
8/18/2014,342
8/25/2014,347.57
9/1/2014,344.27
9/8/2014,348.52
9/15/2014,342.3
9/22/2014,335.19
9/29/2014,321.62
10/6/2014,318.68
10/13/2014,327.17
10/20/2014,336.8
10/27/2014,335.25
11/3/2014,335.63
11/10/2014,345.24
11/17/2014,347.25
11/24/2014,350.97
12/1/2014,330.54
12/8/2014,340.3
12/15/2014,343.89
12/22/2014,341.33
12/29/2014,337.93
1/5/2015,352.4
1/12/2015,370.37
1/19/2015,367.05
1/26/2015,373.31
2/2/2015,377.07
2/9/2015,382.27
2/16/2015,392.21
2/23/2015,394.18
3/2/2015,396.61
3/9/2015,404.01
3/16/2015,395.54
3/23/2015,397.8
3/30/2015,412.93
4/6/2015,403.69
4/13/2015,408.42
4/20/2015,394.66
4/27/2015,400.16
5/4/2015,396.45
5/11/2015,407.74
5/18/2015,399.87
5/25/2015,389
6/1/2015,389.38
6/8/2015,385.59
6/15/2015,396.85
6/22/2015,383.42
6/29/2015,388.8
7/6/2015,405.68
7/13/2015,394.64
7/20/2015,396.37
7/27/2015,397.07
8/3/2015,386.24
8/10/2015,361.28
8/17/2015,363.28
8/24/2015,353.11
8/31/2015,355.72
9/7/2015,354.77
9/14/2015,349.28
9/21/2015,347.86
9/28/2015,362.82
10/5/2015,363.13
10/12/2015,377.36
10/19/2015,375.47
10/26/2015,379.95
11/2/2015,369.53
11/9/2015,381.79
11/16/2015,383.67
11/23/2015,370.59
11/30/2015,355.79
12/7/2015,361.23
12/14/2015,366.28
12/21/2015,367.7
12/28/2015,341.35
1/4/2016,329.84
1/11/2016,338.36
1/18/2016,342.27
1/25/2016,325.9
2/1/2016,312.41
2/8/2016,326.37
2/15/2016,331.54
2/22/2016,341.8
2/29/2016,342.23
3/7/2016,341.71
3/14/2016,335.1
3/21/2016,333.15
3/28/2016,331.86
4/4/2016,342.79
4/11/2016,348.46
4/18/2016,341.48
4/25/2016,331.67
5/2/2016,334.68
5/9/2016,338.01
5/16/2016,349.64
5/23/2016,341.29
5/30/2016,332.92
6/6/2016,325.78
6/13/2016,321.98
6/20/2016,332.24
6/27/2016,327.35
7/4/2016,337.92
7/11/2016,340.33
7/18/2016,341.89
7/25/2016,341.38
8/1/2016,346.09
8/8/2016,340.14
8/15/2016,343.72
8/22/2016,350.44
8/29/2016,345.52
9/5/2016,337.82
9/12/2016,345.34
9/19/2016,342.92
9/26/2016,339.64
10/3/2016,339.95
10/10/2016,344.29
10/17/2016,340.8
10/24/2016,328.8
10/31/2016,337.5
11/7/2016,339.39
11/14/2016,342.45
11/21/2016,339.36
11/28/2016,355.38
12/5/2016,360.02
12/12/2016,359.98
12/19/2016,361.42
12/26/2016,365.45
1/2/2017,365.94
1/9/2017,362.58
1/16/2017,366.38
1/23/2017,364.07
1/30/2017,367.39
2/6/2017,370.22
2/13/2017,370.01
2/20/2017,375.23
2/27/2017,373.23
3/6/2017,378.32
3/13/2017,376.51
3/20/2017,381.14
3/27/2017,381.26
4/3/2017,380.58
4/10/2017,378.12
4/17/2017,387.09
4/24/2017,394.54
5/1/2017,395.63
5/8/2017,391.51
5/15/2017,391.35
5/22/2017,392.55
5/29/2017,390.39
6/5/2017,388.6
6/12/2017,387.62
6/19/2017,379.37
6/26/2017,380.18
7/3/2017,386.84
7/10/2017,380.16
7/17/2017,378.34
7/24/2017,382.53
7/31/2017,372.14
8/7/2017,374.2
8/14/2017,374.07
8/21/2017,376.14
8/28/2017,375.51
9/4/2017,380.71
9/11/2017,383.22
9/18/2017,388.16
9/25/2017,389.47
10/2/2017,391.42
10/9/2017,390.13
10/16/2017,393.43
10/23/2017,396.06
10/30/2017,388.69
11/6/2017,383.8
11/13/2017,386.63
11/20/2017,383.97
11/27/2017,389.25
12/4/2017,388.19
12/11/2017,390.28
12/18/2017,389.18
12/25/2017,397.35
1/1/2018,398.49
1/8/2018,400.88
1/15/2018,400.57
1/22/2018,388.07
1/29/2018,368.61
2/5/2018,380.62
2/12/2018,381.16
2/19/2018,367.04
2/26/2018,378.24
3/5/2018,377.71
3/12/2018,365.82
3/19/2018,370.87
3/26/2018,374.82
4/2/2018,379.2
4/9/2018,381.84
4/16/2018,384.64
4/23/2018,387.03
4/30/2018,392.4
5/7/2018,394.67
5/14/2018,391.08
5/21/2018,386.91
5/28/2018,385.12
6/4/2018,389.13
6/11/2018,385.01
6/18/2018,379.93
6/25/2018,382.36
7/2/2018,385.03
7/9/2018,385.62
7/16/2018,392.08
7/23/2018,389.16
7/30/2018,385.86
8/6/2018,381.06
8/13/2018,383.56
8/20/2018,382.26
8/27/2018,373.77
9/3/2018,377.85
9/10/2018,384.29
9/17/2018,383.18
9/24/2018,376.41
10/1/2018,358.95
10/8/2018,361.24
10/15/2018,352.34
10/22/2018,364.08
10/29/2018,365.74
11/5/2018,357.71
11/12/2018,353.98
11/19/2018,357.49
11/26/2018,345.45
12/3/2018,347.21
12/10/2018,336.67
12/17/2018,336.23
12/24/2018,343.38
12/31/2018,349.2
1/7/2019,357.05
1/14/2019,357.84
1/21/2019,359.71
1/28/2019,358.07
2/4/2019,368.94
2/11/2019,371.23
2/18/2019,374.24
2/25/2019,370.57
3/4/2019,381.1
3/11/2019,376.03
3/18/2019,379.09
3/25/2019,388.23
4/1/2019,387.53
4/8/2019,390.46
4/15/2019,391.01
4/22/2019,390.37
4/29/2019,377.14
5/6/2019,381.51
5/13/2019,375.89
5/20/2019,369.06
5/27/2019,377.48
6/3/2019,378.81
6/10/2019,384.76
6/17/2019,384.87
6/24/2019,390.11
7/1/2019,386.85
7/8/2019,387.25
7/15/2019,390.73
7/22/2019,378.15
7/29/2019,371.56
8/5/2019,369.63
8/12/2019,371.36
8/19/2019,379.48
8/26/2019,387.14
9/2/2019,391.79
9/9/2019,392.95
9/16/2019,391.79
9/23/2019,380.22
9/30/2019,391.61
10/7/2019,391.84
10/14/2019,398.01
10/21/2019,399.43
10/28/2019,405.42
11/4/2019,406.04
11/11/2019,403.98
11/18/2019,407.43
11/25/2019,407.35
12/2/2019,412.02
12/9/2019,418.4
12/16/2019,419.74
12/23/2019,418.33
12/30/2019,419.14
1/6/2020,424.56
1/13/2020,423.64
1/20/2020,410.71
1/27/2020,424.36
2/3/2020,430.52
2/10/2020,428.07
2/17/2020,375.65
2/24/2020,366.8
3/2/2020,299.16
3/9/2020,293.04
3/16/2020,310.9
3/23/2020,309.06
3/30/2020,331.8
4/6/2020,333.47
4/13/2020,329.59
4/20/2020,340.03
4/27/2020,341.05
5/4/2020,328.24
5/11/2020,340.17
5/18/2020,350.36
5/25/2020,375.32
6/1/2020,354.06
6/8/2020,365.46
6/15/2020,358.32
6/22/2020,365.43
6/29/2020,366.83
7/6/2020,372.71
7/13/2020,367.29
7/20/2020,356.33
7/27/2020,363.55
8/3/2020,368.07
8/10/2020,365.09
8/17/2020,368.8
8/24/2020,361.93
8/31/2020,367.96
9/7/2020,368.78
9/14/2020,355.51
9/21/2020,362.69
9/28/2020,370.35
10/5/2020,367.48
10/12/2020,362.5
10/19/2020,342.36
10/26/2020,366.4
11/2/2020,385.18
11/9/2020,389.61
11/16/2020,393.23
11/23/2020,394.04
11/30/2020,390.12
12/7/2020,395.9
12/14/2020,395.49
12/21/2020,400.25
12/28/2020,411.17
1/4/2021,407.85
1/11/2021,408.54
1/18/2021,395.85
1/25/2021,409.54
2/1/2021,414
2/8/2021,414.88
2/15/2021,404.99
2/22/2021,408.68
3/1/2021,423.08
3/8/2021,423.35
3/15/2021,426.93
3/22/2021,432.22
3/29/2021,437.23
4/5/2021,442.49
4/12/2021,439.04
4/19/2021,437.39
4/26/2021,444.93
5/3/2021,442.53
5/10/2021,444.44
5/17/2021,448.98
5/24/2021,452.57
5/31/2021,457.51
6/7/2021,452.05
6/14/2021,457.63
6/21/2021,456.81
6/28/2021,457.67
7/5/2021,454.74
7/12/2021,461.51
7/19/2021,461.74
7/26/2021,469.97
8/2/2021,475.83
8/9/2021,468.8
8/16/2021,472.34
8/23/2021,471.93
8/30/2021,466.34
9/6/2021,461.84
9/13/2021,463.29
9/20/2021,452.9
9/27/2021,457.29
10/4/2021,469.39
10/11/2021,471.88
10/18/2021,475.51
10/25/2021,483.44
11/1/2021,486.75
11/8/2021,486.08
11/15/2021,464.05
11/22/2021,462.77
11/29/2021,475.56
12/6/2021,473.9
12/13/2021,483.01
12/20/2021,488.71
12/27/2021,486.25
1/3/2022,481.16
1/10/2022,474.44
1/17/2022,465.55
1/24/2022,462.15
1/31/2022,469.57
2/7/2022,460.81
2/14/2022,453.53
2/21/2022,421.78
2/28/2022,431.17
3/7/2022,454.6
3/14/2022,453.55
3/21/2022,458.34
3/28/2022,460.97
4/4/2022,459.82
4/11/2022,453.31
4/18/2022,450.39
4/25/2022,429.91
5/2/2022,433.48
5/9/2022,431.1
5/16/2022,443.93
5/23/2022,440.09
5/30/2022,422.71
6/6/2022,403.25
6/13/2022,412.93
6/20/2022,407.13
6/27/2022,417.12
7/4/2022,413.78
7/11/2022,425.71
7/18/2022,438.29
7/25/2022,435.72
8/1/2022,440.87
8/8/2022,437.36
8/15/2022,426.09
8/22/2022,415.97
8/29/2022,420.37
9/5/2022,408.24
9/12/2022,390.4
9/19/2022,387.85
9/26/2022,391.67
10/3/2022,391.31
10/10/2022,396.29
10/17/2022,410.76
10/24/2022,416.98
10/31/2022,432.26
11/7/2022,433.33
11/14/2022,440.73
11/21/2022,443.29
11/28/2022,439.13
12/5/2022,424.74
12/12/2022,427.45
12/19/2022,424.89
12/26/2022,444.42
1/2/2023,452.54
1/9/2023,452.12
1/16/2023,455.17
1/23/2023,460.77
1/30/2023,457.89
2/6/2023,464.3
2/13/2023,457.7
2/20/2023,464.26
2/27/2023,453.76
3/6/2023,436.31
3/13/2023,440.11
3/20/2023,457.84
3/27/2023,458.94
4/3/2023,466.91
4/10/2023,469
4/17/2023,466.64
4/24/2023,465.31
5/1/2023,465.49
5/8/2023,468.85
5/15/2023,461.41
5/22/2023,462.15
5/29/2023,460.01
6/5/2023,466.8
6/12/2023,453.14
6/19/2023,461.93
6/26/2023,447.65
7/3/2023,460.83
7/10/2023,465.4
7/17/2023,470.78
7/24/2023,459.28
7/31/2023,459.17
8/7/2023,448.44
8/14/2023,451.39
8/21/2023,458.13
8/28/2023,454.66
9/4/2023,461.93
9/11/2023,453.26
9/18/2023,450.22
9/25/2023,444.93
10/2/2023,449.18
10/9/2023,433.73
10/16/2023,429.58
10/23/2023,444.24
10/30/2023,443.31
11/6/2023,455.82
11/13/2023,459.98
11/20/2023,466.2
11/27/2023,472.26
12/4/2023,476.61
12/11/2023,477.6
12/18/2023,479.02
12/25/2023,476.38
1/1/2024,476.76
1/8/2024,469.24
1/15/2024,483.84
1/22/2024,483.93
1/29/2024,484.83
2/5/2024,491.59
2/12/2024,497.25
2/19/2024,497.58
2/26/2024,503.26
3/4/2024,504.8
3/11/2024,509.64
3/18/2024,512.67
3/25/2024,506.55
4/1/2024,505.25
4/8/2024,499.29
4/15/2024,507.98
4/22/2024,505.53
4/29/2024,520.76
5/6/2024,522.94
5/13/2024,520.57
5/20/2024,518.17
5/27/2024,523.55
6/3/2024,511.05
6/10/2024,515.11
6/17/2024,511.42
6/24/2024,516.6
7/1/2024,524.08
7/8/2024,510.03
7/15/2024,512.83
7/22/2024,497.85
7/29/2024,499.19
8/5/2024,511.45
8/12/2024,518.13
8/19/2024,525.05
8/26/2024,506.56
9/2/2024,515.95
9/9/2024,514.26
9/16/2024,528.08
9/23/2024,518.56
9/30/2024,521.98
10/7/2024,524.99
10/14/2024,518.81
10/21/2024,510.9
10/28/2024,506.63
11/4/2024,503.12
11/11/2024,508.47
11/18/2024,510.25
11/25/2024,520.47
12/2/2024,516.45
12/9/2024,502.19
12/16/2024,507.18
12/23/2024,508.19
12/30/2024,511.5
1/6/2025,523.62
1/13/2025,530.07
1/20/2025,539.53
1/27/2025,542.75
2/3/2025,552.41
2/10/2025,553.85
2/17/2025,557.19
2/24/2025,553.35
3/3/2025,546.6
3/10/2025,549.67
3/17/2025,542.1
3/24/2025,496.33
3/31/2025,486.8
4/7/2025,506.42
4/14/2025,520.45
4/21/2025,536.43
4/28/2025,537.96
5/5/2025,549.26
5/12/2025,545.13
5/19/2025,548.67
5/26/2025,553.64
6/2/2025,544.94
6/9/2025,536.53
6/16/2025,543.63
6/23/2025,541.13
6/30/2025,547.34
7/7/2025,547
7/14/2025,549.95
7/21/2025,535.79
7/28/2025,547.08
8/4/2025,553.56
8/11/2025,561.3
8/18/2025,550.14
8/25/2025,549.21
9/1/2025,554.84
9/8/2025,554.12
9/15/2025,554.52
9/22/2025,570.45
9/29/2025,564.16
10/6/2025,566.24
10/13/2025,575.76
10/20/2025,571.89
10/27/2025,564.79
11/3/2025,574.81
11/10/2025,562.1
11/17/2025,576.43
11/24/2025,578.77
12/1/2025,578.24
12/8/2025,587.5
12/15/2025,588.73
12/22/2025,596.14
12/29/2025,609.67
1/5/2026,614.38
1/12/2026,608.34
1/19/2026,611
1/26/2026,617.12
2/2/2026,617.7
2/9/2026,630.56
2/16/2026,633.85
2/23/2026,598.69
3/2/2026,595.85
3/9/2026,573.28
3/16/2026,575.3
3/23/2026,596.63
3/30/2026,614.84
4/6/2026,626.58
4/13/2026,610.65
4/20/2026,611.28
4/27/2026,612.14
5/4/2026,606.92
5/11/2026,625.12
5/18/2026,626
5/25/2026,622.66
6/1/2026,633.21
6/8/2026,635.61
6/15/2026,635.88
6/22/2026,652.77
6/29/2026,641.1
7/6/2026,641.53
7/13/2026,644.51
7/20/2026,649.19
7/27/2026,660.25
8/3/2026,657.86
8/10/2026,654.18
8/17/2026,655.16
8/24/2026,649.88
8/31/2026,639.1
9/7/2026,635.45
9/14/2026,642.78
